{
    "global_accuracy_history": [
        7.33,
        35.21,
        52.93,
        65.7,
        70.95
    ],
    "local_accuracy_histories": {
        "0": [
            29.517663955688477,
            33.54280090332031,
            47.60530090332031,
            59.90149688720703,
            67.17051696777344
        ],
        "1": [
            30.28192901611328,
            35.19021987915039,
            48.81114196777344,
            59.20516586303711,
            65.45516204833984
        ],
        "2": [
            28.85529899597168,
            33.3220100402832,
            48.794158935546875,
            58.848506927490234,
            65.42119598388672
        ],
        "3": [
            27.377717971801758,
            33.88247299194336,
            49.20176696777344,
            59.56182098388672,
            65.57405090332031
        ],
        "4": [
            28.17595100402832,
            33.457881927490234,
            49.04891586303711,
            59.42595291137695,
            66.40625
        ],
        "5": [
            27.68342399597168,
            34.2561149597168,
            48.301631927490234,
            59.86752700805664,
            65.3362808227539
        ],
        "6": [
            27.29279899597168,
            33.848506927490234,
            47.911006927490234,
            60.52989196777344,
            66.38926696777344
        ],
        "7": [
            27.819293975830078,
            34.66372299194336,
            48.13179397583008,
            60.46195602416992,
            65.25135803222656
        ],
        "8": [
            28.70244598388672,
            33.746604919433594,
            49.52445602416992,
            60.36005401611328,
            65.59103393554688
        ],
        "9": [
            29.09307098388672,
            34.154212951660156,
            49.04891586303711,
            59.6467399597168,
            66.42323303222656
        ]
    },
    "config": {
        "data_path": "./datasets",
        "split_mode": "iid",
        "batch_select": "random",
        "client_num": 10,
        "subset_frac": 1,
        "classes_per_client": 4,
        "lr": 0.01,
        "epochs": 5,
        "local_epochs": 1,
        "bs": 128,
        "gamma": 0,
        "initial_neighbor_rate": 1,
        "participation_rate": 0.6,
        "communication_rounds": [
            1,
            1,
            1,
            1,
            1,
            1,
            1,
            1,
            1,
            1
        ],
        "test_batch_size": 32,
        "s_ratio": 1.0,
        "min_dense_params": 2048,
        "dense_keywords": [
            "bn",
            "running_mean",
            "running_var",
            "num_batches_tracked",
            "conv1",
            "fc."
        ],
        "use_fedbn": false,
        "lr_decay_step": 10,
        "lr_decay_beta": 0.9
    },
    "elapsed_seconds": 127.25031352043152,
    "elapsed_hms": "0:02:07",
    "run_params": {
        "client_num": 10,
        "local_epochs": 1
    }
}