{
    "global_accuracy_history": [
        10.0,
        29.63,
        53.3,
        64.88,
        74.14,
        77.83,
        78.79,
        80.27,
        80.25,
        81.58,
        82.12,
        82.77,
        83.5,
        84.18,
        85.3,
        85.17,
        85.04,
        85.71,
        85.79,
        86.42,
        85.75,
        85.61,
        86.14,
        86.01,
        86.29,
        87.06,
        87.09,
        87.18,
        87.21,
        86.96,
        87.48,
        87.61,
        87.82,
        87.88,
        87.33,
        87.9,
        88.03,
        87.85,
        87.63,
        87.72,
        88.45,
        88.42,
        88.6,
        88.23,
        88.98,
        88.74,
        88.98,
        88.93,
        88.98,
        89.35,
        89.23,
        89.55,
        89.43,
        89.55,
        89.76,
        89.83,
        89.59,
        89.79,
        89.4,
        89.72
    ],
    "local_accuracy_histories": {
        "0": [
            29.3,
            37.7,
            49.46666666666667,
            60.416666666666664,
            68.73333333333333,
            74.96666666666667,
            77.28333333333333,
            78.8,
            80.1,
            81.73333333333333,
            82.71666666666667,
            83.2,
            83.81666666666666,
            84.68333333333334,
            84.76666666666667,
            85.4,
            85.75,
            85.93333333333334,
            86.26666666666667,
            86.88333333333334,
            87.06666666666666,
            87.5,
            87.73333333333333,
            87.9,
            88.28333333333333,
            88.56666666666666,
            88.7,
            88.95,
            89.33333333333333,
            90.65,
            89.33333333333333,
            89.85,
            90.25,
            90.23333333333333,
            92.76666666666667,
            91.06666666666666,
            90.9,
            91.23333333333333,
            91.36666666666666,
            93.75,
            91.88333333333334,
            92.41666666666667,
            92.46666666666667,
            93.76666666666667,
            93.06666666666666,
            93.21666666666667,
            92.83333333333333,
            93.53333333333333,
            93.68333333333334,
            93.36666666666666,
            93.56666666666666,
            94.03333333333333,
            93.9,
            94.08333333333333,
            94.71666666666667,
            94.23333333333333,
            94.5,
            94.55,
            95.41666666666667,
            95.11666666666666
        ],
        "1": [
            27.75,
            35.63333333333333,
            49.25,
            59.6,
            68.56666666666666,
            74.23333333333333,
            77.41666666666667,
            79.16666666666667,
            80.88333333333334,
            81.61666666666666,
            82.1,
            82.86666666666666,
            83.31666666666666,
            84.3,
            85.3,
            85.63333333333334,
            86.0,
            86.5,
            87.16666666666667,
            87.46666666666667,
            87.51666666666667,
            88.08333333333333,
            88.41666666666667,
            88.38333333333334,
            88.8,
            89.08333333333333,
            89.41666666666667,
            89.93333333333334,
            89.65,
            90.08333333333333,
            90.33333333333333,
            90.56666666666666,
            90.63333333333334,
            90.48333333333333,
            91.06666666666666,
            91.38333333333334,
            91.1,
            91.25,
            91.18333333333334,
            91.46666666666667,
            91.86666666666666,
            91.85,
            91.8,
            92.43333333333334,
            92.66666666666667,
            92.46666666666667,
            93.05,
            93.03333333333333,
            93.21666666666667,
            93.3,
            93.58333333333333,
            93.48333333333333,
            94.06666666666666,
            95.31666666666666,
            94.11666666666666,
            94.43333333333334,
            96.9,
            94.5,
            95.31666666666666,
            95.11666666666666
        ],
        "2": [
            27.85,
            35.78333333333333,
            51.28333333333333,
            59.766666666666666,
            68.3,
            75.13333333333334,
            77.68333333333334,
            79.0,
            80.15,
            81.03333333333333,
            82.55,
            82.23333333333333,
            83.26666666666667,
            83.96666666666667,
            84.75,
            85.25,
            85.75,
            86.4,
            86.9,
            87.38333333333334,
            87.4,
            87.9,
            88.38333333333334,
            88.58333333333333,
            89.03333333333333,
            89.35,
            89.73333333333333,
            90.0,
            90.33333333333333,
            90.18333333333334,
            90.61666666666666,
            90.5,
            90.98333333333333,
            91.4,
            91.16666666666667,
            91.46666666666667,
            91.8,
            91.78333333333333,
            92.01666666666667,
            92.4,
            92.65,
            92.7,
            93.1,
            92.88333333333334,
            93.11666666666666,
            93.28333333333333,
            93.7,
            93.91666666666667,
            95.75,
            94.06666666666666,
            94.48333333333333,
            94.76666666666667,
            94.81666666666666,
            94.78333333333333,
            95.1,
            95.16666666666667,
            95.15,
            95.25,
            95.26666666666667,
            95.25
        ],
        "3": [
            27.2,
            36.65,
            49.5,
            60.13333333333333,
            67.3,
            73.46666666666667,
            76.66666666666667,
            78.35,
            79.68333333333334,
            80.8,
            81.91666666666667,
            82.43333333333334,
            83.36666666666666,
            84.33333333333333,
            85.01666666666667,
            85.63333333333334,
            86.13333333333334,
            86.61666666666666,
            88.41666666666667,
            87.3,
            87.8,
            88.18333333333334,
            88.46666666666667,
            88.68333333333334,
            88.91666666666667,
            89.08333333333333,
            89.31666666666666,
            89.23333333333333,
            89.81666666666666,
            90.6,
            90.66666666666667,
            90.55,
            90.73333333333333,
            90.73333333333333,
            91.35,
            91.21666666666667,
            91.53333333333333,
            91.56666666666666,
            91.95,
            91.83333333333333,
            92.06666666666666,
            92.61666666666666,
            92.4,
            92.51666666666667,
            92.8,
            93.56666666666666,
            93.3,
            93.26666666666667,
            93.65,
            93.4,
            93.56666666666666,
            94.38333333333334,
            94.16666666666667,
            94.3,
            94.4,
            94.68333333333334,
            94.55,
            94.73333333333333,
            94.78333333333333,
            95.13333333333334
        ],