{
    "global_accuracy_history": [
        13.15,
        50.72,
        73.38,
        80.83,
        87.08,
        81.27,
        86.66,
        89.27,
        88.92,
        88.57,
        89.92,
        88.8,
        89.17,
        90.27,
        90.2,
        90.31,
        90.09,
        90.25,
        89.96,
        89.58,
        90.14,
        90.41,
        90.5,
        90.38,
        89.21,
        90.46,
        90.0,
        90.18,
        90.61,
        90.49,
        90.36,
        90.96,
        90.86,
        90.71,
        90.8,
        91.11,
        91.15,
        91.21,
        91.13,
        91.19,
        91.12,
        91.12,
        91.21,
        91.14,
        91.11,
        91.17,
        91.11,
        91.12,
        91.1,
        91.12,
        91.06,
        91.11,
        91.09,
        91.04,
        91.08,
        91.08,
        91.06,
        91.06,
        91.06,
        91.08
    ],
    "local_accuracy_histories": {
        "0": [
            77.46,
            91.09666666666666,
            94.53666666666666,
            96.07666666666667,
            97.00333333333333,
            97.56166666666667,
            97.86,
            98.105,
            99.16333333333333,
            98.505,
            98.66166666666666,
            99.26333333333334,
            98.855,
            99.07,
            99.20333333333333,
            100.0,
            99.26166666666667,
            100.0,
            99.55166666666666,
            99.47,
            99.49166666666666,
            99.535,
            99.675,
            99.635,
            99.595,
            99.81666666666666,
            99.71666666666667,
            99.74833333333333,
            99.83166666666666,
            99.85833333333333,
            99.91833333333334,
            99.91666666666667,
            99.94666666666667,
            99.91666666666667,
            99.94166666666666,
            100.0,
            99.99166666666666,
            100.0,
            100.0,
            100.0,
            100.0,
            99.995,
            100.0,
            100.0,
            100.0,
            100.0,
            100.0,
            100.0,
            100.0,
            100.0,
            100.0,
            100.0,
            100.0,
            100.0,
            100.0,
            100.0,
            100.0,
            100.0,
            100.0,
            100.0
        ],
        "1": [
            76.67666666666666,
            90.47833333333334,
            95.01,
            97.06333333333333,
            97.59666666666666,
            98.08833333333334,
            99.01666666666667,
            98.38833333333334,
            98.65333333333334,
            98.89333333333333,
            99.085,
            99.12,
            99.48333333333333,
            99.22166666666666,
            99.24666666666667,
            99.3,
            99.48,
            99.52833333333334,
            99.55,
            99.56166666666667,
            99.68666666666667,
            99.58166666666666,
            99.68666666666667,
            99.92666666666666,
            99.64833333333333,
            99.81666666666666,
            99.80166666666666,
            99.91333333333333,
            99.89333333333333,
            100.0,
            99.89166666666667,
            99.99666666666667,
            99.99833333333333,
            100.0,
            99.98,
            100.0,
            100.0,
            100.0,
            100.0,
            100.0,
            100.0,
            100.0,
            100.0,
            100.0,
            100.0,
            100.0,
            100.0,
            100.0,
            100.0,
            100.0,
            100.0,
            100.0,
            100.0,
            100.0,
            100.0,
            100.0,
            100.0,
            100.0,
            100.0,
            100.0
        ],
        "2": [
            79.05333333333333,
            90.98166666666667,
            94.30166666666666,
            96.52666666666667,
            97.42666666666666,
            97.60166666666667,
            97.82833333333333,
            98.36666666666666,
            98.43333333333334,
            98.71333333333334,
            98.78833333333333,
            99.25833333333334,
            99.05333333333333,
            99.24333333333334,
            99.12166666666667,
            99.36333333333333,
            99.27333333333333,
            99.51666666666667,
            99.61,
            99.47833333333334,
            99.49666666666667,
            99.72833333333334,
            99.64666666666666,
            99.85166666666667,
            99.64333333333333,
            99.65,
            99.91666666666667,
            99.79666666666667,
            99.95333333333333,
            99.72333333333333,
            99.94833333333334,
            99.79833333333333,
            99.92166666666667,
            99.88833333333334,
            99.99333333333334,
            99.99833333333333,
            100.0,
            100.0,
            100.0,
            100.0,
            100.0,
            100.0,
            100.0,
            100.0,
            100.0,
            100.0,
            100.0,
            100.0,
            100.0,
            100.0,
            100.0,
            100.0,
            100.0,
            100.0,
            100.0,
            100.0,
            100.0,
            100.0,
            100.0,
            100.0
        ],
        "3": [
            76.97,
            90.85333333333334,
            94.45666666666666,
            96.56,
            97.08833333333334,
            98.33833333333334,
            97.98166666666667,
            98.20333333333333,
            98.43,
            98.885,
            98.88666666666667,
            99.005,
            99.15666666666667,
            99.26166666666667,
            99.39,
            99.35833333333333,
            99.33,
            99.575,
            99.58666666666667,
            99.49,
            99.68833333333333,
            99.65833333333333,
            99.745,
            99.78,
            99.72666666666667,
            99.78,
            99.88666666666667,
            100.0,
            99.92666666666666,
            99.99666666666667,
            99.79666666666667,
            99.87333333333333,
            99.96166666666667,
            99.99333333333334,
            100.0,
            100.0,
            100.0,
            100.0,
            100.0,
            100.0,
            100.0,
            100.0,
            100.0,
            100.0,
            100.0,
            100.0,
            100.0,
            100.0,
            100.0,
            100.0,
            100.0,
            100.0,
            100.0,
            100.0,
            100.0,
            100.0,
            100.0,
            100.0,
            100.0,
            100.0
        ],