{
    "global_accuracy_history": [
        10.0,
        20.79,
        41.37,
        48.65,
        60.39
    ],
    "local_accuracy_histories": {
        "0": [
            23.833333333333332,
            35.166666666666664,
            36.0,
            45.083333333333336,
            51.416666666666664
        ],
        "1": [
            26.25,
            26.583333333333332,
            39.083333333333336,
            45.0,
            52.0
        ],
        "2": [
            27.416666666666668,
            26.583333333333332,
            39.5,
            47.416666666666664,
            53.666666666666664
        ],
        "3": [
            24.083333333333332,
            26.666666666666668,
            37.333333333333336,
            44.25,
            48.583333333333336
        ],
        "4": [
            22.833333333333332,
            26.833333333333332,
            36.416666666666664,
            45.75,
            51.333333333333336
        ],
        "5": [
            23.916666666666668,
            25.583333333333332,
            37.083333333333336,
            46.0,
            50.583333333333336
        ],
        "6": [
            22.166666666666668,
            31.666666666666668,
            33.083333333333336,
            42.083333333333336,
            52.0
        ],
        "7": [
            26.833333333333332,
            29.25,
            37.083333333333336,
            46.583333333333336,
            54.0
        ],
        "8": [
            25.166666666666668,
            28.75,
            35.75,
            44.666666666666664,
            51.916666666666664
        ],
        "9": [
            25.583333333333332,
            28.0,
            38.25,
            47.666666666666664,
            54.583333333333336
        ]
    },
    "config": {
        "data_path": "./datasets",
        "split_mode": "iid",
        "batch_select": "periodic",
        "client_num": 10,
        "subset_frac": 0.2,
        "classes_per_client": 4,
        "lr": 0.01,
        "epochs": 5,
        "local_epochs": 1,
        "bs": 32,
        "gamma": 0,
        "initial_neighbor_rate": 1,
        "participation_rate": 0.6,
        "communication_rounds": [
            1,
            1,
            1,
            1,
            1,
            1,
            1,
            1,
            1,
            1
        ],
        "test_batch_size": 32,
        "s_ratio": 1.0,
        "min_dense_params": 2048,
        "dense_keywords": [
            "bn",
            "running_mean",
            "running_var",
            "num_batches_tracked",
            "conv1",
            "fc."
        ],
        "use_fedbn": false,
        "lr_decay_step": 10,
        "lr_decay_beta": 0.9
    },
    "elapsed_seconds": 67.71055030822754,
    "elapsed_hms": "0:01:07",
    "run_params": {
        "client_num": 10,
        "local_epochs": 1
    }
}