{
    "global_accuracy_history": [
        7.88,
        6.48,
        9.75,
        9.03,
        27.78,
        31.39,
        45.18,
        54.15,
        56.45,
        61.32,
        71.78,
        71.68,
        74.57,
        73.95,
        75.1,
        75.17,
        78.53,
        79.72,
        79.5,
        79.54,
        81.08,
        81.66,
        81.31,
        81.75,
        80.77,
        81.07,
        81.93,
        81.74,
        82.3,
        82.42,
        81.97,
        81.9,
        81.95,
        82.04,
        81.22,
        81.57,
        81.68,
        81.63,
        81.24,
        81.45,
        81.31,
        81.51,
        82.03,
        82.13,
        81.6,
        81.95,
        81.3,
        81.11,
        81.59,
        81.87
    ],
    "local_accuracy_histories": {
        "0": [
            36.33333206176758,
            65.58333587646484,
            77.79999542236328,
            81.06666564941406,
            69.4000015258789,
            80.76666259765625,
            77.93333435058594,
            84.73332977294922,
            88.38333129882812,
            92.79999542236328,
            91.1500015258789,
            94.1500015258789,
            90.81666564941406,
            94.44999694824219,
            96.53333282470703,
            97.71666717529297,
            95.08333587646484,
            96.94999694824219,
            98.53333282470703,
            98.78333282470703,
            98.8499984741211,
            99.41666412353516,
            98.01666259765625,
            99.48332977294922,
            98.23332977294922,
            99.46666717529297,
            99.73332977294922,
            99.96666717529297,
            99.93333435058594,
            100.0,
            100.0,
            100.0,
            99.98332977294922,
            99.98332977294922,
            99.69999694824219,
            99.96666717529297,
            99.44999694824219,
            99.98332977294922,
            99.98332977294922,
            99.96666717529297,
            99.88333129882812,
            99.96666717529297,
            99.66666412353516,
            99.9000015258789,
            99.98332977294922,
            99.88333129882812,
            99.96666717529297,
            99.86666870117188,
            99.75,
            99.96666717529297
        ],
        "1": [
            36.53333282470703,
            61.25,
            77.04999542236328,
            81.68333435058594,
            85.54999542236328,
            88.93333435058594,
            78.0999984741211,
            86.88333129882812,
            90.36666870117188,
            95.4000015258789,
            96.5,
            97.79999542236328,
            90.98332977294922,
            95.69999694824219,
            97.0999984741211,
            98.0999984741211,
            98.41666412353516,
            99.0,
            95.06666564941406,
            99.28333282470703,
            99.78333282470703,
            93.88333129882812,
            98.03333282470703,
            99.03333282470703,
            99.5999984741211,
            99.75,
            99.94999694824219,
            99.94999694824219,
            99.96666717529297,
            99.96666717529297,
            98.1500015258789,
            99.58333587646484,
            99.91666412353516,
            97.9000015258789,
            99.56666564941406,
            99.79999542236328,
            98.23332977294922,
            99.5999984741211,
            99.9000015258789,
            99.66666412353516,
            99.93333435058594,
            99.98332977294922,
            99.54999542236328,
            99.94999694824219,
            99.96666717529297,
            99.58333587646484,
            99.8499984741211,
            99.98332977294922,
            99.69999694824219,
            99.93333435058594
        ],
        "2": [
            38.93333435058594,
            70.0,
            78.96666717529297,
            83.18333435058594,
            63.14999771118164,
            80.33333587646484,
            82.21666717529297,
            88.04999542236328,
            86.96666717529297,
            92.4000015258789,
            94.76666259765625,
            96.28333282470703,
            91.29999542236328,
            95.19999694824219,
            97.31666564941406,
            98.44999694824219,
            94.71666717529297,
            98.19999694824219,
            97.46666717529297,
            99.63333129882812,
            97.18333435058594,
            99.29999542236328,
            97.71666717529297,
            99.56666564941406,
            99.8499984741211,
            99.91666412353516,
            99.93333435058594,
            100.0,
            98.36666870117188,
            99.88333129882812,
            99.94999694824219,
            100.0,
            99.13333129882812,
            99.81666564941406,
            98.94999694824219,
            99.78333282470703,
            99.46666717529297,
            99.88333129882812,
            99.91666412353516,
            99.96666717529297,
            99.96666717529297,
            100.0,
            99.54999542236328,
            99.93333435058594,
            99.96666717529297,
            100.0,
            99.8499984741211,
            99.93333435058594,
            99.69999694824219,
            99.91666412353516
        ],
        "3": [
            35.71666717529297,
            63.666664123535156,
            76.3499984741211,
            80.28333282470703,
            68.16666412353516,
            79.66666412353516,
            84.79999542236328,
            87.53333282470703,
            89.36666870117188,
            94.56666564941406,
            96.01666259765625,
            96.5999984741211,
            97.43333435058594,
            98.41666412353516,
            98.68333435058594,
            99.29999542236328,
            99.23332977294922,
            99.61666870117188,
            99.33333587646484,
            99.98332977294922,
            88.18333435058594,
            93.3499984741211,
            96.18333435058594,
            98.03333282470703,
            93.08333587646484,
            97.41666412353516,
            98.46666717529297,
            99.44999694824219,
            95.43333435058594,
            99.08333587646484,
            99.79999542236328,
            99.86666870117188,
            98.5,
            99.61666870117188,
            99.9000015258789,
            99.96666717529297,
            98.76666259765625,
            99.71666717529297,
            99.8499984741211,
            99.94999694824219,
            99.08333587646484,
            99.66666412353516,
            99.91666412353516,
            99.91666412353516,
            99.04999542236328,
            99.76666259765625,
            99.96666717529297,
            99.94999694824219,
            99.04999542236328,
            99.83333587646484
        ]
    },
    "config": {
        "data_path": "./datasets",
        "client_num": 5,
        "subset_frac": 1.0,
        "lr": 0.01,
        "epochs": 300,
        "local_epochs": 1,
        "bs": 32,
        "gamma": 0,
        "initial_neighbor_rate": 1,
        "communication_rate": 0.6,
        "communication_periods": [
            1,
            1,
            1,
            1,
            1
        ],
        "test_batch_size": 32,
        "s_ratio": 1.0,
        "min_dense_params": 2048,
        "dense_keywords": [
            "bn",
            "running_mean",
            "running_var",
            "num_batches_tracked",
            "conv1",
            "fc."
        ],
        "use_fedbn": false,
        "lr_decay_step": 10,
        "lr_decay_beta": 0.9
    },
    "run_params": {
        "client_num": 4,
        "local_epochs": 2
    }
}