{
    "global_accuracy_history": [
        15.64,
        27.46,
        80.51,
        84.51,
        84.51,
        83.83,
        86.34,
        85.94,
        86.85,
        86.12,
        87.52,
        87.81,
        88.22,
        86.44,
        87.35,
        87.47,
        88.52,
        87.35,
        88.54,
        88.06,
        88.68,
        88.69,
        89.14,
        89.66,
        89.2,
        89.12,
        89.24,
        89.5,
        89.87,
        88.44,
        87.59,
        90.03,
        89.05,
        89.82,
        88.97,
        89.93,
        90.25,
        89.89,
        89.02,
        88.47,
        90.11,
        88.97,
        89.78,
        90.2,
        89.91,
        89.71,
        90.13,
        90.61,
        89.39,
        90.43,
        89.88,
        89.13,
        90.13,
        90.58,
        90.37,
        89.56,
        89.97,
        90.26,
        90.52,
        90.98
    ],
    "local_accuracy_histories": {
        "0": [
            52.21666666666667,
            74.34166666666667,
            80.18333333333334,
            83.925,
            85.875,
            88.48333333333333,
            87.825,
            88.75833333333334,
            89.81666666666666,
            90.35,
            91.125,
            91.88333333333334,
            92.2,
            92.58333333333333,
            92.68333333333334,
            93.16666666666667,
            93.76666666666667,
            93.94166666666666,
            94.16666666666667,
            97.03333333333333,
            95.84166666666667,
            95.425,
            95.55,
            96.525,
            95.88333333333334,
            97.20833333333333,
            99.00833333333334,
            95.95,
            96.06666666666666,
            96.375,
            97.49166666666666,
            96.76666666666667,
            97.025,
            97.39166666666667,
            97.21666666666667,
            97.675,
            97.43333333333334,
            97.90833333333333,
            98.00833333333334,
            97.88333333333334,
            97.98333333333333,
            97.89166666666667,
            98.24166666666666,
            99.18333333333334,
            98.13333333333334,
            98.25,
            98.21666666666667,
            98.33333333333333,
            98.65,
            98.25,
            98.28333333333333,
            98.35,
            99.01666666666667,
            99.175,
            99.61666666666666,
            98.10833333333333,
            98.45,
            99.275,
            98.75,
            99.10833333333333
        ],
        "1": [
            50.791666666666664,
            72.96666666666667,
            81.05,
            84.68333333333334,
            86.29166666666667,
            87.68333333333334,
            88.75,
            89.65833333333333,
            90.54166666666667,
            91.16666666666667,
            91.69166666666666,
            92.51666666666667,
            92.81666666666666,
            92.73333333333333,
            93.09166666666667,
            94.01666666666667,
            93.45833333333333,
            93.76666666666667,
            94.65833333333333,
            94.94166666666666,
            95.05,
            95.9,
            95.44166666666666,
            96.4,
            95.54166666666667,
            95.81666666666666,
            96.1,
            96.38333333333334,
            96.475,
            96.79166666666667,
            97.26666666666667,
            97.44166666666666,
            97.55833333333334,
            98.15,
            97.525,
            97.55833333333334,
            98.08333333333333,
            98.025,
            98.05,
            98.39166666666667,
            98.23333333333333,
            98.525,
            98.86666666666666,
            98.45833333333333,
            98.64166666666667,
            98.78333333333333,
            98.83333333333333,
            98.775,
            98.73333333333333,
            99.3,
            98.85,
            99.16666666666667,
            99.60833333333333,
            99.34166666666667,
            99.28333333333333,
            98.6,
            99.08333333333333,
            98.76666666666667,
            99.5,
            99.275
        ],
        "2": [
            48.983333333333334,
            72.63333333333334,
            80.99166666666666,
            83.975,
            85.98333333333333,
            87.39166666666667,
            88.43333333333334,
            89.23333333333333,
            89.89166666666667,
            90.83333333333333,
            91.825,
            92.21666666666667,
            91.33333333333333,
            91.825,
            92.50833333333334,
            93.275,
            93.875,
            93.96666666666667,
            94.6,
            94.3,
            95.89166666666667,
            94.38333333333334,
            97.06666666666666,
            94.66666666666667,
            95.5,
            95.59166666666667,
            96.25,
            96.56666666666666,
            96.70833333333333,
            96.43333333333334,
            97.26666666666667,
            96.96666666666667,
            97.7,
            97.06666666666666,
            98.16666666666667,
            97.36666666666666,
            97.825,
            98.275,
            97.925,
            98.475,
            98.51666666666667,
            98.03333333333333,
            98.675,
            98.78333333333333,
            98.14166666666667,
            99.13333333333334,
            98.725,
            98.48333333333333,
            98.61666666666666,
            99.125,
            98.9,
            99.38333333333334,
            97.78333333333333,
            99.13333333333334,
            99.075,
            99.35833333333333,
            99.36666666666666,
            98.94166666666666,
            99.61666666666666,
            99.30833333333334
        ],
        "3": [
            51.99166666666667,
            69.68333333333334,
            80.14166666666667,
            83.95833333333333,
            85.74166666666666,
            86.86666666666666,
            88.11666666666666,
            88.53333333333333,
            89.74166666666666,
            90.31666666666666,
            90.66666666666667,
            91.31666666666666,
            92.16666666666667,
            92.31666666666666,
            97.25833333333334,
            92.95,
            93.93333333333334,
            94.15833333333333,
            94.6,
            94.54166666666667,
            94.51666666666667,
            94.525,
            94.68333333333334,
            95.30833333333334,
            95.8,
            95.38333333333334,
            96.3,
            96.80833333333334,
            96.61666666666666,
            96.575,
            97.425,
            96.675,
            96.875,
            97.76666666666667,
            97.69166666666666,
            97.675,
            98.025,
            97.425,
            97.8,
            97.575,
            98.28333333333333,
            98.275,
            98.30833333333334,
            98.34166666666667,
            98.63333333333334,
            98.59166666666667,
            98.975,
            97.79166666666667,
            98.75833333333334,
            98.93333333333334,
            98.64166666666667,
            99.175,
            98.83333333333333,
            98.33333333333333,
            99.13333333333334,
            98.825,
            99.3,
            99.19166666666666,
            99.24166666666666,
            99.35833333333333
        ],