{
    "global_accuracy_history": [
        10.0,
        10.09,
        62.76,
        69.28,
        79.87,
        80.24,
        87.39,
        87.93,
        88.51,
        87.85,
        89.63,
        89.58,
        89.41,
        89.65,
        89.85,
        89.75,
        89.74,
        90.59,
        89.14,
        89.87,
        90.45,
        89.32,
        90.12,
        89.89,
        89.7,
        89.59,
        89.66,
        90.34,
        90.21,
        90.73,
        90.3,
        90.51,
        89.58,
        90.27,
        90.24,
        90.67,
        90.39,
        91.12,
        89.9,
        89.66,
        89.95,
        89.21,
        88.71,
        89.82,
        89.48,
        90.42,
        90.23,
        90.74,
        90.97,
        90.47,
        90.95,
        91.1,
        91.49,
        90.85,
        91.28,
        91.24,
        91.45,
        91.53,
        91.66,
        91.62
    ],
    "local_accuracy_histories": {
        "0": [
            69.13333333333334,
            75.925,
            84.025,
            84.475,
            87.36666666666666,
            89.425,
            89.54166666666667,
            90.58333333333333,
            91.06666666666666,
            92.70833333333333,
            92.84166666666667,
            92.40833333333333,
            92.73333333333333,
            93.34166666666667,
            93.825,
            94.20833333333333,
            94.9,
            94.95,
            95.75,
            94.96666666666667,
            95.36666666666666,
            95.90833333333333,
            96.025,
            95.55,
            95.725,
            96.36666666666666,
            96.80833333333334,
            96.85833333333333,
            96.675,
            96.95,
            99.08333333333333,
            97.63333333333334,
            99.24166666666666,
            97.43333333333334,
            97.725,
            98.00833333333334,
            98.18333333333334,
            98.34166666666667,
            98.425,
            98.2,
            98.475,
            98.55833333333334,
            98.38333333333334,
            98.90833333333333,
            98.83333333333333,
            99.425,
            99.53333333333333,
            99.9,
            99.93333333333334,
            99.2,
            99.85833333333333,
            99.63333333333334,
            99.975,
            99.85,
            99.95,
            99.99166666666666,
            100.0,
            100.0,
            100.0,
            100.0
        ],
        "1": [
            65.35833333333333,
            77.55,
            83.48333333333333,
            86.23333333333333,
            88.375,
            89.625,
            90.94166666666666,
            90.95833333333333,
            91.71666666666667,
            92.63333333333334,
            92.90833333333333,
            96.775,
            93.66666666666667,
            96.11666666666666,
            95.33333333333333,
            95.15833333333333,
            95.625,
            96.03333333333333,
            96.10833333333333,
            95.98333333333333,
            96.26666666666667,
            96.39166666666667,
            96.80833333333334,
            97.125,
            97.175,
            97.35833333333333,
            97.48333333333333,
            97.68333333333334,
            97.6,
            98.06666666666666,
            98.425,
            98.35833333333333,
            98.01666666666667,
            98.05833333333334,
            98.83333333333333,
            98.79166666666667,
            98.975,
            98.775,
            99.40833333333333,
            99.35,
            98.925,
            99.46666666666667,
            99.23333333333333,
            99.43333333333334,
            99.15833333333333,
            99.475,
            99.70833333333333,
            99.825,
            99.9,
            99.98333333333333,
            99.64166666666667,
            99.91666666666667,
            100.0,
            99.93333333333334,
            100.0,
            99.7,
            99.975,
            100.0,
            100.0,
            100.0
        ],
        "2": [
            62.74166666666667,
            77.35833333333333,
            82.5,
            85.95833333333333,
            87.58333333333333,
            89.21666666666667,
            89.95,
            90.76666666666667,
            91.04166666666667,
            91.5,
            91.85833333333333,
            92.475,
            92.64166666666667,
            93.24166666666666,
            93.43333333333334,
            93.43333333333334,
            93.95,
            94.89166666666667,
            94.60833333333333,
            94.58333333333333,
            95.48333333333333,
            96.075,
            96.2,
            96.51666666666667,
            97.1,
            97.10833333333333,
            97.15833333333333,
            97.425,
            97.25833333333334,
            98.025,
            98.21666666666667,
            98.15,
            98.03333333333333,
            98.51666666666667,
            99.025,
            98.66666666666667,
            98.58333333333333,
            98.95,
            99.2,
            99.225,
            98.99166666666666,
            99.54166666666667,
            99.29166666666667,
            99.35,
            99.54166666666667,
            99.69166666666666,
            99.59166666666667,
            99.975,
            99.79166666666667,
            99.56666666666666,
            99.91666666666667,
            99.94166666666666,
            99.93333333333334,
            99.76666666666667,
            99.825,
            100.0,
            99.60833333333333,
            100.0,
            100.0,
            100.0
        ],
        "3": [
            67.13333333333334,
            78.30833333333334,
            82.54166666666667,
            85.38333333333334,
            87.18333333333334,
            88.28333333333333,
            89.28333333333333,
            90.01666666666667,
            90.6,
            91.29166666666667,
            91.58333333333333,
            92.40833333333333,
            93.18333333333334,
            93.725,
            95.65,
            93.75,
            94.54166666666667,
            94.925,
            95.625,
            95.59166666666667,
            97.7,
            95.925,
            96.44166666666666,
            96.84166666666667,
            96.66666666666667,
            97.5,
            97.875,
            97.04166666666667,
            97.69166666666666,
            97.96666666666667,
            97.93333333333334,
            98.05,
            97.975,
            98.08333333333333,
            98.53333333333333,
            98.575,
            98.68333333333334,
            98.50833333333334,
            98.85,
            99.125,
            98.4,
            99.4,
            98.825,
            99.19166666666666,
            99.15,
            99.51666666666667,
            99.275,
            99.11666666666666,
            99.43333333333334,
            99.7,
            99.69166666666666,
            99.79166666666667,
            99.65833333333333,
            99.8,
            99.65833333333333,
            99.93333333333334,
            99.25,
            99.79166666666667,
            99.95833333333333,
            99.79166666666667
        ],