{
    "global_accuracy_history": [
        11.31,
        43.11,
        75.96,
        82.04,
        83.66,
        84.84,
        84.6,
        84.88,
        85.95,
        86.79,
        86.66,
        87.3,
        87.81,
        88.61,
        88.86,
        88.4,
        89.24,
        89.08,
        89.32,
        88.9,
        89.21,
        89.68,
        88.46,
        89.25,
        89.22,
        90.04,
        90.2,
        89.7,
        89.17,
        90.28,
        90.39,
        89.59,
        89.6,
        90.11,
        89.47,
        89.9,
        89.87,
        89.33,
        90.23,
        89.28,
        89.88,
        89.36,
        89.82,
        90.5,
        90.45,
        90.7,
        90.35,
        90.6,
        90.28,
        90.92,
        91.06,
        91.08,
        90.67,
        90.88,
        90.82,
        90.72,
        90.99,
        91.08,
        91.11,
        90.62
    ],
    "local_accuracy_histories": {
        "0": [
            52.858333333333334,
            71.6,
            80.15833333333333,
            83.89166666666667,
            85.85833333333333,
            90.1,
            87.975,
            90.49166666666666,
            90.01666666666667,
            90.61666666666666,
            92.0,
            92.05833333333334,
            92.24166666666666,
            92.25833333333334,
            93.85833333333333,
            92.83333333333333,
            94.46666666666667,
            94.45,
            96.725,
            94.74166666666666,
            95.025,
            95.46666666666667,
            95.35833333333333,
            96.125,
            95.8,
            98.13333333333334,
            97.45,
            96.96666666666667,
            97.25,
            98.83333333333333,
            97.39166666666667,
            97.09166666666667,
            97.60833333333333,
            97.44166666666666,
            97.36666666666666,
            97.70833333333333,
            97.55,
            98.15,
            98.20833333333333,
            97.825,
            98.425,
            97.975,
            98.54166666666667,
            98.71666666666667,
            99.0,
            99.275,
            99.36666666666666,
            99.3,
            99.19166666666666,
            99.475,
            99.79166666666667,
            99.93333333333334,
            99.44166666666666,
            99.49166666666666,
            99.875,
            99.7,
            99.94166666666666,
            99.71666666666667,
            99.93333333333334,
            99.85
        ],
        "1": [
            47.09166666666667,
            70.05,
            80.60833333333333,
            84.325,
            86.30833333333334,
            88.06666666666666,
            88.94166666666666,
            89.66666666666667,
            90.66666666666667,
            91.58333333333333,
            91.95,
            93.91666666666667,
            93.94166666666666,
            93.64166666666667,
            94.46666666666667,
            94.30833333333334,
            94.30833333333334,
            95.04166666666667,
            95.575,
            94.9,
            95.60833333333333,
            96.05,
            96.06666666666666,
            96.475,
            96.38333333333334,
            96.56666666666666,
            98.1,
            96.63333333333334,
            97.075,
            97.15833333333333,
            97.49166666666666,
            97.85833333333333,
            98.10833333333333,
            98.28333333333333,
            97.80833333333334,
            98.44166666666666,
            98.725,
            98.5,
            98.60833333333333,
            98.61666666666666,
            98.70833333333333,
            99.16666666666667,
            98.85833333333333,
            99.2,
            99.15833333333333,
            99.28333333333333,
            98.99166666666666,
            99.70833333333333,
            99.64166666666667,
            99.83333333333333,
            99.8,
            99.75833333333334,
            99.59166666666667,
            99.90833333333333,
            99.76666666666667,
            99.79166666666667,
            100.0,
            99.93333333333334,
            99.975,
            99.525
        ],
        "2": [
            46.74166666666667,
            73.44166666666666,
            80.375,
            84.05833333333334,
            85.55833333333334,
            87.325,
            88.31666666666666,
            89.13333333333334,
            89.475,
            90.10833333333333,
            91.05,
            93.36666666666666,
            92.71666666666667,
            92.53333333333333,
            93.15833333333333,
            93.15,
            93.66666666666667,
            94.60833333333333,
            96.14166666666667,
            95.94166666666666,
            94.91666666666667,
            95.55,
            96.73333333333333,
            96.20833333333333,
            97.11666666666666,
            96.75833333333334,
            97.26666666666667,
            96.99166666666666,
            97.09166666666667,
            97.36666666666666,
            97.99166666666666,
            97.675,
            98.06666666666666,
            98.38333333333334,
            97.95,
            98.34166666666667,
            98.20833333333333,
            98.525,
            99.63333333333334,
            98.90833333333333,
            99.18333333333334,
            99.06666666666666,
            99.26666666666667,
            99.375,
            99.50833333333334,
            99.25,
            99.61666666666666,
            99.4,
            99.59166666666667,
            99.26666666666667,
            99.63333333333334,
            99.55833333333334,
            99.95,
            99.94166666666666,
            99.99166666666666,
            100.0,
            99.95833333333333,
            99.23333333333333,
            99.60833333333333,
            100.0
        ],
        "3": [
            48.34166666666667,
            73.15833333333333,
            79.94166666666666,
            83.58333333333333,
            85.56666666666666,
            87.04166666666667,
            88.1,
            89.15833333333333,
            89.36666666666666,
            90.11666666666666,
            91.01666666666667,
            91.55833333333334,
            91.5,
            92.75,
            93.04166666666667,
            93.46666666666667,
            94.1,
            94.0,
            94.09166666666667,
            93.85,
            94.3,
            94.84166666666667,
            95.20833333333333,
            95.56666666666666,
            95.75833333333334,
            96.58333333333333,
            97.4,
            97.55,
            96.75833333333334,
            97.36666666666666,
            97.54166666666667,
            97.46666666666667,
            97.85,
            97.93333333333334,
            98.24166666666666,
            97.83333333333333,
            98.54166666666667,
            99.175,
            98.6,
            98.725,
            98.76666666666667,
            98.775,
            98.925,
            99.25,
            99.35,
            99.475,
            99.225,
            99.05833333333334,
            99.78333333333333,
            99.56666666666666,
            99.69166666666666,
            99.98333333333333,
            99.09166666666667,
            99.93333333333334,
            99.88333333333334,
            99.96666666666667,
            99.98333333333333,
            99.98333333333333,
            99.98333333333333,
            100.0
        ],