{
    "global_accuracy_history": [
        10.0,
        10.0,
        10.0,
        10.0,
        10.0
    ],
    "local_accuracy_histories": {
        "0": [
            12.399999618530273,
            15.683333396911621,
            23.433332443237305,
            24.899999618530273,
            26.21666717529297
        ],
        "1": [
            11.866666793823242,
            15.566666603088379,
            22.66666603088379,
            24.94999885559082,
            25.616666793823242
        ],
        "2": [
            14.833333015441895,
            14.483333587646484,
            23.78333282470703,
            25.94999885559082,
            26.850000381469727
        ],
        "3": [
            9.983333587646484,
            20.383333206176758,
            24.08333396911621,
            26.0,
            27.183332443237305
        ],
        "4": [
            10.933333396911621,
            18.733333587646484,
            24.016666412353516,
            25.899999618530273,
            26.933332443237305
        ],
        "5": [
            14.633333206176758,
            19.850000381469727,
            23.0,
            25.100000381469727,
            26.19999885559082
        ],
        "6": [
            7.983333110809326,
            19.66666603088379,
            24.33333396911621,
            25.83333396911621,
            26.21666717529297
        ],
        "7": [
            9.566666603088379,
            21.316665649414062,
            23.53333282470703,
            24.91666603088379,
            26.100000381469727
        ],
        "8": [
            14.433333396911621,
            18.566665649414062,
            23.566665649414062,
            25.649999618530273,
            26.566665649414062
        ],
        "9": [
            15.449999809265137,
            15.633333206176758,
            23.766666412353516,
            25.933332443237305,
            26.266666412353516
        ]
    },
    "config": {
        "data_path": "./datasets",
        "split_mode": "iid",
        "batch_select": "random",
        "client_num": 10,
        "subset_frac": 1,
        "classes_per_client": 4,
        "lr": 0.01,
        "epochs": 5,
        "local_epochs": 1,
        "bs": 4096,
        "gamma": 0,
        "initial_neighbor_rate": 1,
        "participation_rate": 0.6,
        "communication_rounds": [
            1,
            1,
            1,
            1,
            1,
            1,
            1,
            1,
            1,
            1
        ],
        "test_batch_size": 32,
        "s_ratio": 1.0,
        "min_dense_params": 2048,
        "dense_keywords": [
            "bn",
            "running_mean",
            "running_var",
            "num_batches_tracked",
            "conv1",
            "fc."
        ],
        "use_fedbn": false,
        "lr_decay_step": 10,
        "lr_decay_beta": 0.9
    },
    "elapsed_seconds": 138.28612685203552,
    "elapsed_hms": "0:02:18",
    "run_params": {
        "client_num": 10,
        "local_epochs": 1
    }
}