{
    "global_accuracy_history": [
        11.03,
        47.41,
        37.17,
        81.62,
        83.31,
        83.78,
        83.82,
        85.12,
        85.57,
        86.18,
        85.65,
        86.42,
        86.82,
        85.22,
        86.64,
        88.32,
        87.64,
        88.84,
        87.41,
        89.04,
        89.07,
        88.84,
        88.22,
        89.08,
        89.29,
        88.99,
        89.52,
        89.11,
        88.9,
        89.55,
        89.69,
        89.54,
        89.75,
        90.0,
        89.39,
        89.5,
        90.01,
        89.02,
        90.02,
        89.52,
        88.4,
        89.11,
        89.29,
        89.54,
        90.79,
        90.1,
        90.28,
        90.67,
        90.44,
        90.75,
        90.52,
        90.42,
        90.4,
        90.77,
        90.65,
        90.94,
        90.51,
        90.8,
        90.76,
        90.1
    ],
    "local_accuracy_histories": {
        "0": [
            40.25,
            57.666666666666664,
            74.36666666666666,
            80.2,
            83.15,
            84.98333333333333,
            85.73333333333333,
            86.7,
            87.21666666666667,
            87.81666666666666,
            88.48333333333333,
            88.96666666666667,
            89.28333333333333,
            90.53333333333333,
            89.66666666666667,
            90.25,
            90.35,
            90.73333333333333,
            90.83333333333333,
            91.23333333333333,
            91.43333333333334,
            91.63333333333334,
            91.88333333333334,
            92.73333333333333,
            94.85,
            92.91666666666667,
            92.95,
            93.68333333333334,
            93.51666666666667,
            93.81666666666666,
            93.85,
            95.23333333333333,
            94.68333333333334,
            94.41666666666667,
            94.78333333333333,
            96.61666666666666,
            94.91666666666667,
            94.93333333333334,
            95.73333333333333,
            96.16666666666667,
            95.91666666666667,
            95.53333333333333,
            96.16666666666667,
            96.25,
            97.15,
            97.03333333333333,
            96.55,
            97.48333333333333,
            97.35,
            97.45,
            97.76666666666667,
            97.65,
            97.3,
            97.96666666666667,
            97.91666666666667,
            98.2,
            98.06666666666666,
            98.03333333333333,
            98.26666666666667,
            98.06666666666666
        ],
        "1": [
            41.016666666666666,
            58.21666666666667,
            75.88333333333334,
            79.61666666666666,
            83.11666666666666,
            84.88333333333334,
            86.16666666666667,
            87.1,
            87.73333333333333,
            88.15,
            88.4,
            89.23333333333333,
            89.73333333333333,
            89.93333333333334,
            90.43333333333334,
            92.71666666666667,
            90.7,
            91.4,
            91.4,
            92.1,
            92.06666666666666,
            92.28333333333333,
            92.65,
            92.48333333333333,
            92.55,
            93.05,
            92.98333333333333,
            93.58333333333333,
            93.46666666666667,
            94.73333333333333,
            93.93333333333334,
            94.4,
            94.61666666666666,
            94.73333333333333,
            95.08333333333333,
            95.2,
            95.63333333333334,
            95.58333333333333,
            95.98333333333333,
            95.9,
            96.13333333333334,
            96.58333333333333,
            96.91666666666667,
            96.93333333333334,
            96.65,
            97.65,
            96.75,
            96.88333333333334,
            97.41666666666667,
            96.8,
            97.16666666666667,
            97.48333333333333,
            97.85,
            97.33333333333333,
            97.95,
            97.7,
            98.06666666666666,
            98.21666666666667,
            98.08333333333333,
            98.41666666666667
        ],
        "2": [
            35.78333333333333,
            61.13333333333333,
            74.73333333333333,
            79.6,
            83.01666666666667,
            84.41666666666667,
            85.88333333333334,
            86.83333333333333,
            87.3,
            88.03333333333333,
            88.41666666666667,
            88.76666666666667,
            89.58333333333333,
            89.65,
            89.7,
            90.11666666666666,
            90.7,
            90.88333333333334,
            91.43333333333334,
            91.53333333333333,
            91.5,
            91.93333333333334,
            92.48333333333333,
            92.43333333333334,
            92.53333333333333,
            92.61666666666666,
            92.75,
            95.35,
            93.18333333333334,
            93.1,
            93.46666666666667,
            93.43333333333334,
            96.05,
            94.25,
            94.66666666666667,
            96.08333333333333,
            95.2,
            95.33333333333333,
            96.26666666666667,
            95.56666666666666,
            96.2,
            96.3,
            96.2,
            96.46666666666667,
            96.31666666666666,
            97.13333333333334,
            96.86666666666666,
            97.13333333333334,
            97.08333333333333,
            97.31666666666666,
            97.18333333333334,
            97.71666666666667,
            97.45,
            97.05,
            97.3,
            97.86666666666666,
            97.85,
            97.83333333333333,
            98.01666666666667,
            98.23333333333333
        ],
        "3": [
            39.15,
            59.166666666666664,
            75.26666666666667,
            80.23333333333333,
            82.96666666666667,
            84.83333333333333,
            86.06666666666666,
            87.03333333333333,
            89.06666666666666,
            87.93333333333334,
            88.66666666666667,
            88.68333333333334,
            89.43333333333334,
            90.55,
            90.13333333333334,
            90.58333333333333,
            90.7,
            91.21666666666667,
            91.56666666666666,
            91.31666666666666,
            91.48333333333333,
            91.61666666666666,
            92.23333333333333,
            92.5,
            92.58333333333333,
            92.78333333333333,
            93.18333333333334,
            93.2,
            93.38333333333334,
            93.83333333333333,
            93.81666666666666,
            94.1,
            94.1,
            94.45,
            94.91666666666667,
            95.4,
            95.45,
            95.15,
            95.71666666666667,
            96.18333333333334,
            97.75,
            96.16666666666667,
            96.61666666666666,
            96.78333333333333,
            96.75,
            97.05,
            97.08333333333333,
            97.26666666666667,
            96.76666666666667,
            97.55,
            97.56666666666666,
            97.65,
            98.0,
            97.45,
            98.2,
            98.26666666666667,
            97.95,
            98.38333333333334,
            98.31666666666666,
            98.36666666666666
        ],