{
    "global_accuracy_history": [
        10.27,
        34.79,
        76.71,
        82.43,
        84.62,
        84.8,
        87.07,
        86.13,
        87.05,
        87.64,
        87.37,
        87.45,
        87.88,
        87.6,
        88.24,
        88.79,
        88.81,
        88.8,
        88.97,
        88.91,
        88.86,
        89.4,
        89.31,
        89.11,
        89.6,
        89.36,
        89.0,
        89.46,
        89.1,
        89.18,
        89.25,
        89.56,
        89.64,
        89.69,
        89.86,
        89.67,
        89.74,
        89.72,
        89.65,
        89.55,
        89.33,
        89.62,
        89.31,
        89.75,
        89.62,
        89.8,
        89.7,
        89.62,
        89.68,
        89.75,
        89.65,
        89.77,
        89.58,
        89.72,
        89.64,
        89.78,
        89.7,
        89.69,
        89.8,
        89.69
    ],
    "local_accuracy_histories": {
        "0": [
            49.16,
            56.806666666666665,
            77.97333333333333,
            84.25333333333333,
            87.84,
            92.18,
            90.31666666666666,
            93.40666666666667,
            93.43,
            93.82,
            94.76,
            95.25333333333333,
            95.39,
            96.15,
            96.39333333333333,
            96.48333333333333,
            98.48333333333333,
            97.30333333333333,
            97.93,
            97.82666666666667,
            98.09666666666666,
            98.07,
            98.50333333333333,
            98.28333333333333,
            98.71666666666667,
            98.32333333333334,
            99.12666666666667,
            98.48,
            98.79333333333334,
            98.76666666666667,
            99.24,
            99.36,
            99.06666666666666,
            99.24666666666667,
            99.83666666666667,
            100.0,
            99.35666666666667,
            99.38666666666667,
            99.61666666666666,
            99.45,
            99.44,
            99.37,
            99.72,
            99.68333333333334,
            100.0,
            99.82666666666667,
            99.87333333333333,
            99.91333333333333,
            99.92333333333333,
            99.97333333333333,
            99.94333333333333,
            99.96,
            99.93666666666667,
            99.98333333333333,
            99.99,
            99.85,
            99.99333333333334,
            99.97333333333333,
            100.0,
            99.98666666666666
        ],
        "1": [
            41.43,
            56.836666666666666,
            77.43666666666667,
            83.96666666666667,
            87.55,
            90.32666666666667,
            91.45,
            92.44666666666667,
            93.85333333333334,
            94.11333333333333,
            95.27333333333333,
            95.94,
            96.19666666666667,
            96.21,
            97.10666666666667,
            97.08666666666667,
            97.10666666666667,
            97.48666666666666,
            97.49,
            97.92333333333333,
            97.86666666666666,
            98.16333333333333,
            98.18,
            98.46666666666667,
            98.49,
            99.65,
            98.75,
            98.98,
            99.06,
            98.94,
            98.91333333333333,
            99.33333333333333,
            99.07333333333334,
            99.58666666666667,
            99.4,
            99.24333333333334,
            99.26333333333334,
            99.57666666666667,
            99.50666666666666,
            99.56,
            99.65333333333334,
            99.80333333333333,
            99.82333333333334,
            99.94333333333333,
            99.89333333333333,
            99.79666666666667,
            99.7,
            99.95666666666666,
            99.95666666666666,
            99.93,
            99.98,
            99.96,
            99.98666666666666,
            99.99333333333334,
            99.98666666666666,
            100.0,
            99.97,
            99.99333333333334,
            100.0,
            100.0
        ],
        "2": [
            40.20333333333333,
            52.26,
            77.71666666666667,
            84.13333333333334,
            87.47,
            89.62333333333333,
            90.61,
            92.06333333333333,
            93.32333333333334,
            93.36,
            94.65333333333334,
            94.90666666666667,
            95.66333333333333,
            95.78666666666666,
            96.12333333333333,
            95.95666666666666,
            96.52,
            96.94666666666667,
            97.28333333333333,
            97.53666666666666,
            97.78,
            97.75333333333333,
            98.34666666666666,
            98.75666666666666,
            98.02333333333333,
            98.48333333333333,
            98.53666666666666,
            99.03333333333333,
            98.70666666666666,
            98.84,
            98.91,
            98.99333333333334,
            99.04333333333334,
            99.23666666666666,
            98.98666666666666,
            99.15333333333334,
            99.17333333333333,
            99.17666666666666,
            99.3,
            99.18666666666667,
            99.49,
            99.59666666666666,
            99.81666666666666,
            99.83,
            99.67333333333333,
            99.73666666666666,
            99.88333333333334,
            99.99666666666667,
            99.82333333333334,
            99.92666666666666,
            99.82,
            99.97666666666667,
            99.97333333333333,
            99.98333333333333,
            99.99666666666667,
            99.98666666666666,
            99.98666666666666,
            99.99333333333334,
            99.99,
            99.99666666666667
        ],
        "3": [
            42.803333333333335,
            59.483333333333334,
            77.82666666666667,
            83.65666666666667,
            86.94,
            89.81666666666666,
            90.79,
            92.71,
            93.44,
            94.26333333333334,
            94.99,
            95.14333333333333,
            95.68666666666667,
            95.75666666666666,
            96.13,
            96.86,
            96.93333333333334,
            97.34,
            97.62333333333333,
            97.92,
            97.82333333333334,
            98.16,
            98.26,
            98.68333333333334,
            98.18,
            98.50666666666666,
            98.77666666666667,
            98.93666666666667,
            98.83,
            98.81666666666666,
            99.17666666666666,
            99.07,
            99.17333333333333,
            99.55333333333333,
            99.24333333333334,
            99.64666666666666,
            99.39333333333333,
            99.81666666666666,
            99.47,
            99.65666666666667,
            99.73333333333333,
            99.72,
            99.9,
            99.73333333333333,
            99.94666666666667,
            99.78666666666666,
            99.91,
            99.62666666666667,
            99.96666666666667,
            99.98,
            99.98,
            99.96,
            99.98666666666666,
            99.98333333333333,
            99.98,
            99.98,
            99.99333333333334,
            99.98333333333333,
            99.99,
            100.0
        ],