{
    "global_accuracy_history": [
        10.0,
        30.72,
        62.62,
        85.47,
        85.41,
        86.26,
        87.62,
        88.22,
        88.55,
        86.99,
        89.09,
        88.96,
        88.73,
        89.51,
        88.95,
        88.38,
        89.04,
        88.49,
        88.71,
        89.02,
        89.17,
        89.42,
        89.75,
        89.16,
        89.55,
        89.82,
        89.54,
        90.08,
        89.72,
        90.24,
        89.84,
        89.56,
        89.84,
        90.15,
        89.81,
        89.44,
        90.06,
        89.62,
        89.7,
        90.0,
        90.36,
        90.5,
        90.06,
        90.09,
        90.23,
        90.56,
        90.91,
        90.16,
        89.78,
        90.52,
        89.86,
        90.63,
        89.61,
        90.01,
        90.46,
        90.63,
        90.75,
        90.64,
        90.63,
        90.59
    ],
    "local_accuracy_histories": {
        "0": [
            58.263333333333335,
            76.05333333333333,
            85.43,
            88.98,
            91.37,
            94.31333333333333,
            93.86,
            94.44333333333333,
            95.39,
            96.15,
            96.53666666666666,
            96.52,
            96.47666666666667,
            96.84333333333333,
            97.17,
            97.22333333333333,
            97.62333333333333,
            97.77666666666667,
            97.88,
            97.94333333333333,
            98.06666666666666,
            98.39,
            98.46333333333334,
            98.58666666666667,
            100.0,
            98.42333333333333,
            98.72666666666667,
            99.99666666666667,
            98.82333333333334,
            98.81,
            98.92333333333333,
            99.53333333333333,
            99.14,
            99.27666666666667,
            99.33,
            99.11333333333333,
            99.08,
            99.54,
            99.57,
            99.59666666666666,
            99.82666666666667,
            99.77,
            99.35333333333334,
            99.56,
            99.74333333333334,
            99.74666666666667,
            99.65,
            99.85333333333334,
            99.62,
            99.58666666666667,
            99.79,
            99.92,
            99.39333333333333,
            100.0,
            99.98666666666666,
            100.0,
            100.0,
            100.0,
            100.0,
            100.0
        ],
        "1": [
            57.693333333333335,
            76.47666666666667,
            85.4,
            89.79666666666667,
            92.67333333333333,
            94.5,
            94.01333333333334,
            98.91333333333333,
            95.44,
            96.22333333333333,
            96.55666666666667,
            96.82666666666667,
            97.12333333333333,
            97.59666666666666,
            97.51,
            97.92666666666666,
            97.91333333333333,
            98.32,
            98.27666666666667,
            98.27333333333333,
            98.27,
            98.46666666666667,
            98.47,
            98.93333333333334,
            98.86333333333333,
            98.79666666666667,
            98.97,
            98.96666666666667,
            98.91333333333333,
            98.93666666666667,
            99.14,
            99.17333333333333,
            99.59666666666666,
            99.37333333333333,
            99.31333333333333,
            99.26666666666667,
            99.72333333333333,
            99.94333333333333,
            99.33666666666667,
            99.61,
            99.57666666666667,
            99.65666666666667,
            99.45,
            99.81,
            99.40333333333334,
            99.60333333333334,
            99.77666666666667,
            99.98,
            99.50333333333333,
            99.67,
            99.86666666666666,
            99.37666666666667,
            99.99,
            99.99333333333334,
            99.99666666666667,
            100.0,
            100.0,
            100.0,
            100.0,
            100.0
        ],
        "2": [
            56.04666666666667,
            76.89,
            85.42666666666666,
            89.44666666666667,
            91.6,
            93.11,
            94.10666666666667,
            94.95333333333333,
            95.81,
            95.93,
            95.79666666666667,
            97.37666666666667,
            96.51,
            96.89333333333333,
            97.11666666666666,
            97.33333333333333,
            97.37333333333333,
            97.64333333333333,
            98.04,
            98.01333333333334,
            98.28,
            98.46666666666667,
            98.40333333333334,
            98.27666666666667,
            98.82,
            98.40333333333334,
            98.57666666666667,
            98.78666666666666,
            98.89666666666666,
            98.77666666666667,
            98.86666666666666,
            99.06333333333333,
            99.09,
            99.00666666666666,
            98.96,
            99.29333333333334,
            99.08333333333333,
            99.24666666666667,
            99.38333333333334,
            99.4,
            99.06333333333333,
            99.43333333333334,
            99.99,
            99.01333333333334,
            99.91666666666667,
            99.58,
            99.91666666666667,
            99.55,
            99.93666666666667,
            99.61333333333333,
            99.95333333333333,
            99.48,
            99.99333333333334,
            99.44,
            100.0,
            100.0,
            100.0,
            100.0,
            100.0,
            100.0
        ],
        "3": [
            54.693333333333335,
            78.81,
            85.74333333333334,
            89.14333333333333,
            91.44666666666667,
            92.99,
            94.15666666666667,
            94.8,
            95.27,
            95.97333333333333,
            96.19333333333333,
            96.83666666666667,
            96.66333333333333,
            97.12,
            97.6,
            97.48333333333333,
            98.30333333333333,
            98.92,
            98.08,
            100.0,
            98.38333333333334,
            98.62,
            98.5,
            98.88666666666667,
            98.94,
            99.01,
            99.11333333333333,
            99.12,
            99.0,
            99.09666666666666,
            99.13,
            99.29333333333334,
            99.08,
            99.09666666666666,
            99.29666666666667,
            99.51333333333334,
            99.38333333333334,
            99.42333333333333,
            99.58,
            99.93333333333334,
            99.4,
            99.64666666666666,
            99.37333333333333,
            99.4,
            99.83333333333333,
            99.90333333333334,
            99.87666666666667,
            99.34,
            99.91,
            99.85666666666667,
            99.75,
            99.93,
            99.95666666666666,
            100.0,
            99.87,
            99.99666666666667,
            100.0,
            100.0,
            100.0,
            100.0
        ],