{
    "global_accuracy_history": [
        16.42,
        79.38,
        84.15,
        87.81,
        88.61,
        89.27,
        89.88,
        89.29,
        89.84,
        90.54,
        90.63,
        90.4,
        91.04,
        90.66,
        90.77,
        89.99,
        90.84,
        90.71,
        91.01,
        90.85,
        91.09,
        91.17,
        90.83,
        91.01,
        90.93,
        90.92,
        91.21,
        91.05,
        91.17,
        90.95,
        91.09,
        91.12,
        91.12,
        90.99,
        90.93,
        91.18,
        91.06,
        91.23,
        91.36,
        91.29,
        91.34,
        91.14,
        91.01,
        90.82,
        91.17,
        91.09,
        91.32,
        91.35,
        91.39,
        91.38
    ],
    "local_accuracy_histories": {
        "0": [
            69.45999908447266,
            86.89167022705078,
            92.30999755859375,
            94.65833282470703,
            95.59500122070312,
            96.36666870117188,
            96.99500274658203,
            97.34666442871094,
            97.75833129882812,
            98.211669921875,
            98.43499755859375,
            98.6883316040039,
            98.88166809082031,
            98.76667022705078,
            99.03833770751953,
            98.82167053222656,
            99.00167083740234,
            100.0,
            99.0633316040039,
            99.34333801269531,
            99.25666809082031,
            99.28166961669922,
            99.38333129882812,
            99.51000213623047,
            99.4816665649414,
            99.50333404541016,
            99.42833709716797,
            99.55667114257812,
            99.67333221435547,
            99.6933364868164,
            99.6500015258789,
            99.70833587646484,
            99.74166870117188,
            99.79666900634766,
            99.63500213623047,
            99.76000213623047,
            99.76667022705078,
            99.71500396728516,
            99.73333740234375,
            99.88500213623047,
            99.961669921875,
            99.85166931152344,
            99.76000213623047,
            99.836669921875,
            99.89167022705078,
            99.77999877929688,
            99.9000015258789,
            99.94833374023438,
            99.9866714477539,
            100.0
        ],
        "1": [
            69.42833709716797,
            86.69667053222656,
            92.53166961669922,
            95.0433349609375,
            96.06666564941406,
            96.87667083740234,
            98.14666748046875,
            97.98333740234375,
            98.09500122070312,
            98.90499877929688,
            98.58499908447266,
            98.77999877929688,
            98.86000061035156,
            98.96500396728516,
            99.17500305175781,
            98.97833251953125,
            99.16666412353516,
            99.15166473388672,
            99.30333709716797,
            99.42833709716797,
            99.44000244140625,
            99.52166748046875,
            99.63999938964844,
            99.44499969482422,
            99.44000244140625,
            99.53333282470703,
            99.53166961669922,
            99.57666778564453,
            99.58333587646484,
            99.75167083740234,
            99.78333282470703,
            99.87333679199219,
            99.75833129882812,
            99.77999877929688,
            99.71666717529297,
            99.86499786376953,
            99.82167053222656,
            99.74166870117188,
            99.72000122070312,
            99.8933334350586,
            99.91166687011719,
            99.88166809082031,
            99.80500030517578,
            99.99666595458984,
            99.96500396728516,
            99.88333129882812,
            99.88500213623047,
            99.95166778564453,
            99.94499969482422,
            99.99166870117188
        ],
        "2": [
            70.28666687011719,
            86.42666625976562,
            92.50333404541016,
            98.4816665649414,
            95.60333251953125,
            96.66500091552734,
            97.19000244140625,
            97.67833709716797,
            97.93499755859375,
            98.41500091552734,
            98.55833435058594,
            98.5816650390625,
            98.5999984741211,
            98.87333679199219,
            98.73333740234375,
            98.91166687011719,
            99.09000396728516,
            99.07833099365234,
            99.16500091552734,
            99.336669921875,
            99.26166534423828,
            99.31500244140625,
            99.45333099365234,
            99.44499969482422,
            99.47333526611328,
            99.54833221435547,
            100.0,
            99.58499908447266,
            99.6500015258789,
            99.6866683959961,
            99.66166687011719,
            99.9183349609375,
            99.66000366210938,
            99.68000030517578,
            99.66500091552734,
            99.64167022705078,
            99.7366714477539,
            99.7550048828125,
            99.79833221435547,
            99.84000396728516,
            99.92166900634766,
            99.8550033569336,
            99.88166809082031,
            99.97666931152344,
            99.78666687011719,
            99.9566650390625,
            99.82167053222656,
            99.87000274658203,
            99.93167114257812,
            99.98500061035156
        ],
        "3": [
            69.07333374023438,
            87.2683334350586,
            92.26499938964844,
            94.51000213623047,
            95.65166473388672,
            96.62667083740234,
            97.15166473388672,
            97.61833190917969,
            97.86833190917969,
            98.4566650390625,
            98.6066665649414,
            98.59500122070312,
            98.59666442871094,
            98.8133316040039,
            98.9800033569336,
            99.09666442871094,
            99.1866683959961,
            99.1883316040039,
            99.29000091552734,
            99.30166625976562,
            99.43499755859375,
            99.55000305175781,
            99.4183349609375,
            99.4000015258789,
            99.44499969482422,
            99.51667022705078,
            99.52833557128906,
            99.57167053222656,
            99.46833801269531,
            99.72333526611328,
            99.68499755859375,
            99.63666534423828,
            99.74500274658203,
            99.70333099365234,
            99.97666931152344,
            99.63999938964844,
            99.83499908447266,
            99.78666687011719,
            99.79666900634766,
            99.85166931152344,
            99.95333099365234,
            100.0,
            99.91000366210938,
            99.92166900634766,
            99.8550033569336,
            99.88666534423828,
            99.90499877929688,
            99.97000122070312,
            99.82500457763672,
            99.94667053222656
        ],