{
    "global_accuracy_history": [
        10.0,
        10.0,
        10.0,
        12.01,
        23.97
    ],
    "local_accuracy_histories": {
        "0": [
            21.166667938232422,
            24.166667938232422,
            27.916667938232422,
            30.0,
            31.25
        ],
        "1": [
            20.83333396911621,
            25.666667938232422,
            26.166667938232422,
            29.83333396911621,
            32.5
        ],
        "2": [
            20.0,
            23.33333396911621,
            29.0,
            28.916667938232422,
            27.75
        ],
        "3": [
            21.0,
            27.25,
            27.75,
            29.0,
            31.916667938232422
        ],
        "4": [
            21.666667938232422,
            23.83333396911621,
            27.5,
            30.25,
            31.83333396911621
        ],
        "5": [
            20.916667938232422,
            24.25,
            25.916667938232422,
            27.75,
            32.66666793823242
        ],
        "6": [
            20.58333396911621,
            23.666667938232422,
            26.416667938232422,
            28.416667938232422,
            31.33333396911621
        ],
        "7": [
            22.83333396911621,
            25.0,
            28.416667938232422,
            30.25,
            34.91666793823242
        ],
        "8": [
            20.75,
            23.75,
            28.166667938232422,
            30.416667938232422,
            31.0
        ],
        "9": [
            22.0,
            23.416667938232422,
            30.166667938232422,
            27.25,
            33.0
        ]
    },
    "config": {
        "data_path": "./datasets",
        "split_mode": "iid",
        "batch_select": "random",
        "client_num": 10,
        "subset_frac": 0.2,
        "classes_per_client": 4,
        "lr": 0.01,
        "epochs": 5,
        "local_epochs": 1,
        "bs": 128,
        "gamma": 0,
        "initial_neighbor_rate": 1,
        "participation_rate": 0.6,
        "communication_rounds": [
            1,
            1,
            1,
            1,
            1,
            1,
            1,
            1,
            1,
            1
        ],
        "test_batch_size": 32,
        "s_ratio": 1.0,
        "min_dense_params": 2048,
        "dense_keywords": [
            "bn",
            "running_mean",
            "running_var",
            "num_batches_tracked",
            "conv1",
            "fc."
        ],
        "use_fedbn": false,
        "lr_decay_step": 10,
        "lr_decay_beta": 0.9
    },
    "elapsed_seconds": 131.17759490013123,
    "elapsed_hms": "0:02:11",
    "run_params": {
        "client_num": 10,
        "local_epochs": 1
    }
}