{
    "global_accuracy_history": [
        10.0,
        22.2,
        55.45,
        80.15,
        82.69,
        84.26,
        85.22,
        86.99,
        85.52,
        83.88,
        86.98,
        87.72,
        87.73,
        87.28,
        88.7,
        88.49,
        87.39,
        89.07,
        90.63,
        90.42,
        89.39,
        89.76,
        90.29,
        89.42,
        89.96,
        89.88,
        91.05,
        90.08,
        90.78,
        90.2,
        90.21,
        89.86,
        90.54,
        90.48,
        90.87,
        89.37,
        90.22,
        90.82,
        90.91,
        90.44,
        90.07,
        90.5,
        90.06,
        91.58,
        91.39,
        90.63,
        90.45,
        91.44,
        90.8,
        91.03,
        89.79,
        90.99,
        88.53,
        91.25,
        91.03,
        91.32,
        91.0,
        91.72,
        91.38,
        90.66
    ],
    "local_accuracy_histories": {
        "0": [
            64.39166666666667,
            78.825,
            83.3,
            86.36666666666666,
            87.95833333333333,
            89.0,
            89.625,
            90.68333333333334,
            91.14166666666667,
            91.98333333333333,
            91.675,
            91.975,
            92.75,
            93.03333333333333,
            93.675,
            93.59166666666667,
            93.50833333333334,
            94.31666666666666,
            94.525,
            97.50833333333334,
            94.93333333333334,
            95.225,
            95.275,
            95.85,
            95.66666666666667,
            95.91666666666667,
            97.34166666666667,
            96.50833333333334,
            96.24166666666666,
            96.44166666666666,
            96.81666666666666,
            96.79166666666667,
            97.49166666666666,
            96.90833333333333,
            97.65,
            96.7,
            97.88333333333334,
            97.58333333333333,
            99.26666666666667,
            98.24166666666666,
            97.41666666666667,
            98.375,
            98.40833333333333,
            98.15833333333333,
            98.775,
            98.73333333333333,
            98.69166666666666,
            99.03333333333333,
            98.25833333333334,
            98.66666666666667,
            98.61666666666666,
            98.66666666666667,
            98.50833333333334,
            99.125,
            98.68333333333334,
            99.35833333333333,
            99.00833333333334,
            99.75833333333334,
            99.475,
            98.43333333333334
        ],
        "1": [
            63.88333333333333,
            78.725,
            84.025,
            86.61666666666666,
            88.275,
            89.53333333333333,
            89.91666666666667,
            90.81666666666666,
            91.34166666666667,
            91.95,
            92.6,
            92.91666666666667,
            93.74166666666666,
            93.64166666666667,
            94.675,
            94.54166666666667,
            94.51666666666667,
            95.13333333333334,
            95.275,
            95.49166666666666,
            96.275,
            95.56666666666666,
            95.65833333333333,
            96.00833333333334,
            95.80833333333334,
            95.65,
            96.275,
            96.7,
            97.01666666666667,
            96.69166666666666,
            96.81666666666666,
            96.63333333333334,
            96.725,
            96.75,
            98.425,
            97.78333333333333,
            97.95833333333333,
            98.375,
            97.98333333333333,
            98.425,
            98.21666666666667,
            98.64166666666667,
            98.78333333333333,
            99.03333333333333,
            99.24166666666666,
            98.325,
            98.825,
            99.10833333333333,
            98.06666666666666,
            99.08333333333333,
            99.56666666666666,
            99.41666666666667,
            99.48333333333333,
            99.38333333333334,
            99.63333333333334,
            99.68333333333334,
            99.25833333333334,
            99.40833333333333,
            99.15833333333333,
            99.70833333333333
        ],
        "2": [
            61.041666666666664,
            78.2,
            82.5,
            86.10833333333333,
            87.76666666666667,
            88.96666666666667,
            90.01666666666667,
            90.11666666666666,
            90.7,
            91.30833333333334,
            91.59166666666667,
            92.36666666666666,
            91.9,
            93.1,
            93.31666666666666,
            93.13333333333334,
            93.89166666666667,
            93.61666666666666,
            94.39166666666667,
            94.775,
            94.95,
            94.8,
            95.10833333333333,
            95.80833333333334,
            96.09166666666667,
            95.875,
            95.95833333333333,
            96.375,
            96.825,
            96.45,
            96.70833333333333,
            96.16666666666667,
            97.18333333333334,
            96.45,
            97.8,
            97.46666666666667,
            97.75,
            97.725,
            97.96666666666667,
            98.2,
            98.48333333333333,
            99.44166666666666,
            97.975,
            98.71666666666667,
            98.44166666666666,
            98.75,
            98.95833333333333,
            98.35833333333333,
            98.60833333333333,
            98.45833333333333,
            98.96666666666667,
            99.08333333333333,
            98.71666666666667,
            99.16666666666667,
            99.25833333333334,
            99.03333333333333,
            99.45833333333333,
            99.04166666666667,
            98.725,
            99.675
        ],
        "3": [
            64.56666666666666,
            76.21666666666667,
            83.23333333333333,
            86.48333333333333,
            87.20833333333333,
            88.58333333333333,
            89.25,
            89.55,
            90.625,
            90.99166666666666,
            91.575,
            92.45,
            92.24166666666666,
            93.03333333333333,
            95.01666666666667,
            93.81666666666666,
            94.36666666666666,
            94.50833333333334,
            94.65,
            94.225,
            94.975,
            95.125,
            95.26666666666667,
            96.13333333333334,
            96.275,
            96.23333333333333,
            96.35,
            96.925,
            96.45,
            97.325,
            97.00833333333334,
            97.86666666666666,
            97.56666666666666,
            96.89166666666667,
            97.55833333333334,
            98.00833333333334,
            97.24166666666666,
            98.10833333333333,
            97.45833333333333,
            97.79166666666667,
            97.89166666666667,
            97.81666666666666,
            98.00833333333334,
            98.36666666666666,
            98.79166666666667,
            98.03333333333333,
            99.10833333333333,
            98.49166666666666,
            98.36666666666666,
            98.89166666666667,
            98.59166666666667,
            99.29166666666667,
            98.525,
            98.84166666666667,
            99.175,
            99.1,
            99.08333333333333,
            98.96666666666667,
            99.25833333333334,
            99.20833333333333
        ],