{
    "global_accuracy_history": [
        10.0,
        41.83,
        50.39,
        69.46,
        86.53,
        89.19,
        89.05,
        88.8,
        90.02,
        90.2,
        90.09,
        89.82,
        90.18,
        90.21,
        90.5,
        89.67,
        90.53,
        90.36,
        89.74,
        90.34,
        90.11,
        89.55,
        90.67,
        89.92,
        90.11,
        90.27,
        90.92,
        90.69,
        90.93,
        91.03,
        90.28,
        91.18,
        90.63,
        90.61,
        91.07,
        90.99,
        91.27,
        91.29,
        91.27,
        91.25,
        91.29,
        91.25,
        91.25,
        91.26,
        91.26,
        91.25,
        91.29,
        91.25,
        91.21,
        91.26,
        91.19,
        91.25,
        91.16,
        91.26,
        91.3,
        91.29,
        91.29,
        91.3,
        91.27,
        91.32
    ],
    "local_accuracy_histories": {
        "0": [
            79.12666666666667,
            88.33666666666667,
            93.91666666666667,
            97.59,
            96.75333333333333,
            97.92833333333333,
            97.95833333333333,
            98.385,
            98.47666666666667,
            98.645,
            98.86333333333333,
            98.965,
            99.22166666666666,
            99.28,
            99.16666666666667,
            99.45833333333333,
            99.41666666666667,
            99.45833333333333,
            99.515,
            99.56333333333333,
            99.57833333333333,
            99.65333333333334,
            99.67333333333333,
            99.675,
            99.71833333333333,
            99.73833333333333,
            99.76666666666667,
            99.72166666666666,
            99.92166666666667,
            100.0,
            99.735,
            99.99666666666667,
            99.89333333333333,
            99.91166666666666,
            100.0,
            99.99666666666667,
            100.0,
            100.0,
            100.0,
            100.0,
            100.0,
            100.0,
            100.0,
            100.0,
            100.0,
            100.0,
            100.0,
            100.0,
            100.0,
            100.0,
            100.0,
            100.0,
            100.0,
            100.0,
            100.0,
            100.0,
            100.0,
            100.0,
            100.0,
            100.0
        ],
        "1": [
            78.95833333333333,
            90.24166666666666,
            94.775,
            96.35666666666667,
            97.43166666666667,
            98.10333333333334,
            98.44833333333334,
            98.71666666666667,
            98.82833333333333,
            98.91166666666666,
            99.04333333333334,
            99.29,
            99.18,
            99.44333333333333,
            99.29166666666667,
            99.33666666666667,
            99.72833333333334,
            99.385,
            99.65,
            99.46833333333333,
            99.515,
            99.52666666666667,
            99.635,
            99.70833333333333,
            99.75333333333333,
            99.82,
            99.76166666666667,
            99.81333333333333,
            99.91666666666667,
            99.94,
            99.97,
            99.99833333333333,
            99.915,
            100.0,
            99.99833333333333,
            100.0,
            100.0,
            100.0,
            100.0,
            100.0,
            100.0,
            100.0,
            100.0,
            100.0,
            100.0,
            100.0,
            100.0,
            100.0,
            100.0,
            100.0,
            100.0,
            100.0,
            100.0,
            100.0,
            100.0,
            100.0,
            100.0,
            100.0,
            100.0,
            100.0
        ],
        "2": [
            79.63166666666666,
            90.32,
            94.13333333333334,
            96.005,
            96.96166666666667,
            97.80333333333333,
            98.86,
            98.21666666666667,
            98.60666666666667,
            98.875,
            98.89666666666666,
            98.96666666666667,
            99.24833333333333,
            99.66166666666666,
            99.41833333333334,
            99.44833333333334,
            99.40333333333334,
            99.49333333333334,
            99.52833333333334,
            99.52833333333334,
            99.61166666666666,
            99.58,
            99.74,
            99.75,
            99.68333333333334,
            99.81833333333333,
            99.73,
            99.805,
            99.87,
            99.99666666666667,
            99.75666666666666,
            99.93,
            99.97,
            100.0,
            99.99,
            100.0,
            100.0,
            100.0,
            100.0,
            100.0,
            100.0,
            100.0,
            100.0,
            100.0,
            100.0,
            100.0,
            100.0,
            100.0,
            100.0,
            100.0,
            100.0,
            100.0,
            100.0,
            100.0,
            100.0,
            100.0,
            100.0,
            100.0,
            100.0,
            100.0
        ],
        "3": [
            77.26166666666667,
            89.74,
            93.95833333333333,
            99.36666666666666,
            96.79333333333334,
            97.54333333333334,
            98.07,
            98.465,
            98.69166666666666,
            98.75666666666666,
            98.83833333333334,
            98.94333333333333,
            99.035,
            99.105,
            99.2,
            99.26833333333333,
            99.44666666666667,
            99.38833333333334,
            99.405,
            99.50666666666666,
            99.73666666666666,
            99.53,
            99.62833333333333,
            99.70166666666667,
            99.66833333333334,
            99.77833333333334,
            99.86666666666666,
            99.83333333333333,
            99.96333333333334,
            99.98166666666667,
            99.81833333333333,
            99.96833333333333,
            99.94666666666667,
            99.99,
            99.98,
            99.99666666666667,
            100.0,
            100.0,
            100.0,
            100.0,
            100.0,
            100.0,
            100.0,
            100.0,
            100.0,
            100.0,
            100.0,
            100.0,
            100.0,
            100.0,
            100.0,
            100.0,
            100.0,
            100.0,
            100.0,
            100.0,
            100.0,
            100.0,
            100.0,
            100.0
        ],