{
    "global_accuracy_history": [
        10.0,
        14.58,
        49.85,
        85.87,
        86.98,
        89.07,
        89.65,
        90.48,
        90.76,
        90.58,
        91.11,
        90.79,
        90.59,
        91.04,
        90.68,
        91.36,
        91.31,
        91.57,
        91.03,
        90.89,
        91.11,
        91.05,
        91.16,
        91.36,
        90.95,
        91.3,
        90.77,
        91.11,
        91.33,
        91.33,
        91.32,
        91.32,
        91.5,
        91.48,
        91.65,
        91.78,
        91.56,
        91.79,
        91.64,
        91.88,
        91.4,
        91.99,
        91.98,
        91.94,
        92.19,
        92.07,
        92.04,
        92.08,
        92.1,
        92.14,
        92.1,
        92.13,
        92.15,
        92.11,
        92.11,
        92.12,
        92.11,
        92.04,
        92.09,
        92.11
    ],
    "local_accuracy_histories": {
        "0": [
            85.76166666666667,
            89.81333333333333,
            92.86,
            94.90333333333334,
            96.82166666666667,
            99.61333333333333,
            97.61666666666666,
            98.685,
            98.71833333333333,
            99.30833333333334,
            98.955,
            99.00666666666666,
            99.225,
            99.34666666666666,
            99.405,
            99.43666666666667,
            99.57666666666667,
            100.0,
            99.53333333333333,
            99.45666666666666,
            99.58166666666666,
            99.745,
            99.71,
            99.61,
            99.64,
            99.90833333333333,
            99.58833333333334,
            99.96833333333333,
            99.78333333333333,
            99.71833333333333,
            99.82166666666667,
            99.875,
            99.855,
            99.81,
            99.94333333333333,
            99.99166666666666,
            99.65333333333334,
            99.97333333333333,
            99.97,
            99.99166666666666,
            99.74666666666667,
            99.98833333333333,
            100.0,
            99.99666666666667,
            100.0,
            100.0,
            100.0,
            100.0,
            100.0,
            100.0,
            100.0,
            100.0,
            100.0,
            100.0,
            100.0,
            100.0,
            100.0,
            100.0,
            100.0,
            100.0
        ],
        "1": [
            86.97166666666666,
            91.02333333333333,
            98.36833333333334,
            94.97833333333334,
            97.09333333333333,
            97.68,
            98.25166666666667,
            98.75666666666666,
            98.84833333333333,
            98.955,
            99.15166666666667,
            99.06166666666667,
            99.215,
            99.25166666666667,
            99.47166666666666,
            99.44833333333334,
            99.42833333333333,
            99.49166666666666,
            99.50166666666667,
            99.57,
            99.55333333333333,
            99.59333333333333,
            99.65666666666667,
            99.56833333333333,
            99.87666666666667,
            99.66,
            99.85833333333333,
            99.65,
            99.81833333333333,
            99.83333333333333,
            99.70333333333333,
            99.965,
            100.0,
            99.50333333333333,
            99.94,
            99.99166666666666,
            99.655,
            99.995,
            99.985,
            99.71166666666667,
            100.0,
            100.0,
            100.0,
            99.79833333333333,
            100.0,
            100.0,
            100.0,
            100.0,
            100.0,
            100.0,
            100.0,
            100.0,
            100.0,
            100.0,
            100.0,
            100.0,
            100.0,
            100.0,
            100.0,
            100.0
        ],
        "2": [
            86.21,
            89.48833333333333,
            92.30166666666666,
            94.51166666666667,
            96.70333333333333,
            97.275,
            97.98666666666666,
            98.39166666666667,
            98.50166666666667,
            98.84333333333333,
            99.0,
            99.035,
            99.14666666666666,
            99.22,
            99.235,
            99.19333333333333,
            99.27,
            99.365,
            99.5,
            99.455,
            99.655,
            99.64333333333333,
            99.555,
            99.68166666666667,
            99.74833333333333,
            99.76166666666667,
            99.66,
            99.85,
            99.74,
            99.87166666666667,
            99.95833333333333,
            99.67833333333333,
            99.93166666666667,
            99.70333333333333,
            99.95333333333333,
            99.99166666666666,
            99.79666666666667,
            99.99666666666667,
            100.0,
            99.63666666666667,
            99.99833333333333,
            99.995,
            100.0,
            100.0,
            99.995,
            100.0,
            100.0,
            100.0,
            100.0,
            100.0,
            100.0,
            100.0,
            100.0,
            100.0,
            100.0,
            100.0,
            100.0,
            100.0,
            100.0,
            100.0
        ],
        "3": [
            86.03166666666667,
            89.30166666666666,
            93.07,
            94.72333333333333,
            96.43,
            97.48166666666667,
            98.01,
            98.18166666666667,
            98.57666666666667,
            98.6,
            98.65333333333334,
            98.81666666666666,
            98.96666666666667,
            99.34333333333333,
            99.36666666666666,
            99.335,
            99.33833333333334,
            99.38333333333334,
            99.29166666666667,
            99.53666666666666,
            99.355,
            99.505,
            99.51333333333334,
            99.55166666666666,
            99.805,
            99.62833333333333,
            99.64166666666667,
            99.67666666666666,
            99.865,
            99.705,
            99.99,
            99.50333333333333,
            99.82333333333334,
            99.625,
            99.98833333333333,
            99.67833333333333,
            99.975,
            99.93333333333334,
            99.98333333333333,
            99.995,
            99.54833333333333,
            99.995,
            99.63833333333334,
            100.0,
            100.0,
            100.0,
            100.0,
            100.0,
            100.0,
            100.0,
            100.0,
            100.0,
            100.0,
            100.0,
            100.0,
            100.0,
            100.0,
            100.0,
            100.0,
            100.0
        ],