{
    "global_accuracy_history": [
        18.93,
        39.19,
        72.25,
        81.09,
        83.79,
        84.61,
        86.3,
        86.88,
        87.35,
        86.61,
        85.15,
        87.62,
        86.42,
        87.49,
        87.79,
        87.96,
        87.7,
        87.62,
        87.24,
        86.72,
        88.64,
        88.05,
        88.73,
        88.82,
        89.41,
        88.42,
        88.75,
        88.84,
        88.59,
        88.71,
        88.7,
        88.74,
        88.56,
        89.05,
        88.58,
        89.21,
        88.84,
        89.76,
        89.87,
        88.52,
        89.08,
        89.64,
        89.25,
        89.44,
        89.72,
        89.47,
        89.5,
        88.68,
        89.56,
        89.84,
        88.93,
        90.21,
        89.79,
        89.81,
        90.08,
        90.26,
        90.39,
        89.84,
        89.98,
        90.22
    ],
    "local_accuracy_histories": {
        "0": [
            44.54333333333334,
            64.74666666666667,
            74.56666666666666,
            85.15666666666667,
            88.74,
            90.91666666666667,
            92.31,
            93.65,
            94.49,
            95.07666666666667,
            95.99,
            96.14666666666666,
            95.99,
            96.77333333333333,
            96.84333333333333,
            97.61666666666666,
            97.28333333333333,
            97.28666666666666,
            97.73333333333333,
            97.70666666666666,
            97.72,
            98.26,
            98.32,
            98.51,
            99.99666666666667,
            98.37333333333333,
            98.60666666666667,
            98.84333333333333,
            98.47,
            98.64666666666666,
            98.92,
            98.88,
            99.29333333333334,
            100.0,
            99.06666666666666,
            99.80666666666667,
            99.04,
            99.40333333333334,
            99.64333333333333,
            99.27333333333333,
            100.0,
            99.38333333333334,
            99.50666666666666,
            100.0,
            99.30666666666667,
            99.25666666666666,
            100.0,
            99.31666666666666,
            99.51333333333334,
            99.56333333333333,
            99.45,
            99.77333333333333,
            99.63666666666667,
            99.76666666666667,
            100.0,
            99.74666666666667,
            99.98333333333333,
            99.71666666666667,
            99.93333333333334,
            99.99
        ],
        "1": [
            43.88666666666666,
            64.98,
            80.18333333333334,
            85.82666666666667,
            89.38666666666667,
            91.42333333333333,
            93.50333333333333,
            94.34,
            94.99,
            95.43666666666667,
            95.94,
            96.23333333333333,
            96.87,
            96.78,
            97.66666666666667,
            97.26666666666667,
            97.23,
            97.65,
            97.83666666666667,
            97.86666666666666,
            98.37,
            98.36333333333333,
            98.22333333333333,
            98.60666666666667,
            98.65666666666667,
            100.0,
            98.55,
            98.81666666666666,
            99.11,
            98.86,
            99.09,
            98.97666666666667,
            98.90333333333334,
            99.07666666666667,
            99.30333333333333,
            99.44,
            99.34666666666666,
            99.66,
            99.32333333333334,
            99.82,
            99.31666666666666,
            99.54,
            99.38,
            99.31333333333333,
            99.56,
            99.46666666666667,
            99.78333333333333,
            99.85,
            99.74333333333334,
            99.69,
            99.92,
            99.4,
            99.78333333333333,
            99.70333333333333,
            99.69,
            99.94333333333333,
            99.87666666666667,
            99.47666666666667,
            99.99666666666667,
            99.47333333333333
        ],
        "2": [
            45.95333333333333,
            63.596666666666664,
            80.37333333333333,
            85.79,
            88.85,
            91.06,
            92.08,
            93.81333333333333,
            93.75333333333333,
            94.96666666666667,
            96.24,
            96.32,
            96.68,
            96.74333333333334,
            96.80333333333333,
            97.69333333333333,
            97.81333333333333,
            97.6,
            97.57,
            97.98333333333333,
            97.94333333333333,
            98.25333333333333,
            98.18,
            98.18333333333334,
            98.25,
            98.08,
            98.29,
            98.40666666666667,
            98.51,
            98.66333333333333,
            98.54666666666667,
            98.78666666666666,
            98.80666666666667,
            98.78,
            98.78333333333333,
            98.93333333333334,
            100.0,
            98.87,
            99.09,
            99.17666666666666,
            99.21333333333334,
            99.43333333333334,
            99.39,
            99.48333333333333,
            99.71666666666667,
            99.42666666666666,
            99.79,
            99.54333333333334,
            99.55333333333333,
            99.9,
            99.78333333333333,
            99.71333333333334,
            99.54666666666667,
            99.81,
            99.83666666666667,
            99.27333333333333,
            99.86,
            99.98666666666666,
            99.99333333333334,
            99.94333333333333
        ],
        "3": [
            45.81333333333333,
            64.39,
            80.47,
            85.79333333333334,
            88.81333333333333,
            91.18,
            92.28666666666666,
            93.60333333333334,
            94.4,
            94.95,
            95.94333333333333,
            95.72666666666667,
            96.36333333333333,
            96.63333333333334,
            96.95333333333333,
            97.26333333333334,
            97.17333333333333,
            97.64,
            98.16333333333333,
            97.78666666666666,
            97.86666666666666,
            97.95666666666666,
            98.29666666666667,
            98.60333333333334,
            98.43666666666667,
            98.64,
            98.56,
            98.68333333333334,
            98.63,
            98.66,
            98.72666666666667,
            98.95,
            98.79333333333334,
            98.80333333333333,
            99.01,
            99.22333333333333,
            98.94666666666667,
            99.10666666666667,
            99.09333333333333,
            99.07333333333334,
            99.13666666666667,
            99.15666666666667,
            99.31,
            99.52,
            99.49,
            99.23333333333333,
            99.31666666666666,
            99.95333333333333,
            99.30333333333333,
            99.46666666666667,
            99.99,
            99.81666666666666,
            99.09,
            99.4,
            99.93333333333334,
            99.24666666666667,
            99.89333333333333,
            99.95666666666666,
            99.52666666666667,
            99.57333333333334
        ],