{
    "global_accuracy_history": [
        18.23,
        44.67,
        62.42,
        69.1,
        74.51,
        79.45,
        80.66,
        82.05,
        80.42,
        83.73,
        84.42,
        85.03,
        85.01,
        85.14,
        86.08,
        86.5,
        86.35,
        86.87,
        87.7,
        87.16,
        87.63,
        88.01,
        87.87,
        88.01,
        88.35,
        88.51,
        88.37,
        88.16,
        87.51,
        88.69,
        88.85,
        87.73,
        88.89,
        89.08,
        88.14,
        88.54,
        89.14,
        89.17,
        89.2,
        88.82,
        89.74,
        89.2,
        88.13,
        89.13,
        89.39,
        88.68,
        89.64,
        89.76,
        89.93,
        90.04
    ],
    "local_accuracy_histories": {
        "0": [
            29.049999237060547,
            41.54999923706055,
            55.89999771118164,
            64.96666717529297,
            71.38333129882812,
            76.44999694824219,
            79.28333282470703,
            79.9000015258789,
            82.04999542236328,
            83.31666564941406,
            83.71666717529297,
            84.9000015258789,
            85.1500015258789,
            85.66666412353516,
            85.96666717529297,
            86.25,
            87.04999542236328,
            87.18333435058594,
            87.56666564941406,
            87.86666870117188,
            87.75,
            88.5,
            88.25,
            88.76666259765625,
            88.93333435058594,
            89.13333129882812,
            89.25,
            89.5999984741211,
            89.13333129882812,
            89.88333129882812,
            90.19999694824219,
            90.01666259765625,
            90.41666412353516,
            90.61666870117188,
            90.96666717529297,
            90.86666870117188,
            90.83333587646484,
            90.76666259765625,
            92.08333587646484,
            91.11666870117188,
            91.9000015258789,
            91.53333282470703,
            91.69999694824219,
            91.51666259765625,
            92.4000015258789,
            92.04999542236328,
            92.18333435058594,
            92.18333435058594,
            94.16666412353516,
            92.43333435058594
        ],
        "1": [
            30.350000381469727,
            41.54999923706055,
            55.70000076293945,
            65.0,
            71.13333129882812,
            76.54999542236328,
            79.56666564941406,
            80.86666870117188,
            81.73332977294922,
            83.71666717529297,
            84.51666259765625,
            84.81666564941406,
            85.0,
            85.81666564941406,
            85.71666717529297,
            88.25,
            87.0,
            87.19999694824219,
            87.54999542236328,
            88.23332977294922,
            88.69999694824219,
            88.73332977294922,
            88.91666412353516,
            89.23332977294922,
            88.9000015258789,
            89.75,
            90.03333282470703,
            89.75,
            90.01666259765625,
            90.31666564941406,
            90.73332977294922,
            90.68333435058594,
            90.38333129882812,
            90.78333282470703,
            91.08333587646484,
            91.28333282470703,
            91.23332977294922,
            91.76666259765625,
            91.66666412353516,
            91.66666412353516,
            92.04999542236328,
            92.04999542236328,
            92.26666259765625,
            92.19999694824219,
            92.4000015258789,
            92.48332977294922,
            92.66666412353516,
            92.63333129882812,
            93.16666412353516,
            93.46666717529297
        ],
        "2": [
            29.25,
            38.95000076293945,
            55.733333587646484,
            64.9000015258789,
            71.68333435058594,
            76.4000015258789,
            78.81666564941406,
            81.01666259765625,
            81.75,
            83.16666412353516,
            84.1500015258789,
            84.29999542236328,
            84.91666412353516,
            85.75,
            86.04999542236328,
            86.81666564941406,
            86.08333587646484,
            87.44999694824219,
            87.54999542236328,
            88.0,
            87.93333435058594,
            88.31666564941406,
            88.46666717529297,
            88.63333129882812,
            89.23332977294922,
            88.98332977294922,
            89.38333129882812,
            89.25,
            89.4000015258789,
            90.13333129882812,
            90.04999542236328,
            90.19999694824219,
            90.51666259765625,
            90.63333129882812,
            90.51666259765625,
            90.48332977294922,
            90.94999694824219,
            91.44999694824219,
            91.01666259765625,
            91.6500015258789,
            91.26666259765625,
            91.44999694824219,
            91.75,
            91.68333435058594,
            91.9000015258789,
            91.96666717529297,
            92.36666870117188,
            92.4000015258789,
            92.26666259765625,
            92.56666564941406
        ],
        "3": [
            29.433332443237305,
            39.21666717529297,
            55.04999923706055,
            65.19999694824219,
            71.53333282470703,
            75.71666717529297,
            78.54999542236328,
            80.33333587646484,
            82.01666259765625,
            82.63333129882812,
            83.9000015258789,
            84.11666870117188,
            84.76666259765625,
            85.68333435058594,
            86.31666564941406,
            86.44999694824219,
            86.4000015258789,
            86.5,
            88.73332977294922,
            87.86666870117188,
            88.03333282470703,
            88.28333282470703,
            88.11666870117188,
            88.66666412353516,
            89.1500015258789,
            88.94999694824219,
            88.98332977294922,
            89.0999984741211,
            89.79999542236328,
            89.53333282470703,
            90.16666412353516,
            90.03333282470703,
            90.68333435058594,
            90.46666717529297,
            90.69999694824219,
            91.54999542236328,
            91.31666564941406,
            91.0999984741211,
            91.68333435058594,
            91.66666412353516,
            91.86666870117188,
            91.63333129882812,
            91.6500015258789,
            92.25,
            92.01666259765625,
            92.48332977294922,
            92.54999542236328,
            92.21666717529297,
            92.61666870117188,
            92.5
        ],