{
    "global_accuracy_history": [
        10.0,
        14.25,
        75.45,
        77.62,
        82.55,
        87.89,
        87.03,
        88.26,
        89.04,
        88.38,
        88.54,
        89.66,
        87.83,
        89.01,
        89.18,
        90.2,
        90.15,
        90.28,
        90.37,
        89.62,
        90.67,
        90.84,
        90.22,
        90.36,
        90.4,
        90.25,
        90.5,
        90.51,
        90.59,
        90.75,
        91.1,
        90.67,
        90.4,
        91.0,
        90.81,
        90.25,
        91.09,
        90.65,
        90.37,
        90.9,
        90.2,
        91.12,
        91.31,
        90.86,
        91.39,
        91.62,
        91.44,
        91.72,
        91.83,
        90.38,
        90.78,
        91.74,
        91.83,
        91.97,
        91.87,
        92.01,
        91.96,
        92.0,
        91.98,
        91.98
    ],
    "local_accuracy_histories": {
        "0": [
            67.76666666666667,
            81.94333333333333,
            87.63,
            92.58333333333333,
            93.05333333333333,
            93.60666666666667,
            94.85333333333334,
            95.91666666666667,
            96.03,
            96.51,
            96.54666666666667,
            97.35666666666667,
            97.05666666666667,
            97.48,
            97.64666666666666,
            97.62666666666667,
            98.02666666666667,
            98.38666666666667,
            98.18,
            98.16,
            98.40333333333334,
            98.43,
            98.47,
            98.84666666666666,
            99.09333333333333,
            98.66666666666667,
            99.99666666666667,
            98.9,
            100.0,
            98.98333333333333,
            99.08,
            99.32333333333334,
            99.05666666666667,
            99.27666666666667,
            99.27,
            99.63666666666667,
            99.18666666666667,
            99.62333333333333,
            99.15333333333334,
            99.48333333333333,
            99.41,
            99.6,
            99.9,
            99.34666666666666,
            99.41,
            99.94666666666667,
            99.83666666666667,
            99.97,
            99.99333333333334,
            99.63,
            99.80333333333333,
            99.99333333333334,
            100.0,
            100.0,
            100.0,
            100.0,
            100.0,
            100.0,
            100.0,
            100.0
        ],
        "1": [
            67.19,
            80.90666666666667,
            88.56,
            92.12666666666667,
            94.67333333333333,
            94.74333333333334,
            96.02,
            96.33,
            96.80666666666667,
            97.16,
            97.39333333333333,
            97.65,
            97.5,
            97.85666666666667,
            98.39666666666666,
            98.10333333333334,
            98.33333333333333,
            98.30666666666667,
            98.65666666666667,
            98.68333333333334,
            99.06,
            98.79666666666667,
            99.01,
            99.01666666666667,
            99.09,
            99.89,
            98.85333333333334,
            99.26,
            99.34666666666666,
            98.85,
            99.22,
            99.43666666666667,
            99.34666666666666,
            99.35,
            99.57333333333334,
            99.44,
            99.66,
            99.32666666666667,
            99.78333333333333,
            99.52,
            99.93666666666667,
            99.74,
            99.95333333333333,
            99.94666666666667,
            100.0,
            99.45,
            99.94,
            99.99666666666667,
            99.23333333333333,
            99.98666666666666,
            100.0,
            100.0,
            100.0,
            100.0,
            100.0,
            100.0,
            100.0,
            100.0,
            100.0,
            100.0
        ],
        "2": [
            67.2,
            81.96333333333334,
            87.83666666666667,
            91.27333333333333,
            93.15666666666667,
            94.44,
            95.28,
            96.06,
            96.87333333333333,
            96.47666666666667,
            97.04,
            98.25666666666666,
            97.36333333333333,
            97.49666666666667,
            97.82,
            98.01666666666667,
            98.03,
            98.45666666666666,
            98.34,
            98.31666666666666,
            98.46666666666667,
            98.62333333333333,
            98.88333333333334,
            98.70666666666666,
            98.69333333333333,
            98.87333333333333,
            98.76666666666667,
            98.90333333333334,
            99.04666666666667,
            99.29333333333334,
            99.13,
            99.35666666666667,
            99.18333333333334,
            99.39,
            99.58,
            99.82666666666667,
            99.74333333333334,
            99.44666666666667,
            99.42333333333333,
            99.84333333333333,
            99.29,
            99.79333333333334,
            99.98666666666666,
            99.58666666666667,
            99.99,
            99.34666666666666,
            99.97333333333333,
            99.98333333333333,
            99.98,
            99.81333333333333,
            99.99666666666667,
            99.99666666666667,
            100.0,
            100.0,
            100.0,
            100.0,
            100.0,
            100.0,
            100.0,
            100.0
        ],
        "3": [
            67.77333333333333,
            81.04333333333334,
            89.88666666666667,
            91.24,
            93.35,
            94.48,
            96.20333333333333,
            95.60666666666667,
            96.81333333333333,
            96.48666666666666,
            96.93,
            99.69,
            97.07333333333334,
            97.50666666666666,
            97.66333333333333,
            97.67666666666666,
            97.94,
            97.81,
            97.97,
            98.25666666666666,
            98.45666666666666,
            98.43333333333334,
            98.93,
            98.48666666666666,
            98.57,
            98.93,
            99.07666666666667,
            98.99666666666667,
            99.43333333333334,
            99.15666666666667,
            99.21,
            99.23333333333333,
            99.27,
            99.16,
            99.25666666666666,
            99.15,
            99.53333333333333,
            99.68333333333334,
            99.28333333333333,
            99.31666666666666,
            99.67666666666666,
            99.35666666666667,
            99.73,
            99.83666666666667,
            99.88333333333334,
            99.74,
            99.98,
            99.35666666666667,
            99.8,
            99.96666666666667,
            99.95333333333333,
            99.99333333333334,
            99.5,
            100.0,
            100.0,
            100.0,
            100.0,
            100.0,
            100.0,
            100.0
        ],