{
    "global_accuracy_history": [
        9.7,
        40.09,
        64.88,
        83.37,
        84.04,
        84.47,
        86.38,
        86.39,
        87.03,
        87.19,
        87.64,
        88.15,
        88.04,
        88.1,
        88.1,
        88.28,
        88.18,
        88.52,
        88.47,
        88.56,
        88.78,
        88.84,
        88.91,
        88.54,
        88.77,
        88.86,
        88.86,
        88.67,
        88.88,
        88.99,
        88.86,
        88.77,
        88.91,
        88.94,
        88.71,
        88.92,
        88.97,
        89.07,
        88.75,
        88.98,
        88.97,
        88.86,
        89.06,
        88.74,
        89.06,
        89.08,
        88.75,
        88.85,
        88.74,
        88.91,
        88.91,
        88.97,
        88.96,
        88.89,
        88.92,
        88.89,
        88.95,
        88.78,
        89.0,
        88.76
    ],
    "local_accuracy_histories": {
        "0": [
            49.443333333333335,
            62.49,
            82.74,
            88.58666666666667,
            92.06666666666666,
            94.53166666666667,
            96.49666666666667,
            97.39166666666667,
            96.96666666666667,
            97.35,
            97.54333333333334,
            98.30166666666666,
            98.22666666666667,
            98.11666666666666,
            98.335,
            98.60166666666667,
            98.855,
            98.645,
            98.865,
            98.82833333333333,
            99.195,
            99.095,
            99.07333333333334,
            99.175,
            99.25833333333334,
            100.0,
            99.32833333333333,
            99.42333333333333,
            99.33333333333333,
            99.38333333333334,
            99.52333333333333,
            99.69833333333334,
            99.51,
            99.61333333333333,
            99.63833333333334,
            99.70833333333333,
            99.67833333333333,
            99.73333333333333,
            99.74166666666666,
            99.82166666666667,
            100.0,
            99.80166666666666,
            99.91666666666667,
            99.69333333333333,
            99.88,
            100.0,
            99.77333333333333,
            99.91666666666667,
            99.94833333333334,
            99.93833333333333,
            99.87333333333333,
            99.96666666666667,
            99.965,
            99.96666666666667,
            99.97666666666667,
            99.97666666666667,
            99.99,
            99.98166666666667,
            99.995,
            99.98666666666666
        ],
        "1": [
            46.595,
            66.945,
            83.11666666666666,
            89.36166666666666,
            92.87333333333333,
            94.88666666666667,
            96.77,
            97.12833333333333,
            97.95166666666667,
            97.98833333333333,
            98.20333333333333,
            98.40833333333333,
            98.72333333333333,
            98.55,
            98.68833333333333,
            98.96666666666667,
            98.99,
            98.94666666666667,
            99.125,
            99.09166666666667,
            99.57166666666667,
            99.105,
            99.27666666666667,
            99.525,
            99.37333333333333,
            100.0,
            99.42166666666667,
            99.45666666666666,
            99.61666666666666,
            99.56333333333333,
            99.7,
            99.695,
            99.625,
            99.71333333333334,
            99.66166666666666,
            99.71333333333334,
            99.80333333333333,
            99.72833333333334,
            99.72166666666666,
            99.91333333333333,
            99.69,
            99.72333333333333,
            99.86333333333333,
            99.73666666666666,
            99.89333333333333,
            99.84166666666667,
            99.90166666666667,
            99.93166666666667,
            99.96666666666667,
            99.965,
            99.96,
            99.97333333333333,
            99.93833333333333,
            99.97333333333333,
            99.99166666666666,
            99.99666666666667,
            99.99166666666666,
            99.995,
            99.98166666666667,
            100.0
        ],
        "2": [
            49.151666666666664,
            66.22666666666667,
            82.8,
            89.35166666666667,
            93.49666666666667,
            94.465,
            97.57333333333334,
            96.44333333333333,
            96.835,
            97.43,
            97.82333333333334,
            98.25166666666667,
            98.49,
            98.585,
            98.50166666666667,
            98.735,
            98.92666666666666,
            98.85333333333334,
            98.94,
            99.07,
            99.01833333333333,
            98.99,
            99.16333333333333,
            99.32666666666667,
            99.21833333333333,
            99.38833333333334,
            99.43,
            99.55,
            99.46,
            99.50833333333334,
            99.53,
            99.52833333333334,
            99.5,
            99.57,
            99.68,
            99.91833333333334,
            99.55333333333333,
            99.59666666666666,
            99.77833333333334,
            99.64333333333333,
            99.73166666666667,
            99.85666666666667,
            99.89333333333333,
            99.91666666666667,
            99.88,
            99.89666666666666,
            99.91333333333333,
            99.94,
            99.94333333333333,
            99.94,
            99.97333333333333,
            99.91166666666666,
            99.94333333333333,
            99.97666666666667,
            99.96666666666667,
            99.965,
            99.99666666666667,
            99.95,
            99.99,
            99.97166666666666
        ],
        "3": [
            44.88166666666667,
            65.24833333333333,
            83.375,
            88.975,
            92.795,
            94.58,
            95.59833333333333,
            96.43833333333333,
            97.075,
            97.65666666666667,
            97.535,
            98.16333333333333,
            98.36166666666666,
            98.445,
            98.48,
            98.92166666666667,
            98.865,
            98.785,
            98.885,
            99.22333333333333,
            99.14333333333333,
            99.28,
            99.28333333333333,
            99.18166666666667,
            99.44,
            99.395,
            99.30166666666666,
            99.52,
            99.37,
            99.38333333333334,
            99.50833333333334,
            99.48833333333333,
            100.0,
            99.64,
            99.69166666666666,
            99.65,
            99.765,
            99.52166666666666,
            99.745,
            99.92833333333333,
            99.81,
            99.745,
            99.81833333333333,
            99.82833333333333,
            99.85666666666667,
            99.85666666666667,
            99.83833333333334,
            99.915,
            99.92,
            99.92833333333333,
            99.955,
            99.75666666666666,
            99.92666666666666,
            99.97,
            99.955,
            99.95833333333333,
            99.97166666666666,
            99.99333333333334,
            99.99,
            99.97166666666666
        ],