{
    "global_accuracy_history": [
        20.53,
        63.88,
        72.65,
        77.65,
        80.34,
        82.08,
        81.35,
        83.49,
        84.98,
        86.23,
        86.67,
        85.33,
        86.62,
        87.64,
        87.03,
        88.04,
        88.2,
        88.59,
        88.58,
        89.58,
        89.17,
        89.59,
        89.0,
        88.54,
        89.18,
        89.27,
        89.47,
        90.16,
        89.72,
        90.21,
        90.16,
        90.62,
        90.72,
        90.16,
        90.14,
        90.22,
        90.62,
        90.71,
        89.99,
        90.11,
        91.05,
        90.47,
        90.19,
        90.68,
        89.89,
        90.99,
        90.41,
        91.03,
        89.68,
        91.04
    ],
    "local_accuracy_histories": {
        "0": [
            34.29999923706055,
            51.04999923706055,
            67.11666870117188,
            75.25,
            79.73332977294922,
            81.11666870117188,
            82.54999542236328,
            83.31666564941406,
            84.18333435058594,
            85.25,
            85.96666717529297,
            86.19999694824219,
            87.46666717529297,
            86.6500015258789,
            87.19999694824219,
            87.88333129882812,
            88.01666259765625,
            88.19999694824219,
            88.86666870117188,
            89.41666412353516,
            89.9000015258789,
            89.66666412353516,
            89.91666412353516,
            90.0999984741211,
            90.38333129882812,
            90.54999542236328,
            92.13333129882812,
            91.01666259765625,
            90.51666259765625,
            91.53333282470703,
            91.63333129882812,
            91.5,
            91.33333587646484,
            91.8499984741211,
            92.0999984741211,
            92.79999542236328,
            91.69999694824219,
            92.54999542236328,
            92.75,
            92.86666870117188,
            92.73332977294922,
            92.88333129882812,
            93.0999984741211,
            94.68333435058594,
            93.54999542236328,
            93.3499984741211,
            93.29999542236328,
            93.96666717529297,
            93.58333587646484,
            93.73332977294922
        ],
        "1": [
            33.54999923706055,
            51.21666717529297,
            67.23332977294922,
            74.78333282470703,
            78.56666564941406,
            80.56666564941406,
            81.36666870117188,
            83.0999984741211,
            84.19999694824219,
            85.16666412353516,
            85.96666717529297,
            86.26666259765625,
            87.04999542236328,
            87.36666870117188,
            87.41666412353516,
            88.81666564941406,
            88.56666564941406,
            88.63333129882812,
            88.66666412353516,
            89.1500015258789,
            89.8499984741211,
            89.81666564941406,
            90.4000015258789,
            90.33333587646484,
            91.0999984741211,
            90.48332977294922,
            91.23332977294922,
            92.19999694824219,
            91.18333435058594,
            91.71666717529297,
            92.04999542236328,
            91.8499984741211,
            92.04999542236328,
            91.9000015258789,
            92.25,
            92.43333435058594,
            92.63333129882812,
            92.8499984741211,
            93.21666717529297,
            93.25,
            93.46666717529297,
            93.16666412353516,
            93.68333435058594,
            93.63333129882812,
            93.53333282470703,
            93.4000015258789,
            93.51666259765625,
            93.86666870117188,
            93.98332977294922,
            93.93333435058594
        ],
        "2": [
            34.266666412353516,
            50.266666412353516,
            65.83333587646484,
            75.29999542236328,
            78.11666870117188,
            80.26666259765625,
            81.98332977294922,
            83.0,
            84.3499984741211,
            85.86666870117188,
            85.91666412353516,
            85.94999694824219,
            87.03333282470703,
            86.91666412353516,
            87.76666259765625,
            88.01666259765625,
            88.38333129882812,
            88.76666259765625,
            89.01666259765625,
            89.1500015258789,
            89.41666412353516,
            89.68333435058594,
            89.79999542236328,
            89.6500015258789,
            89.79999542236328,
            90.31666564941406,
            90.58333587646484,
            90.25,
            90.54999542236328,
            91.04999542236328,
            91.38333129882812,
            91.5,
            91.93333435058594,
            91.73332977294922,
            91.91666412353516,
            92.03333282470703,
            91.69999694824219,
            91.76666259765625,
            92.26666259765625,
            92.53333282470703,
            92.44999694824219,
            92.75,
            93.01666259765625,
            92.44999694824219,
            93.04999542236328,
            92.94999694824219,
            93.63333129882812,
            92.93333435058594,
            93.18333435058594,
            93.73332977294922
        ],
        "3": [
            34.16666793823242,
            50.383331298828125,
            66.41666412353516,
            75.04999542236328,
            78.73332977294922,
            79.73332977294922,
            82.06666564941406,
            82.83333587646484,
            84.26666259765625,
            85.1500015258789,
            86.01666259765625,
            86.19999694824219,
            86.71666717529297,
            86.08333587646484,
            87.25,
            87.68333435058594,
            87.43333435058594,
            88.3499984741211,
            89.1500015258789,
            89.33333587646484,
            89.31666564941406,
            90.56666564941406,
            89.71666717529297,
            90.4000015258789,
            90.11666870117188,
            90.21666717529297,
            90.41666412353516,
            90.63333129882812,
            90.54999542236328,
            91.19999694824219,
            91.75,
            90.94999694824219,
            91.73332977294922,
            91.69999694824219,
            91.93333435058594,
            92.46666717529297,
            92.58333587646484,
            92.04999542236328,
            92.51666259765625,
            92.96666717529297,
            92.93333435058594,
            92.98332977294922,
            93.41666412353516,
            93.41666412353516,
            93.3499984741211,
            93.31666564941406,
            93.66666412353516,
            93.93333435058594,
            93.98332977294922,
            94.3499984741211
        ],