{
    "global_accuracy_history": [
        10.05,
        37.54,
        79.4,
        83.75,
        85.88,
        85.56,
        85.93,
        84.62,
        86.66,
        87.55,
        87.49,
        87.41,
        88.06,
        88.1,
        87.28,
        87.98,
        88.35,
        88.55,
        88.75,
        88.89,
        88.95,
        89.29,
        89.18,
        89.19,
        88.98,
        89.25,
        89.55,
        89.11,
        89.42,
        89.44,
        89.52,
        89.5,
        88.9,
        89.22,
        89.45,
        89.45,
        89.51,
        89.79,
        89.28,
        89.21,
        89.55,
        89.45,
        89.53,
        89.53,
        89.64,
        89.42,
        89.73,
        89.23,
        89.56,
        89.6,
        89.41,
        89.35,
        89.63,
        89.68,
        89.51,
        89.23,
        89.42,
        89.59,
        89.36,
        89.51
    ],
    "local_accuracy_histories": {
        "0": [
            46.571666666666665,
            69.28,
            82.31,
            88.40333333333334,
            91.95,
            94.74,
            96.44666666666667,
            96.26166666666667,
            97.22166666666666,
            97.47,
            97.55333333333333,
            98.03166666666667,
            98.05333333333333,
            98.14,
            98.33333333333333,
            98.56166666666667,
            98.445,
            98.65333333333334,
            98.83,
            98.765,
            99.38666666666667,
            98.87333333333333,
            99.07,
            99.01333333333334,
            99.61833333333334,
            99.19666666666667,
            99.085,
            99.22833333333334,
            99.28,
            99.40833333333333,
            99.45,
            99.32,
            99.39833333333333,
            99.475,
            99.42666666666666,
            99.50666666666666,
            99.44,
            99.61833333333334,
            99.59833333333333,
            99.56333333333333,
            99.51166666666667,
            99.615,
            99.60333333333334,
            99.57166666666667,
            99.675,
            99.51,
            99.78833333333333,
            99.58833333333334,
            99.95833333333333,
            99.735,
            99.695,
            99.67666666666666,
            99.845,
            99.99333333333334,
            99.53833333333333,
            99.69,
            99.52833333333334,
            99.88333333333334,
            99.685,
            99.92833333333333
        ],
        "1": [
            44.69166666666667,
            66.85,
            81.63833333333334,
            89.03833333333333,
            92.155,
            94.56166666666667,
            97.78166666666667,
            96.50166666666667,
            97.18666666666667,
            97.66833333333334,
            98.07666666666667,
            98.18166666666667,
            97.985,
            98.19,
            98.31,
            98.45,
            98.61166666666666,
            99.02666666666667,
            98.665,
            98.88833333333334,
            98.93666666666667,
            98.99333333333334,
            99.06166666666667,
            99.01666666666667,
            99.1,
            99.24333333333334,
            99.15,
            99.36333333333333,
            99.55,
            99.12333333333333,
            99.26333333333334,
            99.53333333333333,
            99.36166666666666,
            99.655,
            99.41,
            99.46833333333333,
            99.51833333333333,
            99.625,
            99.48333333333333,
            99.73166666666667,
            99.51833333333333,
            99.50833333333334,
            99.55,
            99.93333333333334,
            99.63666666666667,
            99.585,
            99.72833333333334,
            99.73166666666667,
            99.85,
            99.77333333333333,
            99.72833333333334,
            99.70166666666667,
            99.82333333333334,
            99.765,
            99.82166666666667,
            99.92666666666666,
            99.88333333333334,
            99.96166666666667,
            99.92,
            99.65
        ],
        "2": [
            44.718333333333334,
            65.07833333333333,
            81.38166666666666,
            90.66833333333334,
            91.90333333333334,
            93.67166666666667,
            96.97333333333333,
            96.15833333333333,
            97.115,
            97.34333333333333,
            97.83166666666666,
            97.925,
            98.07166666666667,
            98.20833333333333,
            98.715,
            98.505,
            98.4,
            98.70666666666666,
            98.85833333333333,
            98.91,
            98.93666666666667,
            98.97166666666666,
            99.00833333333334,
            99.08166666666666,
            99.16,
            99.09333333333333,
            99.26833333333333,
            99.19833333333334,
            99.16,
            99.32166666666667,
            99.56833333333333,
            99.36,
            99.43166666666667,
            99.325,
            99.46666666666667,
            99.53,
            99.40166666666667,
            99.35833333333333,
            99.58666666666667,
            99.52666666666667,
            99.61,
            99.60666666666667,
            99.66,
            99.50333333333333,
            99.57333333333334,
            99.59333333333333,
            99.67166666666667,
            99.62666666666667,
            99.62,
            99.52333333333333,
            99.765,
            99.70166666666667,
            99.855,
            99.75,
            99.665,
            100.0,
            99.665,
            99.82166666666667,
            99.82666666666667,
            99.89
        ],
        "3": [
            45.555,
            66.72666666666667,
            82.52833333333334,
            88.39833333333333,
            91.93666666666667,
            93.96166666666667,
            95.48166666666667,
            96.48833333333333,
            96.71333333333334,
            98.03833333333333,
            97.675,
            98.07666666666667,
            98.12,
            98.06,
            98.435,
            98.625,
            98.835,
            99.19833333333334,
            98.755,
            98.74,
            99.04,
            99.04833333333333,
            99.085,
            99.18166666666667,
            99.13,
            99.04666666666667,
            99.69333333333333,
            99.20333333333333,
            99.33166666666666,
            99.375,
            99.79333333333334,
            99.26,
            99.52666666666667,
            99.365,
            99.55166666666666,
            99.59333333333333,
            99.42,
            99.45666666666666,
            99.63,
            99.52666666666667,
            99.56166666666667,
            99.62,
            99.47833333333334,
            99.59,
            99.74666666666667,
            99.7,
            99.62833333333333,
            99.69833333333334,
            99.75666666666666,
            99.81833333333333,
            99.745,
            99.64666666666666,
            99.91666666666667,
            99.845,
            99.83166666666666,
            99.755,
            99.69666666666667,
            99.98666666666666,
            99.84666666666666,
            99.99
        ],