{
    "global_accuracy_history": [
        10.0,
        18.84,
        42.4,
        74.74,
        84.74,
        84.72,
        87.82,
        88.52,
        87.53,
        88.34,
        87.47,
        87.77,
        88.87,
        88.47,
        88.35,
        89.6,
        89.88,
        89.61,
        90.51,
        88.56,
        89.59,
        89.62,
        89.7,
        90.24,
        90.6,
        90.34,
        90.49,
        90.8,
        90.39,
        89.95,
        90.56,
        90.56,
        90.47,
        90.66,
        90.61,
        90.18,
        90.72,
        89.39,
        91.13,
        90.9,
        90.01,
        90.58,
        91.09,
        90.42,
        90.85,
        90.84,
        91.17,
        90.93,
        90.88,
        90.82,
        90.69,
        90.76,
        90.94,
        90.93,
        91.35,
        91.54,
        91.23,
        91.2,
        91.11,
        91.61
    ],
    "local_accuracy_histories": {
        "0": [
            70.575,
            79.66666666666667,
            82.23333333333333,
            85.225,
            87.425,
            91.79166666666667,
            89.275,
            90.4,
            91.25,
            91.74166666666666,
            92.8,
            93.15,
            93.73333333333333,
            93.44166666666666,
            94.33333333333333,
            94.79166666666667,
            95.225,
            95.1,
            95.65,
            98.33333333333333,
            95.85833333333333,
            96.3,
            98.43333333333334,
            97.04166666666667,
            97.06666666666666,
            97.26666666666667,
            97.45,
            97.26666666666667,
            97.675,
            98.20833333333333,
            97.875,
            98.025,
            98.425,
            98.70833333333333,
            98.39166666666667,
            98.74166666666666,
            98.51666666666667,
            98.85,
            99.33333333333333,
            99.34166666666667,
            99.23333333333333,
            99.31666666666666,
            99.45,
            99.54166666666667,
            99.63333333333334,
            99.46666666666667,
            99.875,
            99.66666666666667,
            99.54166666666667,
            99.75833333333334,
            99.64166666666667,
            99.43333333333334,
            99.69166666666666,
            99.91666666666667,
            99.8,
            99.975,
            99.95833333333333,
            99.90833333333333,
            99.925,
            100.0
        ],
        "1": [
            70.93333333333334,
            79.525,
            83.375,
            86.25833333333334,
            88.03333333333333,
            89.35833333333333,
            90.24166666666666,
            91.35833333333333,
            91.34166666666667,
            92.1,
            92.86666666666666,
            93.01666666666667,
            93.50833333333334,
            93.70833333333333,
            94.975,
            94.0,
            94.30833333333334,
            95.08333333333333,
            95.35833333333333,
            95.00833333333334,
            95.475,
            96.14166666666667,
            96.61666666666666,
            96.79166666666667,
            99.04166666666667,
            96.29166666666667,
            97.01666666666667,
            97.66666666666667,
            98.20833333333333,
            97.54166666666667,
            98.15,
            98.56666666666666,
            98.46666666666667,
            98.7,
            98.775,
            98.9,
            98.875,
            99.10833333333333,
            99.00833333333334,
            99.18333333333334,
            99.28333333333333,
            99.50833333333334,
            99.68333333333334,
            99.85,
            99.63333333333334,
            99.91666666666667,
            99.55833333333334,
            99.69166666666666,
            99.74166666666666,
            99.80833333333334,
            99.66666666666667,
            99.96666666666667,
            99.95833333333333,
            99.79166666666667,
            99.875,
            99.95,
            99.91666666666667,
            100.0,
            99.99166666666666,
            100.0
        ],
        "2": [
            71.25,
            79.39166666666667,
            82.64166666666667,
            85.875,
            87.41666666666667,
            88.59166666666667,
            89.63333333333334,
            89.98333333333333,
            91.35833333333333,
            91.15,
            91.98333333333333,
            92.325,
            93.4,
            92.89166666666667,
            94.30833333333334,
            94.41666666666667,
            94.775,
            94.1,
            94.88333333333334,
            94.86666666666666,
            95.2,
            95.48333333333333,
            95.60833333333333,
            96.75,
            96.2,
            97.45,
            96.40833333333333,
            96.63333333333334,
            97.175,
            96.74166666666666,
            97.48333333333333,
            97.825,
            98.0,
            97.79166666666667,
            98.13333333333334,
            98.79166666666667,
            99.59166666666667,
            98.1,
            99.175,
            98.79166666666667,
            98.525,
            98.575,
            98.81666666666666,
            99.30833333333334,
            99.525,
            99.59166666666667,
            99.7,
            99.79166666666667,
            99.64166666666667,
            99.96666666666667,
            99.90833333333333,
            99.85833333333333,
            99.9,
            99.36666666666666,
            99.58333333333333,
            99.99166666666666,
            99.93333333333334,
            100.0,
            100.0,
            100.0
        ],
        "3": [
            70.91666666666667,
            77.25833333333334,
            82.13333333333334,
            85.275,
            87.24166666666666,
            88.00833333333334,
            88.99166666666666,
            89.85,
            90.14166666666667,
            91.125,
            91.8,
            92.39166666666667,
            92.91666666666667,
            93.24166666666666,
            93.91666666666667,
            94.33333333333333,
            94.58333333333333,
            94.89166666666667,
            95.33333333333333,
            94.75833333333334,
            95.96666666666667,
            96.06666666666666,
            95.99166666666666,
            96.525,
            97.125,
            96.88333333333334,
            97.7,
            98.05833333333334,
            97.46666666666667,
            98.125,
            97.73333333333333,
            98.40833333333333,
            98.275,
            98.475,
            98.425,
            98.49166666666666,
            98.63333333333334,
            98.78333333333333,
            98.78333333333333,
            99.39166666666667,
            99.40833333333333,
            99.35,
            99.65,
            99.15,
            99.45,
            99.675,
            99.59166666666667,
            99.83333333333333,
            99.70833333333333,
            99.90833333333333,
            99.18333333333334,
            99.93333333333334,
            99.975,
            100.0,
            99.99166666666666,
            99.86666666666666,
            99.99166666666666,
            100.0,
            100.0,
            100.0
        ],