{
    "global_accuracy_history": [
        11.42,
        12.23,
        68.17,
        81.76,
        82.06,
        86.29,
        86.68,
        87.78,
        89.07,
        89.26,
        89.36,
        87.95,
        89.93,
        88.93,
        89.93,
        89.79,
        89.68,
        89.72,
        89.75,
        90.51,
        90.36,
        90.25,
        89.94,
        89.71,
        90.12,
        91.12,
        90.48,
        90.09,
        90.97,
        90.76,
        90.25,
        90.37,
        90.89,
        90.61,
        90.87,
        90.37,
        90.81,
        90.84,
        90.74,
        90.89,
        90.95,
        91.14,
        90.9,
        91.1,
        91.09,
        91.05,
        91.06,
        91.01,
        91.08,
        91.08,
        91.1,
        91.12,
        91.13,
        91.11,
        91.17,
        91.12,
        91.11,
        91.13,
        91.17,
        91.16
    ],
    "local_accuracy_histories": {
        "0": [
            67.40333333333334,
            83.08666666666667,
            88.56333333333333,
            91.99333333333334,
            93.54333333333334,
            94.49333333333334,
            95.09333333333333,
            95.89666666666666,
            96.58666666666667,
            96.94666666666667,
            99.9,
            97.10666666666667,
            97.69333333333333,
            97.97333333333333,
            98.19666666666667,
            98.14,
            99.99666666666667,
            98.45666666666666,
            98.70333333333333,
            99.29,
            99.15666666666667,
            99.12333333333333,
            99.8,
            99.34,
            99.3,
            99.92666666666666,
            99.39,
            99.51,
            99.83,
            100.0,
            99.64333333333333,
            100.0,
            99.90666666666667,
            99.77666666666667,
            99.87333333333333,
            99.85333333333334,
            99.96,
            99.99666666666667,
            99.98333333333333,
            99.98666666666666,
            99.98333333333333,
            99.99666666666667,
            99.98666666666666,
            100.0,
            100.0,
            100.0,
            100.0,
            100.0,
            100.0,
            100.0,
            100.0,
            100.0,
            100.0,
            100.0,
            100.0,
            100.0,
            100.0,
            100.0,
            100.0,
            100.0
        ],
        "1": [
            65.85666666666667,
            84.06333333333333,
            89.32,
            93.43666666666667,
            95.03333333333333,
            95.61666666666666,
            96.56333333333333,
            97.02333333333333,
            97.55333333333333,
            97.49666666666667,
            97.59333333333333,
            97.69333333333333,
            98.0,
            98.28,
            98.40333333333334,
            98.63,
            98.54,
            99.01666666666667,
            98.95666666666666,
            98.74,
            99.37333333333333,
            98.95666666666666,
            99.09333333333333,
            99.3,
            99.29333333333334,
            99.56666666666666,
            99.39,
            99.27666666666667,
            99.4,
            99.51333333333334,
            99.87,
            99.49666666666667,
            99.65,
            99.89,
            99.86333333333333,
            99.80333333333333,
            99.96666666666667,
            99.92666666666666,
            99.99333333333334,
            99.97666666666667,
            99.88666666666667,
            100.0,
            100.0,
            100.0,
            100.0,
            100.0,
            100.0,
            100.0,
            100.0,
            100.0,
            100.0,
            100.0,
            100.0,
            100.0,
            100.0,
            100.0,
            100.0,
            100.0,
            100.0,
            100.0
        ],
        "2": [
            66.78,
            83.32666666666667,
            88.91,
            92.78333333333333,
            93.54666666666667,
            95.02333333333333,
            95.36333333333333,
            96.32,
            96.48,
            96.83,
            97.26,
            96.99,
            97.50333333333333,
            97.93,
            97.89666666666666,
            98.21333333333334,
            98.16333333333333,
            98.36666666666666,
            98.66,
            98.77666666666667,
            98.97666666666667,
            98.88666666666667,
            98.62666666666667,
            98.90666666666667,
            99.07666666666667,
            99.36666666666666,
            99.57333333333334,
            99.79333333333334,
            99.6,
            99.63,
            99.70333333333333,
            99.83,
            99.85333333333334,
            99.89666666666666,
            99.71666666666667,
            99.98,
            99.81666666666666,
            100.0,
            99.99666666666667,
            99.45666666666666,
            100.0,
            100.0,
            100.0,
            99.99666666666667,
            100.0,
            100.0,
            100.0,
            100.0,
            100.0,
            100.0,
            100.0,
            100.0,
            100.0,
            100.0,
            100.0,
            100.0,
            100.0,
            100.0,
            100.0,
            100.0
        ],
        "3": [
            66.22,
            84.51333333333334,
            88.60666666666667,
            92.12666666666667,
            93.45333333333333,
            94.75666666666666,
            95.54333333333334,
            95.92,
            98.00333333333333,
            96.87333333333333,
            97.55,
            97.64333333333333,
            97.82,
            98.05666666666667,
            98.33,
            97.95,
            98.49666666666667,
            98.75333333333333,
            98.66333333333333,
            98.67333333333333,
            98.88666666666667,
            98.96666666666667,
            98.90333333333334,
            98.93,
            99.04666666666667,
            99.51333333333334,
            99.41666666666667,
            99.48666666666666,
            99.79666666666667,
            99.61,
            99.88333333333334,
            99.67666666666666,
            99.93,
            99.92333333333333,
            99.97,
            99.69666666666667,
            99.98,
            99.99,
            99.73666666666666,
            100.0,
            99.98333333333333,
            99.98666666666666,
            100.0,
            100.0,
            100.0,
            100.0,
            100.0,
            100.0,
            100.0,
            100.0,
            100.0,
            100.0,
            100.0,
            100.0,
            100.0,
            100.0,
            100.0,
            100.0,
            100.0,
            100.0
        ],