{
    "global_accuracy_history": [
        10.0,
        26.25,
        50.57,
        81.72,
        85.86,
        87.95,
        88.06,
        89.34,
        88.48,
        89.77,
        90.46,
        90.46,
        90.31,
        89.75,
        90.23,
        89.99,
        90.82,
        90.56,
        90.0,
        90.37,
        90.07,
        91.1,
        90.46,
        90.07,
        90.52,
        90.26,
        90.31,
        90.69,
        91.49,
        90.81,
        91.3,
        91.11,
        90.97,
        90.84,
        90.46,
        90.58,
        90.93,
        91.16,
        91.52,
        91.74,
        90.8,
        91.23,
        91.14,
        91.69,
        90.71,
        91.77,
        91.78,
        91.72,
        91.75,
        91.76,
        91.73,
        91.79,
        91.69,
        91.68,
        91.71,
        91.71,
        91.7,
        91.76,
        91.71,
        91.77
    ],
    "local_accuracy_histories": {
        "0": [
            83.05166666666666,
            90.96333333333334,
            94.01166666666667,
            95.86,
            97.07166666666667,
            97.28,
            98.14,
            98.27166666666666,
            98.66166666666666,
            98.78166666666667,
            98.94,
            100.0,
            99.10166666666667,
            99.18666666666667,
            99.61833333333334,
            99.23666666666666,
            99.37333333333333,
            99.425,
            99.43166666666667,
            99.46666666666667,
            99.73666666666666,
            99.44833333333334,
            99.535,
            99.55666666666667,
            99.64,
            99.74,
            99.68,
            99.76833333333333,
            99.765,
            99.7,
            99.71666666666667,
            99.91166666666666,
            99.67833333333333,
            99.775,
            99.83,
            100.0,
            99.85333333333334,
            99.805,
            99.975,
            100.0,
            99.89833333333333,
            99.99166666666666,
            99.83833333333334,
            100.0,
            99.78,
            100.0,
            100.0,
            100.0,
            100.0,
            100.0,
            100.0,
            100.0,
            100.0,
            100.0,
            100.0,
            100.0,
            100.0,
            100.0,
            100.0,
            100.0
        ],
        "1": [
            84.395,
            91.575,
            94.09333333333333,
            97.02833333333334,
            96.885,
            97.90666666666667,
            98.295,
            98.53666666666666,
            98.32833333333333,
            98.685,
            98.85666666666667,
            98.89666666666666,
            99.17833333333333,
            99.03666666666666,
            99.29833333333333,
            99.21,
            99.27333333333333,
            99.43666666666667,
            99.435,
            99.45,
            99.55,
            99.615,
            99.72666666666667,
            99.64166666666667,
            99.7,
            99.58833333333334,
            99.66833333333334,
            99.75,
            99.81333333333333,
            99.80833333333334,
            99.925,
            99.61666666666666,
            99.85333333333334,
            99.71333333333334,
            99.92666666666666,
            99.93333333333334,
            99.71,
            99.95166666666667,
            99.84666666666666,
            99.95166666666667,
            99.98333333333333,
            99.99666666666667,
            99.61333333333333,
            99.99833333333333,
            100.0,
            100.0,
            100.0,
            100.0,
            100.0,
            100.0,
            100.0,
            100.0,
            100.0,
            100.0,
            100.0,
            100.0,
            100.0,
            100.0,
            100.0,
            100.0
        ],
        "2": [
            81.66833333333334,
            90.60666666666667,
            94.10333333333334,
            95.54833333333333,
            96.52666666666667,
            98.31833333333333,
            98.10333333333334,
            98.205,
            98.64333333333333,
            98.965,
            98.62833333333333,
            98.89,
            98.93666666666667,
            99.03666666666666,
            99.09833333333333,
            99.275,
            99.31,
            99.32666666666667,
            99.39,
            99.44333333333333,
            99.415,
            99.42833333333333,
            99.465,
            99.45166666666667,
            99.52833333333334,
            99.61333333333333,
            99.49833333333333,
            99.64666666666666,
            99.55166666666666,
            99.665,
            99.78166666666667,
            99.80666666666667,
            99.71666666666667,
            99.85833333333333,
            99.75,
            99.85666666666667,
            99.95666666666666,
            99.97,
            100.0,
            99.725,
            99.99333333333334,
            99.99833333333333,
            99.99833333333333,
            100.0,
            100.0,
            100.0,
            100.0,
            100.0,
            100.0,
            100.0,
            100.0,
            100.0,
            100.0,
            100.0,
            100.0,
            100.0,
            100.0,
            100.0,
            100.0,
            100.0
        ],
        "3": [
            83.53833333333333,
            93.96666666666667,
            93.49166666666666,
            96.125,
            97.04333333333334,
            97.89,
            97.32833333333333,
            98.15166666666667,
            98.46666666666667,
            98.635,
            98.94166666666666,
            99.185,
            99.07166666666667,
            99.10666666666667,
            99.265,
            99.35166666666667,
            99.36666666666666,
            99.415,
            99.435,
            99.64166666666667,
            99.42666666666666,
            99.625,
            99.71,
            99.75833333333334,
            99.76333333333334,
            99.61333333333333,
            99.66666666666667,
            99.70833333333333,
            99.75,
            99.79166666666667,
            99.82333333333334,
            99.675,
            99.86,
            99.99666666666667,
            99.795,
            99.78333333333333,
            99.73333333333333,
            99.935,
            99.99166666666666,
            99.99666666666667,
            99.635,
            99.87333333333333,
            100.0,
            100.0,
            100.0,
            99.99833333333333,
            100.0,
            100.0,
            100.0,
            100.0,
            100.0,
            100.0,
            100.0,
            100.0,
            100.0,
            100.0,
            100.0,
            100.0,
            100.0,
            100.0
        ],