{
    "global_accuracy_history": [
        10.0,
        24.94,
        70.86,
        77.01,
        78.24,
        78.94,
        83.13,
        84.0,
        85.03,
        85.8,
        86.31,
        86.71,
        87.17,
        87.47,
        88.21,
        87.96,
        88.28,
        88.42,
        88.74,
        88.75,
        88.37,
        88.72,
        88.62,
        89.45,
        88.92,
        89.37,
        89.73,
        89.48,
        89.39,
        90.02,
        90.18,
        90.2,
        89.96,
        90.26,
        90.53,
        90.08,
        90.74,
        90.57,
        90.47,
        90.32,
        89.96,
        90.35,
        90.39,
        90.5,
        90.72,
        90.02,
        90.54,
        90.72,
        90.62,
        89.79,
        90.7,
        90.61,
        90.61,
        90.3,
        90.45,
        90.75,
        90.38,
        90.88,
        90.87,
        90.74
    ],
    "local_accuracy_histories": {
        "0": [
            30.883333333333333,
            42.63333333333333,
            61.28333333333333,
            75.31666666666666,
            79.21666666666667,
            81.26666666666667,
            82.51666666666667,
            83.71666666666667,
            84.51666666666667,
            85.06666666666666,
            85.7,
            86.23333333333333,
            86.2,
            88.63333333333334,
            87.83333333333333,
            88.1,
            88.4,
            88.78333333333333,
            89.06666666666666,
            89.36666666666666,
            90.45,
            89.93333333333334,
            90.15,
            90.48333333333333,
            91.68333333333334,
            91.15,
            93.5,
            91.46666666666667,
            92.28333333333333,
            91.78333333333333,
            92.2,
            92.36666666666666,
            92.85,
            92.95,
            93.9,
            93.1,
            93.53333333333333,
            93.45,
            93.7,
            93.65,
            93.73333333333333,
            93.8,
            94.31666666666666,
            96.1,
            94.43333333333334,
            95.21666666666667,
            94.85,
            94.83333333333333,
            95.13333333333334,
            95.41666666666667,
            95.53333333333333,
            95.6,
            95.61666666666666,
            95.81666666666666,
            96.3,
            96.23333333333333,
            96.01666666666667,
            96.68333333333334,
            96.4,
            96.73333333333333
        ],
        "1": [
            27.316666666666666,
            44.5,
            63.35,
            75.53333333333333,
            78.95,
            81.2,
            81.98333333333333,
            83.58333333333333,
            84.8,
            85.73333333333333,
            86.51666666666667,
            86.71666666666667,
            87.66666666666667,
            88.15,
            88.21666666666667,
            88.88333333333334,
            89.65,
            89.65,
            89.73333333333333,
            89.98333333333333,
            90.35,
            90.48333333333333,
            91.11666666666666,
            91.93333333333334,
            91.98333333333333,
            91.85,
            92.11666666666666,
            92.33333333333333,
            92.85,
            93.08333333333333,
            93.16666666666667,
            93.0,
            93.45,
            93.58333333333333,
            93.75,
            93.93333333333334,
            94.3,
            94.03333333333333,
            94.4,
            94.71666666666667,
            94.96666666666667,
            95.38333333333334,
            95.68333333333334,
            95.66666666666667,
            96.23333333333333,
            96.1,
            96.2,
            96.56666666666666,
            96.6,
            96.48333333333333,
            96.68333333333334,
            96.46666666666667,
            96.9,
            97.43333333333334,
            97.33333333333333,
            97.36666666666666,
            97.71666666666667,
            97.83333333333333,
            97.91666666666667,
            98.08333333333333
        ],
        "2": [
            29.4,
            40.88333333333333,
            61.93333333333333,
            74.86666666666666,
            78.18333333333334,
            80.4,
            82.16666666666667,
            83.61666666666666,
            84.65,
            84.96666666666667,
            85.98333333333333,
            86.56666666666666,
            87.1,
            88.08333333333333,
            88.63333333333334,
            88.65,
            88.88333333333334,
            89.45,
            89.73333333333333,
            89.93333333333334,
            89.96666666666667,
            90.75,
            90.95,
            90.9,
            91.16666666666667,
            91.28333333333333,
            91.7,
            91.73333333333333,
            92.06666666666666,
            92.3,
            92.45,
            92.56666666666666,
            93.01666666666667,
            92.85,
            93.13333333333334,
            93.23333333333333,
            93.75,
            93.61666666666666,
            93.91666666666667,
            93.88333333333334,
            94.03333333333333,
            93.85,
            94.26666666666667,
            94.46666666666667,
            94.65,
            94.43333333333334,
            94.96666666666667,
            95.16666666666667,
            95.61666666666666,
            95.56666666666666,
            95.7,
            95.65,
            96.51666666666667,
            95.73333333333333,
            96.51666666666667,
            96.8,
            96.5,
            96.71666666666667,
            97.18333333333334,
            97.15
        ],
        "3": [
            29.05,
            41.93333333333333,
            62.766666666666666,
            75.08333333333333,
            78.66666666666667,
            80.81666666666666,
            82.2,
            82.85,
            83.91666666666667,
            84.7,
            85.41666666666667,
            86.33333333333333,
            86.7,
            87.0,
            87.95,
            88.06666666666666,
            88.41666666666667,
            88.85,
            89.11666666666666,
            89.68333333333334,
            90.11666666666666,
            90.43333333333334,
            90.38333333333334,
            90.41666666666667,
            90.53333333333333,
            91.3,
            91.06666666666666,
            91.3,
            91.45,
            91.6,
            91.96666666666667,
            92.13333333333334,
            92.11666666666666,
            93.21666666666667,
            93.31666666666666,
            93.21666666666667,
            93.55,
            93.58333333333333,
            93.85,
            94.06666666666666,
            96.1,
            94.33333333333333,
            94.78333333333333,
            94.96666666666667,
            95.33333333333333,
            95.33333333333333,
            95.8,
            95.23333333333333,
            95.61666666666666,
            95.91666666666667,
            95.56666666666666,
            95.91666666666667,
            96.65,
            96.83333333333333,
            96.51666666666667,
            96.68333333333334,
            96.7,
            96.61666666666666,
            97.65,
            97.41666666666667
        ],