{
    "global_accuracy_history": [
        10.0,
        15.39,
        35.86,
        38.83,
        47.8
    ],
    "local_accuracy_histories": {
        "0": [
            26.33333396911621,
            26.58333396911621,
            33.083335876464844,
            40.25,
            43.75
        ],
        "1": [
            25.0,
            25.166667938232422,
            32.66666793823242,
            39.75,
            43.75
        ],
        "2": [
            24.33333396911621,
            27.33333396911621,
            36.25,
            40.583335876464844,
            46.0
        ],
        "3": [
            24.5,
            26.916667938232422,
            35.91666793823242,
            39.75,
            43.833335876464844
        ],
        "4": [
            24.33333396911621,
            24.75,
            34.75,
            38.083335876464844,
            45.083335876464844
        ],
        "5": [
            23.5,
            24.0,
            33.583335876464844,
            35.16666793823242,
            40.16666793823242
        ],
        "6": [
            27.25,
            23.416667938232422,
            30.0,
            37.583335876464844,
            43.41666793823242
        ],
        "7": [
            26.166667938232422,
            30.166667938232422,
            35.66666793823242,
            40.5,
            42.833335876464844
        ],
        "8": [
            25.58333396911621,
            25.83333396911621,
            34.833335876464844,
            39.333335876464844,
            43.91666793823242
        ],
        "9": [
            23.58333396911621,
            23.416667938232422,
            33.91666793823242,
            40.91666793823242,
            46.91666793823242
        ]
    },
    "config": {
        "data_path": "./datasets",
        "split_mode": "iid",
        "dominant_frac": 0.7,
        "client_num": 10,
        "subset_frac": 1,
        "lr": 0.01,
        "epochs": 50,
        "local_epochs": 1,
        "bs": 32,
        "gamma": 0,
        "initial_neighbor_rate": 1,
        "communication_rate": 0.6,
        "communication_periods": [
            1,
            1,
            1,
            1,
            1,
            1,
            1,
            1,
            1,
            1
        ],
        "test_batch_size": 32,
        "s_ratio": 1.0,
        "min_dense_params": 2048,
        "dense_keywords": [
            "bn",
            "running_mean",
            "running_var",
            "num_batches_tracked",
            "conv1",
            "fc."
        ],
        "use_fedbn": false,
        "lr_decay_step": 10,
        "lr_decay_beta": 0.9
    },
    "elapsed_seconds": 71.5095591545105,
    "elapsed_hms": "0:01:11",
    "run_params": {
        "client_num": 10,
        "local_epochs": 1
    }
}