{
    "global_accuracy_history": [
        16.78,
        34.59,
        62.47,
        76.9,
        79.57,
        81.41,
        82.53,
        83.87,
        85.21,
        84.35,
        85.27,
        85.95,
        86.14,
        87.37,
        86.96,
        87.86,
        87.5,
        88.07,
        88.01,
        87.83,
        88.54,
        88.79,
        88.21,
        88.83,
        88.96,
        88.97,
        89.18,
        89.24,
        89.13,
        89.4,
        89.46,
        89.59,
        89.15,
        89.07,
        89.24,
        89.71,
        89.14,
        89.6,
        89.09,
        89.31,
        89.22,
        89.44,
        89.49,
        89.61,
        89.71,
        89.54,
        89.18,
        89.37,
        89.43,
        89.62,
        89.69,
        89.6,
        89.41,
        89.34,
        89.48,
        89.94,
        89.87,
        89.77,
        89.89,
        89.51
    ],
    "local_accuracy_histories": {
        "0": [
            35.153333333333336,
            47.64666666666667,
            60.71333333333333,
            74.8,
            79.28333333333333,
            82.40666666666667,
            85.06,
            86.87333333333333,
            88.57666666666667,
            89.38666666666667,
            90.82666666666667,
            91.59,
            92.42333333333333,
            93.09333333333333,
            93.56666666666666,
            95.21,
            94.93333333333334,
            95.11333333333333,
            95.90333333333334,
            99.75666666666666,
            96.42,
            96.71333333333334,
            98.01666666666667,
            97.60333333333334,
            97.81333333333333,
            97.84,
            98.08333333333333,
            97.85666666666667,
            98.11,
            98.21666666666667,
            98.39666666666666,
            98.48,
            98.33666666666667,
            98.43333333333334,
            98.47333333333333,
            98.95666666666666,
            99.02,
            99.83333333333333,
            98.80333333333333,
            98.74,
            98.96,
            98.84666666666666,
            100.0,
            99.0,
            99.12333333333333,
            99.32,
            98.94,
            99.05333333333333,
            99.55,
            99.06,
            99.12666666666667,
            99.45666666666666,
            99.52,
            99.44333333333333,
            98.9,
            99.76666666666667,
            99.22333333333333,
            99.63666666666667,
            99.53666666666666,
            99.43
        ],
        "1": [
            33.99333333333333,
            46.74333333333333,
            65.33,
            74.8,
            79.46333333333334,
            82.74,
            85.73333333333333,
            87.28,
            89.21666666666667,
            90.45333333333333,
            91.59,
            93.07,
            93.23,
            94.17666666666666,
            94.42666666666666,
            95.03,
            95.50666666666666,
            95.91666666666667,
            96.46,
            97.07666666666667,
            96.71333333333334,
            97.34333333333333,
            97.11333333333333,
            97.59,
            97.51666666666667,
            97.62666666666667,
            97.75333333333333,
            98.19666666666667,
            98.44333333333333,
            98.22,
            98.53333333333333,
            98.65,
            98.71333333333334,
            98.63333333333334,
            98.74,
            98.9,
            98.72333333333333,
            98.83666666666667,
            98.74666666666667,
            98.76,
            98.75333333333333,
            99.08,
            99.06666666666666,
            99.14333333333333,
            98.99666666666667,
            99.21333333333334,
            99.16666666666667,
            99.19666666666667,
            99.28666666666666,
            99.31333333333333,
            99.65333333333334,
            99.37666666666667,
            99.92333333333333,
            99.46666666666667,
            99.55666666666667,
            99.82,
            99.53666666666666,
            99.44666666666667,
            99.9,
            99.28
        ],
        "2": [
            33.9,
            47.43666666666667,
            66.83,
            75.54666666666667,
            79.74333333333334,
            82.5,
            84.89333333333333,
            86.61333333333333,
            88.72666666666667,
            89.77333333333333,
            91.13666666666667,
            92.12,
            93.22333333333333,
            93.80333333333333,
            96.08,
            94.44,
            94.98,
            95.49,
            96.08333333333333,
            96.21333333333334,
            96.47666666666667,
            96.49333333333334,
            96.95,
            96.92,
            97.18,
            97.35333333333334,
            97.38666666666667,
            97.47333333333333,
            97.62,
            97.69666666666667,
            97.87333333333333,
            98.41333333333333,
            98.42333333333333,
            98.39666666666666,
            98.61,
            98.42666666666666,
            98.55,
            98.39666666666666,
            98.73,
            98.72333333333333,
            98.72666666666667,
            98.63333333333334,
            99.40666666666667,
            98.89666666666666,
            99.43,
            98.94,
            99.26333333333334,
            99.19666666666667,
            99.34333333333333,
            99.59,
            99.94333333333333,
            99.16,
            99.36,
            99.58333333333333,
            99.19333333333333,
            99.46333333333334,
            99.63333333333334,
            99.80666666666667,
            99.72,
            99.47666666666667
        ],
        "3": [
            32.733333333333334,
            45.78333333333333,
            65.16,
            75.64333333333333,
            79.43666666666667,
            82.75333333333333,
            85.27666666666667,
            86.93666666666667,
            88.74666666666667,
            89.86333333333333,
            91.05,
            92.02666666666667,
            93.47,
            93.71333333333334,
            94.39,
            95.04,
            95.07,
            96.39,
            96.43666666666667,
            96.27666666666667,
            96.48666666666666,
            97.20333333333333,
            97.60333333333334,
            97.27333333333333,
            97.64666666666666,
            97.68666666666667,
            98.01,
            97.94333333333333,
            98.18666666666667,
            98.19666666666667,
            98.38666666666667,
            98.86333333333333,
            98.50666666666666,
            98.30333333333333,
            98.78333333333333,
            98.54,
            98.66,
            98.84,
            98.78,
            98.55,
            98.79,
            98.93333333333334,
            98.83333333333333,
            99.16333333333333,
            98.87666666666667,
            99.14333333333333,
            98.77,
            99.30333333333333,
            99.23333333333333,
            99.35333333333334,
            99.20333333333333,
            99.52666666666667,
            99.81666666666666,
            99.24666666666667,
            99.7,
            99.45333333333333,
            99.54666666666667,
            99.44333333333333,
            99.87333333333333,
            98.95333333333333
        ],