{
    "global_accuracy_history": [
        10.0,
        10.13,
        26.55,
        45.97,
        56.79
    ],
    "local_accuracy_histories": {
        "0": [
            28.85529899597168,
            37.31317901611328,
            33.89945602416992,
            42.13655090332031,
            49.575408935546875
        ],
        "1": [
            25.88315200805664,
            26.71535301208496,
            31.810462951660156,
            42.32337188720703,
            52.05502700805664
        ],
        "2": [
            26.37567901611328,
            27.513587951660156,
            34.18817901611328,
            43.2404899597168,
            52.802310943603516
        ],
        "3": [
            25.9171199798584,
            26.681386947631836,
            32.60869598388672,
            43.88587188720703,
            51.51155090332031
        ],
        "4": [
            26.834239959716797,
            27.88722801208496,
            31.963315963745117,
            44.2595100402832,
            52.25883102416992
        ],
        "5": [
            26.002038955688477,
            27.24184799194336,
            32.5407600402832,
            42.00067901611328,
            51.953125
        ],
        "6": [
            25.44157600402832,
            26.71535301208496,
            32.744564056396484,
            43.189537048339844,
            50.08491897583008
        ],
        "7": [
            25.83220100402832,
            30.197011947631836,
            34.56182098388672,
            42.23845291137695,
            50.49252700805664
        ],
        "8": [
            26.188859939575195,
            27.360734939575195,
            32.8125,
            43.01970291137695,
            50.951087951660156
        ],
        "9": [
            26.137908935546875,
            28.71942901611328,
            32.50679397583008,
            43.64809799194336,
            51.732337951660156
        ]
    },
    "config": {
        "data_path": "./datasets",
        "split_mode": "iid",
        "batch_select": "random",
        "client_num": 10,
        "subset_frac": 1,
        "classes_per_client": 4,
        "lr": 0.01,
        "epochs": 5,
        "local_epochs": 1,
        "bs": 256,
        "gamma": 0,
        "initial_neighbor_rate": 1,
        "participation_rate": 0.6,
        "communication_rounds": [
            1,
            1,
            1,
            1,
            1,
            1,
            1,
            1,
            1,
            1
        ],
        "test_batch_size": 32,
        "s_ratio": 1.0,
        "min_dense_params": 2048,
        "dense_keywords": [
            "bn",
            "running_mean",
            "running_var",
            "num_batches_tracked",
            "conv1",
            "fc."
        ],
        "use_fedbn": false,
        "lr_decay_step": 10,
        "lr_decay_beta": 0.9
    },
    "elapsed_seconds": 78.65659976005554,
    "elapsed_hms": "0:01:18",
    "run_params": {
        "client_num": 10,
        "local_epochs": 1
    }
}