{
    "global_accuracy_history": [
        10.0,
        10.0,
        36.55,
        39.69,
        47.42
    ],
    "local_accuracy_histories": {
        "0": [
            25.83333396911621,
            34.333335876464844,
            30.75,
            37.583335876464844,
            45.583335876464844
        ],
        "1": [
            23.166667938232422,
            24.83333396911621,
            35.5,
            37.333335876464844,
            46.91666793823242
        ],
        "2": [
            25.166667938232422,
            27.25,
            34.41666793823242,
            42.583335876464844,
            47.16666793823242
        ],
        "3": [
            25.166667938232422,
            25.75,
            31.666667938232422,
            39.75,
            46.583335876464844
        ],
        "4": [
            22.166667938232422,
            24.58333396911621,
            33.583335876464844,
            41.083335876464844,
            43.91666793823242
        ],
        "5": [
            23.58333396911621,
            25.25,
            32.583335876464844,
            38.583335876464844,
            47.833335876464844
        ],
        "6": [
            27.25,
            24.416667938232422,
            31.25,
            36.91666793823242,
            42.083335876464844
        ],
        "7": [
            25.08333396911621,
            26.5,
            36.16666793823242,
            39.16666793823242,
            49.333335876464844
        ],
        "8": [
            24.83333396911621,
            25.166667938232422,
            34.333335876464844,
            38.333335876464844,
            46.41666793823242
        ],
        "9": [
            26.5,
            26.33333396911621,
            31.5,
            43.66666793823242,
            49.083335876464844
        ]
    },
    "config": {
        "data_path": "./datasets",
        "split_mode": "iid",
        "dominant_frac": 0.7,
        "client_num": 10,
        "subset_frac": 1,
        "lr": 0.01,
        "epochs": 50,
        "local_epochs": 1,
        "bs": 32,
        "gamma": 0,
        "initial_neighbor_rate": 1,
        "communication_rate": 0.6,
        "communication_periods": [
            1,
            1,
            1,
            1,
            1,
            1,
            1,
            1,
            1,
            1
        ],
        "test_batch_size": 32,
        "s_ratio": 1.0,
        "min_dense_params": 2048,
        "dense_keywords": [
            "bn",
            "running_mean",
            "running_var",
            "num_batches_tracked",
            "conv1",
            "fc."
        ],
        "use_fedbn": false,
        "lr_decay_step": 10,
        "lr_decay_beta": 0.9
    },
    "elapsed_seconds": 70.12645053863525,
    "elapsed_hms": "0:01:10",
    "run_params": {
        "client_num": 10,
        "local_epochs": 1
    }
}