{
    "global_accuracy_history": [
        9.92,
        20.51,
        37.78,
        47.66,
        60.49,
        64.69,
        68.35,
        72.07,
        76.15,
        77.79,
        79.58,
        80.5,
        81.33,
        82.09,
        83.2,
        83.67,
        84.2,
        84.65,
        84.8,
        85.04,
        85.12,
        85.42,
        85.68,
        85.85,
        85.98,
        86.19,
        86.42,
        86.48,
        86.68,
        86.85,
        86.97,
        87.34,
        87.35,
        87.46,
        87.32,
        87.27,
        87.42,
        87.43,
        87.48,
        87.55,
        87.63,
        87.74,
        87.73,
        87.77,
        87.92,
        87.89,
        88.1,
        88.11,
        87.99,
        88.0,
        88.05,
        88.13,
        88.03,
        88.13,
        88.12,
        87.99,
        88.22,
        87.94,
        88.08,
        88.0
    ],
    "local_accuracy_histories": {
        "0": [
            28.233333333333334,
            28.366666666666667,
            34.15,
            44.666666666666664,
            52.06666666666667,
            60.78333333333333,
            65.95,
            70.33333333333333,
            74.3,
            76.26666666666667,
            78.53333333333333,
            79.93333333333334,
            81.11666666666666,
            81.66666666666667,
            82.83333333333333,
            83.31666666666666,
            84.43333333333334,
            85.15,
            85.35,
            86.05,
            86.25,
            86.3,
            86.41666666666667,
            87.16666666666667,
            87.21666666666667,
            87.25,
            87.78333333333333,
            87.98333333333333,
            88.26666666666667,
            88.41666666666667,
            90.18333333333334,
            88.9,
            89.05,
            89.26666666666667,
            89.75,
            91.4,
            89.83333333333333,
            90.35,
            90.4,
            90.73333333333333,
            90.41666666666667,
            90.63333333333334,
            90.98333333333333,
            91.06666666666666,
            90.93333333333334,
            91.05,
            91.11666666666666,
            91.35,
            91.18333333333334,
            91.65,
            91.71666666666667,
            91.55,
            92.13333333333334,
            91.9,
            91.83333333333333,
            92.23333333333333,
            92.15,
            92.23333333333333,
            92.35,
            92.83333333333333
        ],
        "1": [
            26.533333333333335,
            27.883333333333333,
            33.2,
            44.25,
            51.81666666666667,
            59.86666666666667,
            64.1,
            69.28333333333333,
            72.68333333333334,
            75.85,
            77.71666666666667,
            79.01666666666667,
            80.45,
            81.48333333333333,
            82.35,
            82.91666666666667,
            83.53333333333333,
            84.08333333333333,
            84.8,
            85.1,
            85.85,
            85.88333333333334,
            86.48333333333333,
            86.9,
            87.2,
            87.75,
            87.63333333333334,
            87.93333333333334,
            88.46666666666667,
            88.36666666666666,
            88.7,
            88.98333333333333,
            89.2,
            89.55,
            89.7,
            89.66666666666667,
            90.08333333333333,
            90.35,
            90.63333333333334,
            90.7,
            90.7,
            90.86666666666666,
            91.05,
            91.21666666666667,
            91.46666666666667,
            91.66666666666667,
            91.76666666666667,
            91.9,
            92.05,
            92.25,
            92.76666666666667,
            92.6,
            92.85,
            92.88333333333334,
            92.96666666666667,
            93.0,
            94.03333333333333,
            93.45,
            93.5,
            93.46666666666667
        ],
        "2": [
            26.9,
            29.7,
            33.4,
            43.8,
            52.53333333333333,
            60.583333333333336,
            65.5,
            70.11666666666666,
            74.05,
            76.46666666666667,
            78.6,
            79.25,
            80.4,
            81.18333333333334,
            82.08333333333333,
            82.9,
            83.28333333333333,
            83.75,
            84.5,
            84.78333333333333,
            85.15,
            85.76666666666667,
            85.81666666666666,
            86.01666666666667,
            86.25,
            86.91666666666667,
            87.35,
            87.78333333333333,
            87.68333333333334,
            88.28333333333333,
            88.7,
            88.38333333333334,
            88.56666666666666,
            88.63333333333334,
            88.83333333333333,
            89.11666666666666,
            89.43333333333334,
            89.51666666666667,
            89.71666666666667,
            90.1,
            90.15,
            90.43333333333334,
            90.53333333333333,
            90.61666666666666,
            90.78333333333333,
            91.06666666666666,
            91.16666666666667,
            91.58333333333333,
            91.45,
            91.33333333333333,
            91.61666666666666,
            91.86666666666666,
            92.06666666666666,
            92.15,
            92.11666666666666,
            92.35,
            92.3,
            92.65,
            92.7,
            92.85
        ],
        "3": [
            25.133333333333333,
            26.966666666666665,
            32.61666666666667,
            43.43333333333333,
            51.85,
            60.36666666666667,
            65.05,
            69.05,
            73.5,
            76.13333333333334,
            77.81666666666666,
            78.7,
            79.73333333333333,
            80.76666666666667,
            81.85,
            82.26666666666667,
            82.76666666666667,
            83.51666666666667,
            84.08333333333333,
            84.96666666666667,
            85.38333333333334,
            85.73333333333333,
            86.08333333333333,
            86.63333333333334,
            86.63333333333334,
            86.83333333333333,
            87.26666666666667,
            88.08333333333333,
            87.98333333333333,
            87.91666666666667,
            89.03333333333333,
            88.06666666666666,
            88.45,
            89.11666666666666,
            88.91666666666667,
            89.08333333333333,
            89.33333333333333,
            89.61666666666666,
            89.68333333333334,
            89.86666666666666,
            89.66666666666667,
            90.18333333333334,
            90.45,
            90.3,
            90.53333333333333,
            90.73333333333333,
            90.95,
            91.08333333333333,
            92.03333333333333,
            91.31666666666666,
            91.5,
            91.5,
            92.46666666666667,
            91.78333333333333,
            91.86666666666666,
            91.9,
            91.95,
            92.4,
            92.55,
            92.38333333333334
        ],