{
    "global_accuracy_history": [
        10.14,
        10.02,
        71.0,
        79.13,
        88.46,
        88.01,
        88.72,
        89.64,
        90.27,
        90.48,
        91.06,
        90.5,
        90.82,
        89.99,
        90.91,
        91.26,
        90.72,
        91.15,
        91.28,
        91.22,
        90.9,
        90.77,
        90.56,
        91.25,
        90.89,
        90.92,
        91.21,
        91.0,
        90.83,
        91.45,
        91.54,
        91.59,
        91.65,
        91.11,
        91.52,
        91.44,
        91.44,
        91.44,
        91.58,
        91.62,
        91.65,
        91.6,
        91.62,
        91.56,
        91.56,
        91.52,
        91.6,
        91.57,
        91.57,
        91.55,
        91.56,
        91.61,
        91.62,
        91.59,
        91.52,
        91.61,
        91.59,
        91.57,
        91.59,
        91.63
    ],
    "local_accuracy_histories": {
        "0": [
            86.54333333333334,
            90.20666666666666,
            92.26833333333333,
            94.925,
            96.48333333333333,
            97.32833333333333,
            98.21666666666667,
            98.41333333333333,
            98.46666666666667,
            98.76166666666667,
            99.17666666666666,
            99.08833333333334,
            99.10333333333334,
            99.26666666666667,
            99.10166666666667,
            99.66,
            99.28166666666667,
            99.42333333333333,
            99.71166666666667,
            99.55666666666667,
            99.675,
            99.58333333333333,
            99.70333333333333,
            99.71166666666667,
            99.76666666666667,
            99.72166666666666,
            99.84,
            99.85666666666667,
            99.81333333333333,
            99.96666666666667,
            99.99666666666667,
            99.92666666666666,
            99.965,
            99.915,
            100.0,
            99.98833333333333,
            99.95166666666667,
            99.98666666666666,
            100.0,
            100.0,
            100.0,
            100.0,
            100.0,
            100.0,
            100.0,
            100.0,
            100.0,
            100.0,
            100.0,
            100.0,
            100.0,
            100.0,
            100.0,
            100.0,
            100.0,
            100.0,
            100.0,
            100.0,
            100.0,
            100.0
        ],
        "1": [
            85.4,
            90.74166666666666,
            93.20333333333333,
            95.65666666666667,
            97.1,
            97.84166666666667,
            98.25333333333333,
            98.54166666666667,
            98.765,
            98.98833333333333,
            99.00166666666667,
            99.15166666666667,
            99.08666666666667,
            99.36,
            99.335,
            99.43,
            99.53666666666666,
            99.54166666666667,
            99.59333333333333,
            99.65,
            99.66666666666667,
            99.78,
            99.8,
            99.825,
            99.82166666666667,
            100.0,
            99.83333333333333,
            99.96666666666667,
            99.81333333333333,
            99.945,
            99.95333333333333,
            99.95,
            99.85833333333333,
            99.98666666666666,
            99.99,
            99.98666666666666,
            100.0,
            100.0,
            100.0,
            100.0,
            100.0,
            100.0,
            100.0,
            100.0,
            100.0,
            100.0,
            100.0,
            100.0,
            100.0,
            100.0,
            100.0,
            100.0,
            100.0,
            100.0,
            100.0,
            100.0,
            100.0,
            100.0,
            100.0,
            100.0
        ],
        "2": [
            85.83833333333334,
            91.59666666666666,
            93.23,
            97.13333333333334,
            96.53,
            97.45,
            99.00833333333334,
            98.27333333333333,
            98.71333333333334,
            98.89,
            99.10833333333333,
            99.13666666666667,
            99.20333333333333,
            99.25333333333333,
            99.27666666666667,
            99.44,
            99.435,
            99.78833333333333,
            99.48,
            99.54166666666667,
            99.575,
            99.6,
            99.73333333333333,
            99.695,
            99.69333333333333,
            99.70166666666667,
            99.95666666666666,
            99.78333333333333,
            99.84333333333333,
            99.83666666666667,
            99.96666666666667,
            99.94333333333333,
            99.995,
            99.85666666666667,
            100.0,
            99.99166666666666,
            100.0,
            100.0,
            99.99833333333333,
            100.0,
            100.0,
            100.0,
            100.0,
            100.0,
            100.0,
            100.0,
            100.0,
            100.0,
            100.0,
            100.0,
            100.0,
            100.0,
            100.0,
            100.0,
            100.0,
            100.0,
            100.0,
            100.0,
            100.0,
            100.0
        ],
        "3": [
            85.59166666666667,
            90.01166666666667,
            92.91666666666667,
            95.31333333333333,
            96.74,
            97.61833333333334,
            98.21,
            98.64166666666667,
            98.88166666666666,
            99.00333333333333,
            99.045,
            99.25666666666666,
            99.27833333333334,
            99.355,
            99.40166666666667,
            99.54833333333333,
            99.43666666666667,
            99.745,
            99.58166666666666,
            99.62166666666667,
            100.0,
            99.695,
            99.69,
            99.82666666666667,
            99.89166666666667,
            99.86833333333334,
            99.86833333333334,
            99.88833333333334,
            99.835,
            99.985,
            99.99333333333334,
            99.99666666666667,
            99.80333333333333,
            99.995,
            99.955,
            99.985,
            99.97333333333333,
            100.0,
            100.0,
            100.0,
            100.0,
            100.0,
            100.0,
            100.0,
            100.0,
            100.0,
            100.0,
            100.0,
            100.0,
            100.0,
            100.0,
            100.0,
            100.0,
            100.0,
            100.0,
            100.0,
            100.0,
            100.0,
            100.0,
            100.0
        ],