{
    "global_accuracy_history": [
        15.02,
        38.38,
        55.56,
        64.52,
        72.27,
        77.36,
        79.98,
        80.74,
        82.48,
        83.71,
        84.64,
        85.27,
        85.91,
        85.81,
        86.25,
        86.57,
        86.51,
        86.66,
        86.81,
        86.71,
        86.85,
        87.34,
        87.27,
        87.28,
        87.06,
        88.18,
        88.04,
        87.68,
        88.43,
        88.19,
        88.36,
        88.66,
        88.28,
        88.6,
        88.4,
        88.64,
        88.82,
        88.18,
        88.66,
        88.62,
        88.77,
        88.68,
        88.67,
        88.7,
        88.57,
        88.84,
        89.07,
        88.87,
        89.17,
        88.75,
        88.98,
        88.68,
        88.8,
        88.94,
        88.93,
        89.0,
        89.05,
        89.26,
        89.08,
        89.23
    ],
    "local_accuracy_histories": {
        "0": [
            32.84166666666667,
            38.00833333333333,
            49.50833333333333,
            60.358333333333334,
            67.775,
            74.61666666666666,
            79.18333333333334,
            82.1,
            82.525,
            83.65833333333333,
            84.88333333333334,
            85.91666666666667,
            87.16666666666667,
            86.90833333333333,
            88.49166666666666,
            88.19166666666666,
            89.675,
            88.98333333333333,
            90.93333333333334,
            89.84166666666667,
            90.175,
            90.75833333333334,
            90.9,
            91.63333333333334,
            94.44166666666666,
            91.625,
            92.6,
            92.46666666666667,
            92.5,
            93.025,
            93.08333333333333,
            92.875,
            93.825,
            94.01666666666667,
            94.275,
            95.10833333333333,
            94.28333333333333,
            94.65,
            95.05833333333334,
            95.20833333333333,
            95.64166666666667,
            95.38333333333334,
            96.24166666666666,
            96.175,
            96.0,
            97.10833333333333,
            96.075,
            96.69166666666666,
            96.25,
            97.45,
            96.625,
            96.575,
            96.93333333333334,
            97.39166666666667,
            97.11666666666666,
            97.15833333333333,
            97.63333333333334,
            97.40833333333333,
            97.76666666666667,
            97.84166666666667
        ],
        "1": [
            29.05,
            35.083333333333336,
            48.65833333333333,
            60.03333333333333,
            67.50833333333334,
            74.6,
            78.65,
            80.95833333333333,
            82.69166666666666,
            83.75833333333334,
            84.875,
            85.75,
            86.825,
            87.61666666666666,
            88.26666666666667,
            88.78333333333333,
            91.66666666666667,
            89.775,
            90.38333333333334,
            90.9,
            91.28333333333333,
            92.7,
            91.59166666666667,
            92.08333333333333,
            92.86666666666666,
            93.05833333333334,
            93.15833333333333,
            93.775,
            94.375,
            94.05833333333334,
            94.16666666666667,
            94.80833333333334,
            94.76666666666667,
            95.0,
            94.9,
            95.39166666666667,
            95.45833333333333,
            95.825,
            95.9,
            96.05833333333334,
            96.39166666666667,
            96.33333333333333,
            96.25,
            96.375,
            96.75833333333334,
            97.18333333333334,
            97.025,
            97.16666666666667,
            97.18333333333334,
            98.06666666666666,
            97.75,
            97.85833333333333,
            98.45,
            97.96666666666667,
            98.43333333333334,
            98.21666666666667,
            98.50833333333334,
            98.33333333333333,
            98.53333333333333,
            98.39166666666667
        ],
        "2": [
            31.116666666666667,
            32.65833333333333,
            45.45,
            59.825,
            67.525,
            74.68333333333334,
            79.35,
            81.45,
            82.55,
            83.81666666666666,
            84.84166666666667,
            85.76666666666667,
            86.61666666666666,
            87.50833333333334,
            87.86666666666666,
            90.59166666666667,
            88.89166666666667,
            89.625,
            89.80833333333334,
            90.30833333333334,
            90.475,
            90.85833333333333,
            91.4,
            91.63333333333334,
            91.91666666666667,
            92.49166666666666,
            92.425,
            92.41666666666667,
            93.59166666666667,
            93.175,
            93.375,
            94.21666666666667,
            94.3,
            94.46666666666667,
            94.41666666666667,
            94.5,
            95.28333333333333,
            94.71666666666667,
            94.74166666666666,
            94.75833333333334,
            94.95833333333333,
            95.40833333333333,
            95.69166666666666,
            95.70833333333333,
            95.63333333333334,
            96.05833333333334,
            96.55833333333334,
            96.35833333333333,
            96.54166666666667,
            96.60833333333333,
            96.69166666666666,
            96.88333333333334,
            97.04166666666667,
            97.26666666666667,
            96.96666666666667,
            97.95,
            97.70833333333333,
            97.675,
            97.74166666666666,
            97.96666666666667
        ],
        "3": [
            31.841666666666665,
            33.34166666666667,
            48.96666666666667,
            60.641666666666666,
            67.05833333333334,
            74.4,
            78.51666666666667,
            80.825,
            82.875,
            83.90833333333333,
            85.175,
            86.20833333333333,
            86.65,
            87.46666666666667,
            87.86666666666666,
            88.59166666666667,
            88.875,
            89.35,
            90.00833333333334,
            90.46666666666667,
            90.40833333333333,
            90.55833333333334,
            91.24166666666666,
            91.225,
            94.96666666666667,
            92.75,
            92.49166666666666,
            92.4,
            93.29166666666667,
            93.44166666666666,
            93.625,
            94.55833333333334,
            94.09166666666667,
            94.76666666666667,
            94.44166666666666,
            94.51666666666667,
            94.875,
            94.725,
            95.21666666666667,
            95.35833333333333,
            95.325,
            95.60833333333333,
            96.05,
            95.8,
            95.90833333333333,
            96.6,
            96.41666666666667,
            96.3,
            96.875,
            96.75,
            96.875,
            96.83333333333333,
            97.19166666666666,
            96.825,
            97.325,
            97.15833333333333,
            97.125,
            97.73333333333333,
            97.5,
            98.125
        ],