{
    "global_accuracy_history": [
        10.01,
        49.36,
        74.48,
        78.91,
        82.05,
        81.45,
        84.2,
        83.87,
        84.99,
        84.51,
        85.96,
        84.29,
        85.77,
        87.09,
        86.9,
        87.05,
        87.18,
        86.79,
        86.56,
        86.53,
        87.97,
        88.45,
        88.0,
        88.87,
        87.29,
        88.69,
        89.07,
        89.02,
        89.19,
        88.79,
        89.64,
        88.49,
        88.92,
        89.01,
        89.02,
        89.52,
        89.17,
        89.63,
        89.57,
        88.37,
        89.97,
        89.56,
        89.52,
        89.82,
        89.57,
        89.23,
        89.88,
        89.59,
        88.54,
        90.09,
        90.09,
        90.05,
        90.04,
        90.37,
        88.69,
        89.58,
        89.42,
        90.14,
        89.72,
        89.95
    ],
    "local_accuracy_histories": {
        "0": [
            37.28333333333333,
            56.25,
            71.9,
            77.06666666666666,
            79.68333333333334,
            81.06666666666666,
            82.41666666666667,
            83.28333333333333,
            84.06666666666666,
            85.05,
            85.76666666666667,
            86.51666666666667,
            87.91666666666667,
            87.06666666666666,
            87.71666666666667,
            88.55,
            91.05,
            88.71666666666667,
            89.08333333333333,
            89.85,
            89.78333333333333,
            89.81666666666666,
            90.26666666666667,
            90.41666666666667,
            90.71666666666667,
            90.71666666666667,
            91.41666666666667,
            91.45,
            93.15,
            91.73333333333333,
            92.01666666666667,
            92.75,
            92.53333333333333,
            93.41666666666667,
            93.15,
            93.31666666666666,
            93.23333333333333,
            93.06666666666666,
            93.55,
            93.43333333333334,
            93.51666666666667,
            94.21666666666667,
            96.3,
            94.8,
            94.93333333333334,
            94.75,
            95.35,
            95.53333333333333,
            95.66666666666667,
            95.85,
            95.83333333333333,
            95.96666666666667,
            96.6,
            96.16666666666667,
            96.2,
            95.85,
            96.08333333333333,
            96.76666666666667,
            97.08333333333333,
            96.51666666666667
        ],
        "1": [
            37.483333333333334,
            50.583333333333336,
            70.7,
            77.8,
            80.65,
            81.78333333333333,
            83.21666666666667,
            84.71666666666667,
            85.45,
            85.91666666666667,
            86.63333333333334,
            87.01666666666667,
            87.45,
            87.96666666666667,
            88.51666666666667,
            88.61666666666666,
            89.46666666666667,
            89.58333333333333,
            89.58333333333333,
            90.2,
            90.03333333333333,
            90.91666666666667,
            90.73333333333333,
            91.5,
            91.31666666666666,
            91.81666666666666,
            91.85,
            92.38333333333334,
            92.58333333333333,
            92.78333333333333,
            93.0,
            93.65,
            93.65,
            93.96666666666667,
            94.03333333333333,
            94.43333333333334,
            96.78333333333333,
            97.83333333333333,
            94.56666666666666,
            94.51666666666667,
            94.83333333333333,
            95.13333333333334,
            94.78333333333333,
            95.4,
            95.01666666666667,
            95.65,
            95.63333333333334,
            95.86666666666666,
            96.08333333333333,
            95.58333333333333,
            96.25,
            96.11666666666666,
            96.73333333333333,
            96.71666666666667,
            96.95,
            96.7,
            96.6,
            96.46666666666667,
            96.95,
            97.45
        ],
        "2": [
            37.05,
            53.93333333333333,
            70.13333333333334,
            77.71666666666667,
            79.91666666666667,
            81.56666666666666,
            82.86666666666666,
            83.65,
            84.53333333333333,
            85.28333333333333,
            85.56666666666666,
            86.23333333333333,
            87.01666666666667,
            87.15,
            87.85,
            87.86666666666666,
            88.46666666666667,
            88.96666666666667,
            89.51666666666667,
            89.65,
            89.75,
            90.65,
            90.26666666666667,
            90.9,
            91.25,
            91.2,
            91.73333333333333,
            91.88333333333334,
            91.8,
            92.45,
            91.63333333333334,
            92.45,
            92.61666666666666,
            92.33333333333333,
            93.38333333333334,
            93.33333333333333,
            93.13333333333334,
            93.03333333333333,
            93.2,
            93.76666666666667,
            93.93333333333334,
            94.35,
            94.28333333333333,
            94.55,
            94.9,
            95.1,
            95.08333333333333,
            95.15,
            95.28333333333333,
            95.5,
            95.83333333333333,
            95.65,
            95.33333333333333,
            95.38333333333334,
            96.1,
            95.96666666666667,
            96.15,
            96.05,
            96.18333333333334,
            96.33333333333333
        ],
        "3": [
            35.38333333333333,
            47.65,
            68.16666666666667,
            77.05,
            79.71666666666667,
            81.01666666666667,
            82.48333333333333,
            83.46666666666667,
            84.2,
            84.71666666666667,
            85.51666666666667,
            85.86666666666666,
            86.68333333333334,
            87.13333333333334,
            87.51666666666667,
            87.98333333333333,
            88.03333333333333,
            88.3,
            88.85,
            89.48333333333333,
            89.85,
            90.85,
            90.41666666666667,
            90.93333333333334,
            91.45,
            91.78333333333333,
            91.55,
            91.66666666666667,
            92.03333333333333,
            91.88333333333334,
            92.45,
            92.31666666666666,
            92.7,
            93.1,
            92.75,
            93.21666666666667,
            93.23333333333333,
            93.96666666666667,
            93.68333333333334,
            93.98333333333333,
            94.03333333333333,
            93.95,
            93.75,
            94.0,
            94.26666666666667,
            94.38333333333334,
            94.38333333333334,
            94.48333333333333,
            94.96666666666667,
            95.05,
            95.25,
            95.51666666666667,
            95.18333333333334,
            95.85,
            95.63333333333334,
            95.75,
            96.65,
            96.08333333333333,
            95.93333333333334,
            96.5
        ],