{
    "global_accuracy_history": [
        10.0,
        31.55,
        35.88,
        46.76,
        51.85,
        60.46,
        64.34,
        70.19,
        73.31,
        75.49
    ],
    "local_accuracy_histories": {
        "0": [
            24.33333396911621,
            29.666667938232422,
            33.083335876464844,
            42.833335876464844,
            47.833335876464844,
            54.833335876464844,
            60.25,
            63.0,
            65.91667175292969,
            69.08333587646484
        ],
        "1": [
            26.25,
            31.0,
            39.0,
            43.91666793823242,
            49.083335876464844,
            55.083335876464844,
            59.75,
            61.5,
            68.58333587646484,
            73.66667175292969
        ],
        "2": [
            22.83333396911621,
            31.25,
            37.833335876464844,
            41.16666793823242,
            50.25,
            57.91666793823242,
            61.25,
            64.58333587646484,
            71.25,
            74.08333587646484
        ],
        "3": [
            24.5,
            30.08333396911621,
            39.5,
            43.66666793823242,
            49.16666793823242,
            52.91666793823242,
            60.41666793823242,
            62.16666793823242,
            69.0,
            72.08333587646484
        ],
        "4": [
            23.25,
            29.666667938232422,
            34.66666793823242,
            43.5,
            52.333335876464844,
            57.083335876464844,
            60.91666793823242,
            64.16667175292969,
            70.58333587646484,
            72.16667175292969
        ],
        "5": [
            25.0,
            30.166667938232422,
            37.0,
            44.41666793823242,
            48.583335876464844,
            55.333335876464844,
            61.5,
            63.25,
            69.08333587646484,
            74.0
        ],
        "6": [
            24.75,
            33.5,
            39.583335876464844,
            42.75,
            48.66666793823242,
            56.083335876464844,
            59.083335876464844,
            64.08333587646484,
            68.0,
            72.33333587646484
        ],
        "7": [
            24.33333396911621,
            31.416667938232422,
            38.16666793823242,
            42.583335876464844,
            52.91666793823242,
            53.5,
            59.66666793823242,
            62.16666793823242,
            69.25,
            72.66667175292969
        ],
        "8": [
            23.08333396911621,
            27.416667938232422,
            38.333335876464844,
            42.583335876464844,
            47.66666793823242,
            54.41666793823242,
            61.083335876464844,
            64.58333587646484,
            68.0,
            72.58333587646484
        ],
        "9": [
            26.5,
            31.75,
            38.16666793823242,
            46.41666793823242,
            51.25,
            56.5,
            62.25,
            65.83333587646484,
            70.91667175292969,
            73.91667175292969
        ]
    },
    "config": {
        "data_path": "./datasets",
        "split_mode": "iid",
        "dominant_frac": 0.7,
        "client_num": 10,
        "subset_frac": 0.2,
        "lr": 0.01,
        "epochs": 10,
        "local_epochs": 1,
        "bs": 32,
        "gamma": 0,
        "initial_neighbor_rate": 1,
        "communication_rate": 0.6,
        "communication_periods": [
            1,
            1,
            1,
            1,
            1,
            1,
            1,
            1,
            1,
            1
        ],
        "test_batch_size": 32,
        "s_ratio": 1.0,
        "min_dense_params": 2048,
        "dense_keywords": [
            "bn",
            "running_mean",
            "running_var",
            "num_batches_tracked",
            "conv1",
            "fc."
        ],
        "use_fedbn": false,
        "lr_decay_step": 10,
        "lr_decay_beta": 0.9
    },
    "elapsed_seconds": 262.8697922229767,
    "elapsed_hms": "0:04:22",
    "run_params": {
        "client_num": 10,
        "local_epochs": 1
    }
}