{
    "global_accuracy_history": [
        10.0,
        10.0,
        10.0,
        10.0,
        10.0
    ],
    "local_accuracy_histories": {
        "0": [
            19.21666717529297,
            20.733333587646484,
            25.75,
            28.94999885559082,
            29.100000381469727
        ],
        "1": [
            19.866666793823242,
            21.133333206176758,
            25.91666603088379,
            27.366666793823242,
            29.25
        ],
        "2": [
            20.350000381469727,
            23.183332443237305,
            26.799999237060547,
            27.683332443237305,
            30.066665649414062
        ],
        "3": [
            23.233333587646484,
            23.899999618530273,
            25.58333396911621,
            28.21666717529297,
            29.69999885559082
        ],
        "4": [
            18.83333396911621,
            23.066665649414062,
            25.58333396911621,
            27.91666603088379,
            30.483333587646484
        ],
        "5": [
            23.28333282470703,
            22.933332443237305,
            25.16666603088379,
            27.94999885559082,
            28.600000381469727
        ],
        "6": [
            20.116666793823242,
            22.53333282470703,
            26.433332443237305,
            27.049999237060547,
            30.616666793823242
        ],
        "7": [
            20.733333587646484,
            23.433332443237305,
            25.75,
            28.46666717529297,
            29.94999885559082
        ],
        "8": [
            20.816665649414062,
            22.733333587646484,
            25.44999885559082,
            30.233333587646484,
            28.933332443237305
        ],
        "9": [
            21.299999237060547,
            22.75,
            25.816665649414062,
            27.33333396911621,
            30.616666793823242
        ]
    },
    "config": {
        "data_path": "./datasets",
        "split_mode": "iid",
        "batch_select": "random",
        "client_num": 10,
        "subset_frac": 1,
        "classes_per_client": 4,
        "lr": 0.01,
        "epochs": 5,
        "local_epochs": 1,
        "bs": 1024,
        "gamma": 0,
        "initial_neighbor_rate": 1,
        "participation_rate": 0.6,
        "communication_rounds": [
            1,
            1,
            1,
            1,
            1,
            1,
            1,
            1,
            1,
            1
        ],
        "test_batch_size": 32,
        "s_ratio": 1.0,
        "min_dense_params": 2048,
        "dense_keywords": [
            "bn",
            "running_mean",
            "running_var",
            "num_batches_tracked",
            "conv1",
            "fc."
        ],
        "use_fedbn": false,
        "lr_decay_step": 10,
        "lr_decay_beta": 0.9
    },
    "elapsed_seconds": 137.93877363204956,
    "elapsed_hms": "0:02:17",
    "run_params": {
        "client_num": 10,
        "local_epochs": 1
    }
}