{
    "global_accuracy_history": [
        10.1,
        37.4,
        66.71,
        79.83,
        80.59,
        81.36,
        82.52,
        83.15,
        83.93,
        83.98,
        85.17,
        86.19,
        85.79,
        86.73,
        87.77,
        87.87,
        88.47,
        88.06,
        88.55,
        88.91,
        88.31,
        88.9,
        89.12,
        89.22,
        89.26,
        89.4,
        89.45,
        89.59,
        89.63,
        89.55,
        89.25,
        89.47,
        89.88,
        89.63,
        89.32,
        89.55,
        89.63,
        89.56,
        89.73,
        89.57,
        89.64,
        89.61,
        89.72,
        89.7,
        89.76,
        89.76,
        89.69,
        89.73,
        89.85,
        89.62,
        89.52,
        89.92,
        90.04,
        89.97,
        89.78,
        89.89,
        89.98,
        89.97,
        89.99,
        90.17
    ],
    "local_accuracy_histories": {
        "0": [
            38.975,
            47.63333333333333,
            68.775,
            78.75833333333334,
            81.925,
            84.475,
            85.81666666666666,
            86.80833333333334,
            87.19166666666666,
            88.16666666666667,
            89.01666666666667,
            89.43333333333334,
            89.61666666666666,
            90.36666666666666,
            91.26666666666667,
            91.60833333333333,
            91.91666666666667,
            92.24166666666666,
            93.79166666666667,
            92.825,
            93.1,
            93.98333333333333,
            94.025,
            93.675,
            94.275,
            93.98333333333333,
            93.90833333333333,
            95.41666666666667,
            94.23333333333333,
            94.78333333333333,
            95.025,
            95.15833333333333,
            95.31666666666666,
            96.00833333333334,
            97.36666666666666,
            95.65,
            95.825,
            96.95,
            96.43333333333334,
            96.44166666666666,
            96.91666666666667,
            97.01666666666667,
            97.58333333333333,
            97.31666666666666,
            97.24166666666666,
            97.65833333333333,
            98.225,
            98.125,
            98.11666666666666,
            97.60833333333333,
            98.0,
            98.25833333333334,
            98.41666666666667,
            98.31666666666666,
            98.8,
            98.70833333333333,
            98.975,
            99.125,
            99.15833333333333,
            99.23333333333333
        ],
        "1": [
            33.85,
            47.858333333333334,
            68.89166666666667,
            78.46666666666667,
            81.9,
            84.875,
            85.18333333333334,
            86.70833333333333,
            87.85833333333333,
            88.88333333333334,
            90.61666666666666,
            90.10833333333333,
            90.88333333333334,
            91.10833333333333,
            91.60833333333333,
            91.85833333333333,
            92.53333333333333,
            92.79166666666667,
            93.55,
            93.54166666666667,
            94.35,
            94.78333333333333,
            94.60833333333333,
            95.38333333333334,
            95.45,
            95.8,
            95.74166666666666,
            96.04166666666667,
            96.24166666666666,
            96.4,
            99.11666666666666,
            96.325,
            96.95,
            96.99166666666666,
            97.375,
            97.21666666666667,
            97.66666666666667,
            97.48333333333333,
            99.725,
            97.475,
            98.225,
            98.50833333333334,
            97.8,
            98.8,
            98.26666666666667,
            98.33333333333333,
            98.63333333333334,
            98.29166666666667,
            99.0,
            99.20833333333333,
            99.05833333333334,
            99.06666666666666,
            99.03333333333333,
            99.425,
            99.05833333333334,
            99.425,
            99.31666666666666,
            99.325,
            99.56666666666666,
            99.45833333333333
        ],
        "2": [
            37.275,
            49.36666666666667,
            70.375,
            78.65833333333333,
            81.525,
            84.19166666666666,
            85.93333333333334,
            87.03333333333333,
            88.50833333333334,
            88.4,
            89.48333333333333,
            89.74166666666666,
            90.56666666666666,
            90.825,
            91.21666666666667,
            91.81666666666666,
            92.20833333333333,
            92.76666666666667,
            92.81666666666666,
            92.975,
            93.53333333333333,
            95.24166666666666,
            94.325,
            93.96666666666667,
            94.23333333333333,
            94.975,
            95.175,
            95.66666666666667,
            95.05833333333334,
            95.325,
            95.90833333333333,
            96.13333333333334,
            96.05833333333334,
            96.13333333333334,
            96.41666666666667,
            96.55833333333334,
            96.60833333333333,
            97.2,
            97.33333333333333,
            97.08333333333333,
            97.15833333333333,
            96.45,
            97.41666666666667,
            97.39166666666667,
            97.85833333333333,
            97.775,
            97.93333333333334,
            98.35833333333333,
            98.31666666666666,
            98.56666666666666,
            98.09166666666667,
            98.49166666666666,
            99.10833333333333,
            98.775,
            98.76666666666667,
            99.08333333333333,
            99.3,
            98.88333333333334,
            99.26666666666667,
            99.375
        ],
        "3": [
            38.40833333333333,
            49.65,
            68.43333333333334,
            79.10833333333333,
            82.09166666666667,
            84.05,
            85.61666666666666,
            86.99166666666666,
            87.35833333333333,
            87.98333333333333,
            88.64166666666667,
            89.575,
            89.83333333333333,
            90.375,
            90.71666666666667,
            91.23333333333333,
            92.025,
            92.24166666666666,
            92.175,
            93.81666666666666,
            93.425,
            93.54166666666667,
            94.49166666666666,
            94.18333333333334,
            94.54166666666667,
            95.10833333333333,
            95.275,
            95.53333333333333,
            95.29166666666667,
            95.74166666666666,
            95.68333333333334,
            95.9,
            95.66666666666667,
            96.45833333333333,
            96.96666666666667,
            96.78333333333333,
            96.625,
            96.86666666666666,
            97.41666666666667,
            96.925,
            97.59166666666667,
            98.825,
            97.85833333333333,
            97.93333333333334,
            97.94166666666666,
            98.51666666666667,
            98.45,
            99.1,
            98.94166666666666,
            99.025,
            99.09166666666667,
            98.78333333333333,
            99.475,
            99.275,
            99.29166666666667,
            99.56666666666666,
            99.375,
            99.15,
            99.34166666666667,
            99.33333333333333
        ],