{
    "global_accuracy_history": [
        10.0,
        43.73,
        82.15,
        80.53,
        86.5,
        87.36,
        87.12,
        88.56,
        88.98,
        88.65,
        89.43,
        88.46,
        88.7,
        89.52,
        90.18,
        90.42,
        90.1,
        90.21,
        90.37,
        90.05,
        90.2,
        90.76,
        90.73,
        91.05,
        90.34,
        90.89,
        90.28,
        90.24,
        90.68,
        91.12,
        90.67,
        91.1,
        90.4,
        91.0,
        90.92,
        91.33,
        91.02,
        90.69,
        90.2,
        91.23,
        90.9,
        91.19,
        91.06,
        90.96,
        91.21,
        91.3,
        91.38,
        90.9,
        90.52,
        91.22
    ],
    "local_accuracy_histories": {
        "0": [
            58.95333480834961,
            74.01000213623047,
            85.52000427246094,
            88.43333435058594,
            90.16666412353516,
            91.39666748046875,
            92.21666717529297,
            93.20999908447266,
            94.1866683959961,
            94.83000183105469,
            95.33000183105469,
            95.61333465576172,
            96.09333801269531,
            96.54000091552734,
            96.8800048828125,
            96.95999908447266,
            97.08000183105469,
            97.30999755859375,
            97.52000427246094,
            98.0433349609375,
            98.03333282470703,
            98.1500015258789,
            98.2066650390625,
            98.41999816894531,
            98.4366683959961,
            98.40333557128906,
            98.51667022705078,
            98.73999786376953,
            98.76333618164062,
            99.03333282470703,
            98.87333679199219,
            98.98999786376953,
            99.1433334350586,
            98.93000030517578,
            100.0,
            99.1866683959961,
            99.27999877929688,
            99.11333465576172,
            98.99333190917969,
            99.61666870117188,
            99.41666412353516,
            99.49333190917969,
            99.4866714477539,
            99.53666687011719,
            99.56999969482422,
            99.52999877929688,
            99.53333282470703,
            99.67333221435547,
            99.44000244140625,
            99.91333770751953
        ],
        "1": [
            57.086666107177734,
            78.26333618164062,
            85.72333526611328,
            89.03333282470703,
            90.82666778564453,
            92.07666778564453,
            92.84333801269531,
            93.88333129882812,
            94.28333282470703,
            95.41333770751953,
            95.82333374023438,
            96.2066650390625,
            96.51333618164062,
            96.81999969482422,
            97.11333465576172,
            97.44667053222656,
            97.3800048828125,
            98.12000274658203,
            97.91000366210938,
            98.28333282470703,
            98.56666564941406,
            98.34666442871094,
            98.52000427246094,
            98.4566650390625,
            98.50333404541016,
            98.58000183105469,
            98.79666900634766,
            98.63999938964844,
            98.76333618164062,
            98.98333740234375,
            99.13999938964844,
            99.086669921875,
            99.25,
            99.19000244140625,
            99.26000213623047,
            99.2366714477539,
            99.51000213623047,
            99.46333312988281,
            99.15333557128906,
            99.74333190917969,
            99.49333190917969,
            99.75333404541016,
            99.85333251953125,
            99.51333618164062,
            99.72666931152344,
            99.61666870117188,
            99.57333374023438,
            99.66333770751953,
            99.56999969482422,
            99.836669921875
        ],
        "2": [
            54.10333251953125,
            78.01000213623047,
            85.65333557128906,
            88.5433349609375,
            90.54666900634766,
            91.83000183105469,
            92.93333435058594,
            93.43000030517578,
            94.12000274658203,
            95.0633316040039,
            95.1500015258789,
            95.61000061035156,
            96.16000366210938,
            96.33000183105469,
            96.6433334350586,
            97.03333282470703,
            96.95999908447266,
            97.51667022705078,
            97.45000457763672,
            97.63666534423828,
            97.77999877929688,
            98.086669921875,
            98.20999908447266,
            98.07666778564453,
            98.25333404541016,
            98.4000015258789,
            98.5999984741211,
            98.44000244140625,
            98.6300048828125,
            99.01333618164062,
            99.03666687011719,
            99.00333404541016,
            99.0999984741211,
            98.90666961669922,
            98.87667083740234,
            99.22666931152344,
            99.13666534423828,
            99.41999816894531,
            99.12667083740234,
            99.50666809082031,
            99.54666900634766,
            99.34666442871094,
            99.7300033569336,
            99.70333099365234,
            99.24333190917969,
            99.40666961669922,
            99.80667114257812,
            99.69667053222656,
            99.61000061035156,
            99.7933349609375
        ],
        "3": [
            56.276668548583984,
            79.15333557128906,
            85.27666473388672,
            88.586669921875,
            90.7366714477539,
            91.88333129882812,
            93.05000305175781,
            93.41666412353516,
            94.57666778564453,
            95.80333709716797,
            96.05667114257812,
            96.11333465576172,
            96.61333465576172,
            96.72333526611328,
            97.24666595458984,
            97.41333770751953,
            97.52333068847656,
            97.80333709716797,
            97.83000183105469,
            98.19000244140625,
            98.4866714477539,
            98.56666564941406,
            98.57333374023438,
            98.62333679199219,
            98.80000305175781,
            98.80667114257812,
            98.86000061035156,
            99.0633316040039,
            98.84333801269531,
            99.1866683959961,
            99.2366714477539,
            99.25666809082031,
            99.1866683959961,
            99.28333282470703,
            99.48333740234375,
            99.4800033569336,
            99.19667053222656,
            99.30667114257812,
            99.54666900634766,
            99.6933364868164,
            99.74333190917969,
            99.73999786376953,
            99.80999755859375,
            99.72333526611328,
            99.62000274658203,
            99.70000457763672,
            99.68333435058594,
            99.67333221435547,
            99.5433349609375,
            99.86333465576172
        ],