{
    "global_accuracy_history": [
        6.93,
        29.15,
        43.16,
        55.92,
        60.93,
        66.16,
        67.94,
        72.04,
        75.49,
        78.05,
        79.53,
        80.21,
        81.39,
        81.44,
        82.02,
        82.89,
        84.07,
        83.95,
        84.95,
        84.54,
        84.97,
        84.7,
        85.94,
        85.65,
        86.28,
        85.59,
        86.57,
        86.94,
        87.4,
        87.6,
        87.53,
        87.66,
        87.59,
        87.82,
        87.86,
        88.32,
        88.44,
        87.67,
        88.04,
        88.5,
        88.26,
        88.36,
        88.23,
        88.15,
        88.71,
        88.24,
        88.44,
        88.6,
        88.73,
        88.3,
        88.32,
        87.96,
        88.72,
        88.5,
        88.84,
        88.94,
        88.73,
        89.03,
        88.99,
        89.2
    ],
    "local_accuracy_histories": {
        "0": [
            28.025,
            31.958333333333332,
            41.56666666666667,
            50.11666666666667,
            55.90833333333333,
            62.4,
            65.60833333333333,
            69.725,
            72.975,
            75.525,
            77.95,
            79.66666666666667,
            80.94166666666666,
            82.125,
            82.95,
            83.525,
            84.325,
            85.25,
            85.96666666666667,
            86.18333333333334,
            86.45,
            87.2,
            87.91666666666667,
            88.35,
            88.86666666666666,
            88.86666666666666,
            89.25,
            89.35833333333333,
            89.675,
            90.13333333333334,
            90.60833333333333,
            90.65,
            91.23333333333333,
            91.15,
            91.48333333333333,
            94.525,
            92.275,
            92.48333333333333,
            93.04166666666667,
            92.80833333333334,
            93.05,
            93.325,
            93.79166666666667,
            93.70833333333333,
            93.51666666666667,
            93.85833333333333,
            93.70833333333333,
            93.98333333333333,
            94.19166666666666,
            95.66666666666667,
            94.79166666666667,
            95.81666666666666,
            94.43333333333334,
            95.48333333333333,
            95.625,
            95.29166666666667,
            95.84166666666667,
            94.90833333333333,
            96.29166666666667,
            95.975
        ],
        "1": [
            26.408333333333335,
            32.833333333333336,
            41.333333333333336,
            49.583333333333336,
            58.30833333333333,
            63.458333333333336,
            67.53333333333333,
            69.66666666666667,
            73.025,
            76.03333333333333,
            78.24166666666666,
            79.58333333333333,
            81.05833333333334,
            82.05,
            83.125,
            84.24166666666666,
            84.90833333333333,
            85.375,
            86.15833333333333,
            86.275,
            86.73333333333333,
            87.44166666666666,
            87.49166666666666,
            88.39166666666667,
            88.45,
            88.85,
            89.475,
            89.65,
            89.725,
            90.1,
            90.78333333333333,
            91.25833333333334,
            91.20833333333333,
            91.71666666666667,
            92.06666666666666,
            92.25833333333334,
            92.575,
            92.55,
            94.08333333333333,
            92.91666666666667,
            93.48333333333333,
            93.54166666666667,
            93.625,
            94.1,
            93.84166666666667,
            94.275,
            94.575,
            94.55,
            95.05,
            95.25833333333334,
            95.14166666666667,
            94.975,
            95.96666666666667,
            95.86666666666666,
            95.83333333333333,
            96.45,
            96.58333333333333,
            97.03333333333333,
            96.38333333333334,
            96.20833333333333
        ],
        "2": [
            27.75,
            34.358333333333334,
            41.09166666666667,
            48.61666666666667,
            59.108333333333334,
            64.275,
            67.51666666666667,
            70.575,
            73.79166666666667,
            76.35,
            78.375,
            79.73333333333333,
            81.15833333333333,
            82.175,
            83.24166666666666,
            84.05833333333334,
            84.59166666666667,
            85.09166666666667,
            85.91666666666667,
            86.325,
            86.80833333333334,
            87.35833333333333,
            87.6,
            88.38333333333334,
            88.65,
            88.84166666666667,
            89.25,
            89.96666666666667,
            90.21666666666667,
            90.25833333333334,
            90.88333333333334,
            91.13333333333334,
            91.25,
            91.425,
            91.91666666666667,
            92.08333333333333,
            92.0,
            92.65833333333333,
            92.93333333333334,
            92.91666666666667,
            92.975,
            93.29166666666667,
            92.73333333333333,
            93.225,
            93.66666666666667,
            94.075,
            93.88333333333334,
            93.96666666666667,
            93.8,
            94.53333333333333,
            94.54166666666667,
            94.49166666666666,
            94.96666666666667,
            94.45833333333333,
            94.825,
            94.95833333333333,
            95.0,
            95.175,
            95.575,
            95.63333333333334
        ],
        "3": [
            27.675,
            31.258333333333333,
            39.825,
            48.575,
            58.36666666666667,
            64.45,
            66.71666666666667,
            69.83333333333333,
            72.90833333333333,
            75.54166666666667,
            78.1,
            79.775,
            81.34166666666667,
            82.5,
            83.25833333333334,
            84.24166666666666,
            84.86666666666666,
            85.43333333333334,
            85.98333333333333,
            86.725,
            87.35833333333333,
            87.49166666666666,
            87.80833333333334,
            88.26666666666667,
            88.7,
            90.275,
            89.60833333333333,
            89.84166666666667,
            90.13333333333334,
            90.40833333333333,
            90.61666666666666,
            90.8,
            91.5,
            91.64166666666667,
            91.89166666666667,
            91.875,
            92.58333333333333,
            92.49166666666666,
            92.64166666666667,
            92.80833333333334,
            92.85,
            93.35,
            93.25833333333334,
            93.65833333333333,
            93.775,
            93.925,
            94.26666666666667,
            94.35833333333333,
            94.16666666666667,
            94.48333333333333,
            94.18333333333334,
            94.80833333333334,
            94.88333333333334,
            95.40833333333333,
            95.175,
            95.0,
            95.30833333333334,
            95.16666666666667,
            96.25833333333334,
            95.63333333333334
        ],