{
    "global_accuracy_history": [
        10.0,
        10.0,
        10.0,
        10.0,
        10.0
    ],
    "local_accuracy_histories": {
        "0": [
            12.416666984558105,
            19.08333396911621,
            25.0,
            25.916667938232422,
            28.5
        ],
        "1": [
            18.33333396911621,
            18.166667938232422,
            23.33333396911621,
            24.33333396911621,
            23.916667938232422
        ],
        "2": [
            17.25,
            19.166667938232422,
            25.83333396911621,
            25.08333396911621,
            28.75
        ],
        "3": [
            13.166666984558105,
            17.08333396911621,
            21.58333396911621,
            24.416667938232422,
            26.33333396911621
        ],
        "4": [
            10.416666984558105,
            17.0,
            23.166667938232422,
            24.166667938232422,
            26.666667938232422
        ],
        "5": [
            14.0,
            18.416667938232422,
            23.33333396911621,
            26.0,
            26.166667938232422
        ],
        "6": [
            17.25,
            18.416667938232422,
            22.75,
            25.08333396911621,
            25.33333396911621
        ],
        "7": [
            10.75,
            20.08333396911621,
            24.33333396911621,
            29.666667938232422,
            28.08333396911621
        ],
        "8": [
            17.0,
            20.0,
            23.83333396911621,
            25.75,
            28.08333396911621
        ],
        "9": [
            18.08333396911621,
            19.0,
            24.33333396911621,
            27.25,
            27.33333396911621
        ]
    },
    "config": {
        "data_path": "./datasets",
        "split_mode": "iid",
        "batch_select": "random",
        "client_num": 10,
        "subset_frac": 0.2,
        "classes_per_client": 4,
        "lr": 0.01,
        "epochs": 5,
        "local_epochs": 1,
        "bs": 512,
        "gamma": 0,
        "initial_neighbor_rate": 1,
        "participation_rate": 0.6,
        "communication_rounds": [
            1,
            1,
            1,
            1,
            1,
            1,
            1,
            1,
            1,
            1
        ],
        "test_batch_size": 32,
        "s_ratio": 1.0,
        "min_dense_params": 2048,
        "dense_keywords": [
            "bn",
            "running_mean",
            "running_var",
            "num_batches_tracked",
            "conv1",
            "fc."
        ],
        "use_fedbn": false,
        "lr_decay_step": 10,
        "lr_decay_beta": 0.9
    },
    "elapsed_seconds": 71.00083661079407,
    "elapsed_hms": "0:01:11",
    "run_params": {
        "client_num": 10,
        "local_epochs": 1
    }
}