{
    "global_accuracy_history": [
        10.0,
        36.81,
        50.25,
        64.14,
        71.51
    ],
    "local_accuracy_histories": {
        "0": [
            29.721467971801758,
            35.2751350402832,
            47.826087951660156,
            59.51087188720703,
            66.69497680664062
        ],
        "1": [
            28.32880401611328,
            33.135189056396484,
            47.79212188720703,
            58.763587951660156,
            66.37228393554688
        ],
        "2": [
            30.010190963745117,
            33.525814056396484,
            47.520381927490234,
            57.982337951660156,
            66.42323303222656
        ],
        "3": [
            27.53057098388672,
            33.89945602416992,
            46.11073303222656,
            59.59579086303711,
            66.15149688720703
        ],
        "4": [
            27.68342399597168,
            34.986412048339844,
            47.94497299194336,
            59.03532791137695,
            65.99864196777344
        ],
        "5": [
            28.27785301208496,
            33.79755401611328,
            46.77309799194336,
            58.71263885498047,
            66.72894287109375
        ],
        "6": [
            27.24184799194336,
            34.1032600402832,
            48.36956787109375,
            59.17119598388672,
            65.7778549194336
        ],
        "7": [
            30.28192901611328,
            36.12432098388672,
            47.75815200805664,
            58.67866897583008,
            66.69497680664062
        ],
        "8": [
            29.568614959716797,
            35.478939056396484,
            47.911006927490234,
            59.833560943603516,
            65.98165893554688
        ],
        "9": [
            27.700408935546875,
            35.546875,
            49.01494598388672,
            58.93342590332031,
            66.88179779052734
        ]
    },
    "config": {
        "data_path": "./datasets",
        "split_mode": "iid",
        "batch_select": "random",
        "client_num": 10,
        "subset_frac": 1,
        "classes_per_client": 4,
        "lr": 0.01,
        "epochs": 5,
        "local_epochs": 1,
        "bs": 128,
        "gamma": 0,
        "initial_neighbor_rate": 1,
        "participation_rate": 0.6,
        "communication_rounds": [
            1,
            1,
            1,
            1,
            1,
            1,
            1,
            1,
            1,
            1
        ],
        "test_batch_size": 32,
        "s_ratio": 1.0,
        "min_dense_params": 2048,
        "dense_keywords": [
            "bn",
            "running_mean",
            "running_var",
            "num_batches_tracked",
            "conv1",
            "fc."
        ],
        "use_fedbn": false,
        "lr_decay_step": 10,
        "lr_decay_beta": 0.9
    },
    "elapsed_seconds": 90.76139998435974,
    "elapsed_hms": "0:01:30",
    "run_params": {
        "client_num": 10,
        "local_epochs": 1
    }
}