{
    "global_accuracy_history": [
        10.0,
        10.0,
        65.72,
        77.6,
        80.23,
        82.08,
        82.39,
        84.34,
        84.87,
        86.51,
        87.29,
        87.05,
        87.82,
        87.76,
        87.82,
        88.36,
        87.8,
        88.61,
        87.64,
        87.96,
        87.33,
        87.89,
        87.38,
        88.06,
        87.65,
        87.86,
        87.7,
        87.91,
        88.01,
        88.11,
        88.26,
        88.36,
        87.76,
        87.61,
        88.25,
        88.13,
        88.34,
        88.67,
        88.72,
        89.04,
        88.93,
        88.62,
        88.81,
        88.51,
        89.09,
        88.76,
        89.07,
        88.72,
        88.8,
        89.03,
        89.01,
        88.66,
        89.09,
        88.73,
        88.87,
        88.96,
        89.14,
        88.97,
        88.96,
        89.04
    ],
    "local_accuracy_histories": {
        "0": [
            37.336666666666666,
            58.513333333333335,
            60.223333333333336,
            75.38333333333334,
            80.62333333333333,
            83.65666666666667,
            86.09666666666666,
            88.32333333333334,
            90.59666666666666,
            90.89,
            91.88333333333334,
            93.03333333333333,
            93.38333333333334,
            94.14333333333333,
            94.77,
            94.78333333333333,
            99.05666666666667,
            95.73,
            96.24333333333334,
            96.57333333333334,
            96.85,
            96.57,
            97.01,
            97.11333333333333,
            97.76666666666667,
            97.31,
            97.63333333333334,
            97.93,
            97.75333333333333,
            98.25333333333333,
            97.94333333333333,
            98.33,
            98.0,
            98.06,
            98.45666666666666,
            98.81,
            98.42666666666666,
            98.84666666666666,
            98.65,
            98.97,
            99.08333333333333,
            98.79666666666667,
            99.10333333333334,
            99.30333333333333,
            99.80666666666667,
            99.29333333333334,
            99.48333333333333,
            99.43666666666667,
            99.36666666666666,
            99.52,
            99.56333333333333,
            99.38,
            99.62333333333333,
            99.60333333333334,
            99.49,
            99.77,
            99.58,
            99.81,
            99.96333333333334,
            99.77
        ],
        "1": [
            35.45666666666666,
            44.26,
            60.24666666666667,
            75.19333333333333,
            80.55,
            84.07,
            86.59,
            88.92,
            90.38333333333334,
            91.82666666666667,
            93.49,
            94.37,
            95.22333333333333,
            95.03666666666666,
            95.79666666666667,
            96.16,
            96.14666666666666,
            99.63333333333334,
            96.58333333333333,
            96.86,
            97.42666666666666,
            97.60333333333334,
            97.25666666666666,
            97.77666666666667,
            97.87,
            98.04666666666667,
            98.00333333333333,
            98.38,
            98.47,
            98.68666666666667,
            98.62333333333333,
            98.76,
            98.74666666666667,
            99.04333333333334,
            98.84333333333333,
            99.05333333333333,
            100.0,
            99.31666666666666,
            99.15333333333334,
            99.17,
            99.35,
            99.16,
            99.39,
            99.38333333333334,
            99.51666666666667,
            99.64,
            99.57,
            99.69,
            99.63666666666667,
            99.81,
            99.74666666666667,
            99.74,
            100.0,
            99.79333333333334,
            99.72666666666667,
            99.85666666666667,
            99.83,
            99.90666666666667,
            99.95,
            99.94666666666667
        ],
        "2": [
            35.20666666666666,
            44.983333333333334,
            62.75333333333333,
            76.08666666666667,
            80.97,
            83.83666666666667,
            86.44,
            88.25666666666666,
            89.74,
            91.20333333333333,
            91.66666666666667,
            92.75666666666666,
            93.44333333333333,
            94.52,
            94.71,
            95.42,
            95.79666666666667,
            96.02333333333333,
            96.16333333333333,
            97.25,
            96.9,
            97.28333333333333,
            97.57,
            97.33666666666667,
            97.64,
            98.04333333333334,
            97.82,
            98.53333333333333,
            98.33666666666667,
            98.23666666666666,
            98.07666666666667,
            98.39,
            98.51333333333334,
            98.88,
            98.56333333333333,
            98.89333333333333,
            98.7,
            98.92666666666666,
            99.18666666666667,
            99.06666666666666,
            99.12,
            99.18666666666667,
            99.24333333333334,
            99.20333333333333,
            99.20666666666666,
            99.52,
            99.27333333333333,
            99.55,
            99.68,
            99.66333333333333,
            99.6,
            99.71666666666667,
            99.69666666666667,
            99.97333333333333,
            99.66333333333333,
            99.83333333333333,
            99.86333333333333,
            99.83,
            99.93,
            99.94666666666667
        ],
        "3": [
            32.86666666666667,
            46.373333333333335,
            60.483333333333334,
            75.24666666666667,
            80.74,
            84.03666666666666,
            86.40333333333334,
            88.0,
            89.74666666666667,
            91.22333333333333,
            92.34333333333333,
            93.06333333333333,
            94.18666666666667,
            94.63333333333334,
            94.98333333333333,
            95.17,
            95.70333333333333,
            95.90333333333334,
            96.96666666666667,
            97.17,
            96.81,
            97.19333333333333,
            97.25,
            97.32333333333334,
            97.75666666666666,
            97.85666666666667,
            97.65,
            97.81333333333333,
            98.09,
            98.24333333333334,
            99.99333333333334,
            98.35333333333334,
            98.57,
            98.52666666666667,
            98.61666666666666,
            98.70333333333333,
            98.95333333333333,
            98.83666666666667,
            99.03666666666666,
            99.32666666666667,
            98.98,
            99.79666666666667,
            99.26333333333334,
            99.18,
            99.35,
            99.21666666666667,
            99.42,
            99.66,
            99.61,
            99.73666666666666,
            99.55,
            99.76,
            99.76666666666667,
            99.78,
            99.8,
            99.81333333333333,
            99.8,
            99.76333333333334,
            99.83666666666667,
            99.82666666666667
        ],