{
    "global_accuracy_history": [
        9.99,
        26.55,
        39.54,
        47.43,
        56.92
    ],
    "local_accuracy_histories": {
        "0": [
            25.0,
            28.333333333333332,
            36.583333333333336,
            44.75,
            49.75
        ],
        "1": [
            24.416666666666668,
            27.666666666666668,
            37.416666666666664,
            43.666666666666664,
            49.416666666666664
        ],
        "2": [
            24.75,
            28.083333333333332,
            40.75,
            49.25,
            51.916666666666664
        ],
        "3": [
            25.416666666666668,
            27.333333333333332,
            35.583333333333336,
            42.583333333333336,
            47.583333333333336
        ],
        "4": [
            22.833333333333332,
            26.25,
            37.166666666666664,
            44.333333333333336,
            51.166666666666664
        ],
        "5": [
            24.5,
            31.166666666666668,
            37.666666666666664,
            44.833333333333336,
            50.916666666666664
        ],
        "6": [
            23.75,
            29.666666666666668,
            37.5,
            45.833333333333336,
            50.083333333333336
        ],
        "7": [
            26.916666666666668,
            32.916666666666664,
            38.666666666666664,
            45.5,
            51.916666666666664
        ],
        "8": [
            25.25,
            27.083333333333332,
            37.333333333333336,
            43.666666666666664,
            50.75
        ],
        "9": [
            25.916666666666668,
            26.0,
            38.666666666666664,
            45.166666666666664,
            52.416666666666664
        ]
    },
    "config": {
        "data_path": "./datasets",
        "split_mode": "iid",
        "batch_select": "periodic",
        "client_num": 10,
        "subset_frac": 0.2,
        "classes_per_client": 4,
        "lr": 0.01,
        "epochs": 5,
        "local_epochs": 1,
        "bs": 32,
        "gamma": 0,
        "initial_neighbor_rate": 1,
        "participation_rate": 0.6,
        "communication_rounds": [
            1,
            1,
            1,
            1,
            1,
            1,
            1,
            1,
            1,
            1
        ],
        "test_batch_size": 32,
        "s_ratio": 1.0,
        "min_dense_params": 2048,
        "dense_keywords": [
            "bn",
            "running_mean",
            "running_var",
            "num_batches_tracked",
            "conv1",
            "fc."
        ],
        "use_fedbn": false,
        "lr_decay_step": 10,
        "lr_decay_beta": 0.9
    },
    "elapsed_seconds": 67.15624356269836,
    "elapsed_hms": "0:01:07",
    "run_params": {
        "client_num": 10,
        "local_epochs": 1
    }
}