{
    "global_accuracy_history": [
        10.0,
        35.94,
        49.03,
        64.55,
        80.55,
        80.56,
        85.26,
        84.8,
        86.48,
        85.66,
        86.32,
        85.92,
        85.49,
        85.81,
        86.69,
        87.2,
        87.02,
        86.9,
        85.13,
        86.09,
        86.71,
        85.45,
        87.15,
        87.02,
        87.48,
        86.57,
        87.07,
        87.33,
        87.06,
        87.4,
        86.71,
        87.08,
        86.83,
        86.68,
        86.79,
        86.35,
        86.42,
        86.08,
        87.21,
        87.37,
        86.75,
        87.32,
        87.1,
        87.11,
        87.57,
        87.48,
        86.9,
        87.47,
        87.59,
        87.52
    ],
    "local_accuracy_histories": {
        "0": [
            68.43333435058594,
            82.54833221435547,
            91.61000061035156,
            93.95000457763672,
            96.99666595458984,
            97.46333312988281,
            98.08833312988281,
            98.06666564941406,
            99.99833679199219,
            98.50333404541016,
            98.61333465576172,
            98.91000366210938,
            98.8183364868164,
            98.83833312988281,
            99.99666595458984,
            98.97333526611328,
            98.99666595458984,
            99.0050048828125,
            99.14833068847656,
            99.5050048828125,
            99.26000213623047,
            99.16666412353516,
            99.23500061035156,
            99.5633316040039,
            99.961669921875,
            99.05999755859375,
            99.44667053222656,
            99.375,
            99.3800048828125,
            99.65499877929688,
            99.8566665649414,
            99.47000122070312,
            99.67333221435547,
            99.50167083740234,
            99.49500274658203,
            99.68167114257812,
            99.4000015258789,
            100.0,
            99.53333282470703,
            99.76166534423828,
            99.68000030517578,
            99.78666687011719,
            99.72833251953125,
            99.62667083740234,
            99.79666900634766,
            99.78333282470703,
            99.52333068847656,
            99.59000396728516,
            99.70000457763672,
            99.91333770751953
        ],
        "1": [
            70.08833312988281,
            84.05500030517578,
            89.84500122070312,
            94.45166778564453,
            96.67666625976562,
            97.5183334350586,
            99.9816665649414,
            98.09166717529297,
            98.58333587646484,
            99.04499816894531,
            98.84333801269531,
            98.84500122070312,
            99.16666412353516,
            99.04833221435547,
            99.05833435058594,
            99.0,
            99.5999984741211,
            99.08499908447266,
            99.20166778564453,
            99.66666412353516,
            99.35166931152344,
            99.36666870117188,
            99.5,
            99.57666778564453,
            99.32500457763672,
            99.49666595458984,
            99.49333190917969,
            99.66500091552734,
            99.34333801269531,
            99.75167083740234,
            99.711669921875,
            99.65166473388672,
            99.69833374023438,
            99.64167022705078,
            99.59500122070312,
            99.62000274658203,
            99.68000030517578,
            99.74333190917969,
            99.6883316040039,
            99.80166625976562,
            99.77999877929688,
            99.65666961669922,
            99.95500183105469,
            99.70833587646484,
            99.6066665649414,
            99.85333251953125,
            99.99666595458984,
            99.53500366210938,
            99.75833129882812,
            99.96500396728516
        ],
        "2": [
            67.65666961669922,
            82.63833618164062,
            90.12166595458984,
            95.94667053222656,
            96.06666564941406,
            97.26000213623047,
            97.86833190917969,
            98.02666473388672,
            98.33333587646484,
            98.77333068847656,
            98.79000091552734,
            98.91666412353516,
            98.9183349609375,
            98.99666595458984,
            98.9749984741211,
            99.11833190917969,
            99.1433334350586,
            99.07833099365234,
            99.20333099365234,
            99.5683364868164,
            99.33499908447266,
            99.4800033569336,
            99.38333129882812,
            99.41999816894531,
            99.4383316040039,
            99.38166809082031,
            99.36499786376953,
            99.38666534423828,
            99.53500366210938,
            99.80500030517578,
            99.47666931152344,
            99.59666442871094,
            99.5250015258789,
            99.57833099365234,
            99.72666931152344,
            99.53500366210938,
            99.5,
            99.60333251953125,
            99.59166717529297,
            99.95333099365234,
            99.58333587646484,
            99.78666687011719,
            99.76667022705078,
            99.80999755859375,
            99.58833312988281,
            99.98833465576172,
            99.6883316040039,
            99.69667053222656,
            99.9816665649414,
            99.74500274658203
        ],
        "3": [
            68.60333251953125,
            81.45500183105469,
            92.94833374023438,
            93.59833526611328,
            96.06999969482422,
            98.20166778564453,
            97.6933364868164,
            98.08333587646484,
            98.36499786376953,
            99.20166778564453,
            98.71833801269531,
            98.88333129882812,
            98.8566665649414,
            98.95000457763672,
            98.75666809082031,
            99.13333129882812,
            99.14500427246094,
            99.03500366210938,
            99.19166564941406,
            99.54000091552734,
            99.30333709716797,
            99.375,
            99.32666778564453,
            99.27666473388672,
            99.29000091552734,
            99.40499877929688,
            99.73333740234375,
            99.38166809082031,
            99.43000030517578,
            100.0,
            99.61666870117188,
            99.59333801269531,
            99.83000183105469,
            99.3933334350586,
            99.65833282470703,
            99.9866714477539,
            99.51499938964844,
            99.5816650390625,
            99.59166717529297,
            99.93167114257812,
            99.71833801269531,
            100.0,
            99.75666809082031,
            99.77166748046875,
            99.70333099365234,
            99.67666625976562,
            99.99166870117188,
            99.57500457763672,
            99.68167114257812,
            99.8316650390625
        ],