{
    "global_accuracy_history": [
        10.0,
        11.19,
        85.5,
        65.29,
        75.68,
        87.83,
        87.61,
        86.63,
        88.25,
        87.1,
        89.53,
        87.55,
        89.44,
        90.84,
        89.67,
        89.98,
        90.3,
        91.07,
        91.11,
        89.85,
        90.82,
        91.12,
        90.42,
        90.51,
        90.99,
        90.49,
        90.63,
        90.54,
        90.14,
        90.32,
        90.83,
        90.52,
        90.8,
        91.27,
        90.66,
        90.65,
        90.68,
        90.57,
        91.36,
        90.87,
        91.39,
        91.37,
        91.33,
        91.3,
        91.45,
        91.37,
        91.5,
        91.44,
        91.43,
        91.43,
        91.42,
        91.45,
        91.37,
        91.43,
        91.34,
        91.39,
        91.49,
        91.46,
        91.45,
        91.41
    ],
    "local_accuracy_histories": {
        "0": [
            75.38666666666667,
            81.56333333333333,
            89.02666666666667,
            92.12333333333333,
            93.63,
            94.68333333333334,
            96.55666666666667,
            96.04333333333334,
            96.52333333333333,
            97.01333333333334,
            97.34333333333333,
            99.86,
            97.67666666666666,
            97.86333333333333,
            98.12666666666667,
            99.20333333333333,
            98.40666666666667,
            98.80333333333333,
            98.93,
            99.07,
            99.19666666666667,
            99.15333333333334,
            99.16666666666667,
            99.28,
            99.30333333333333,
            99.44333333333333,
            99.62333333333333,
            100.0,
            99.50666666666666,
            99.81333333333333,
            99.99,
            99.65333333333334,
            99.81666666666666,
            99.95333333333333,
            99.51333333333334,
            99.85,
            99.94666666666667,
            99.90333333333334,
            99.99666666666667,
            99.98,
            100.0,
            100.0,
            100.0,
            100.0,
            100.0,
            100.0,
            100.0,
            100.0,
            100.0,
            100.0,
            100.0,
            100.0,
            100.0,
            100.0,
            100.0,
            100.0,
            100.0,
            100.0,
            100.0,
            100.0
        ],
        "1": [
            75.17333333333333,
            86.35666666666667,
            90.47666666666667,
            93.76333333333334,
            94.55333333333333,
            95.88,
            96.24,
            97.09333333333333,
            97.25666666666666,
            97.22,
            98.04333333333334,
            98.08666666666667,
            98.04333333333334,
            98.46333333333334,
            98.34,
            98.35666666666667,
            98.71333333333334,
            98.87333333333333,
            99.07666666666667,
            99.14,
            99.42,
            99.23333333333333,
            99.41333333333333,
            99.33666666666667,
            99.49,
            99.57,
            99.67666666666666,
            99.87666666666667,
            99.90333333333334,
            99.63666666666667,
            99.99,
            99.79,
            99.90666666666667,
            99.81666666666666,
            99.94,
            99.99333333333334,
            99.81666666666666,
            99.99666666666667,
            100.0,
            100.0,
            100.0,
            100.0,
            100.0,
            100.0,
            100.0,
            100.0,
            100.0,
            100.0,
            100.0,
            100.0,
            100.0,
            100.0,
            100.0,
            100.0,
            100.0,
            100.0,
            100.0,
            100.0,
            100.0,
            100.0
        ],
        "2": [
            74.19333333333333,
            86.20333333333333,
            90.57,
            92.02333333333333,
            93.52,
            95.02666666666667,
            94.95333333333333,
            95.58666666666667,
            96.41,
            96.75666666666666,
            97.22666666666667,
            97.36,
            97.64333333333333,
            98.13666666666667,
            98.3,
            98.27,
            98.55333333333333,
            98.63,
            98.62666666666667,
            98.66666666666667,
            98.94,
            99.07333333333334,
            99.15,
            99.09333333333333,
            99.57666666666667,
            99.48666666666666,
            99.64666666666666,
            99.61333333333333,
            99.83,
            99.70666666666666,
            99.85333333333334,
            99.58333333333333,
            99.91,
            99.83333333333333,
            99.90333333333334,
            99.72666666666667,
            100.0,
            99.99333333333334,
            99.99,
            99.99666666666667,
            100.0,
            100.0,
            100.0,
            100.0,
            100.0,
            100.0,
            100.0,
            100.0,
            100.0,
            100.0,
            100.0,
            100.0,
            100.0,
            100.0,
            100.0,
            100.0,
            100.0,
            100.0,
            100.0,
            100.0
        ],
        "3": [
            72.12333333333333,
            85.26666666666667,
            89.34,
            92.15666666666667,
            93.65,
            94.19666666666667,
            95.85666666666667,
            95.94,
            97.84333333333333,
            96.59666666666666,
            97.36333333333333,
            97.65666666666667,
            98.07,
            98.38666666666667,
            98.50666666666666,
            98.66,
            98.57666666666667,
            98.62333333333333,
            98.53333333333333,
            99.05666666666667,
            99.31,
            99.13666666666667,
            99.24666666666667,
            99.41,
            99.06333333333333,
            99.52,
            99.61333333333333,
            99.77333333333333,
            99.57666666666667,
            99.69666666666667,
            99.90333333333334,
            99.50666666666666,
            99.80666666666667,
            99.65,
            99.95,
            99.83333333333333,
            99.97,
            99.99333333333334,
            99.77666666666667,
            100.0,
            99.99666666666667,
            100.0,
            100.0,
            100.0,
            100.0,
            100.0,
            100.0,
            100.0,
            100.0,
            100.0,
            100.0,
            100.0,
            100.0,
            100.0,
            100.0,
            100.0,
            100.0,
            100.0,
            100.0,
            100.0
        ],