{
    "global_accuracy_history": [
        10.0,
        10.01,
        10.23,
        15.19,
        28.03,
        29.86,
        34.73,
        34.57,
        36.76,
        44.56,
        45.98,
        47.66,
        57.82,
        59.73,
        63.46,
        66.08,
        66.06,
        65.61,
        67.08,
        67.6,
        63.4,
        69.11,
        70.43,
        73.6,
        72.47,
        69.82,
        71.76,
        72.86,
        75.35,
        75.12,
        75.86,
        72.73,
        73.34,
        71.38,
        73.57,
        73.41,
        72.66,
        73.34,
        72.47,
        73.69,
        74.92,
        75.33,
        73.22,
        74.72,
        74.53,
        73.99,
        71.87,
        75.72,
        75.11,
        75.83
    ],
    "local_accuracy_histories": {
        "0": [
            34.29999923706055,
            41.11666488647461,
            50.86666488647461,
            55.58333206176758,
            66.06666564941406,
            73.83333587646484,
            77.44999694824219,
            78.78333282470703,
            80.58333587646484,
            81.96666717529297,
            83.36666870117188,
            84.19999694824219,
            84.6500015258789,
            85.94999694824219,
            87.06666564941406,
            87.75,
            87.8499984741211,
            88.88333129882812,
            89.81666564941406,
            90.6500015258789,
            90.88333129882812,
            91.94999694824219,
            91.93333435058594,
            92.06666564941406,
            92.75,
            93.54999542236328,
            93.75,
            94.5999984741211,
            93.8499984741211,
            95.86666870117188,
            96.0999984741211,
            95.86666870117188,
            96.26666259765625,
            96.48332977294922,
            96.56666564941406,
            97.19999694824219,
            97.04999542236328,
            97.23332977294922,
            98.51666259765625,
            98.03333282470703,
            98.33333587646484,
            98.26666259765625,
            98.1500015258789,
            98.36666870117188,
            97.93333435058594,
            98.56666564941406,
            98.51666259765625,
            99.46666717529297,
            98.8499984741211,
            99.46666717529297
        ],
        "1": [
            32.150001525878906,
            42.79999923706055,
            51.31666564941406,
            59.06666564941406,
            69.28333282470703,
            75.58333587646484,
            78.3499984741211,
            79.54999542236328,
            81.0,
            82.66666412353516,
            84.38333129882812,
            84.6500015258789,
            85.75,
            86.94999694824219,
            87.78333282470703,
            89.54999542236328,
            89.19999694824219,
            89.58333587646484,
            89.98332977294922,
            91.5,
            91.18333435058594,
            92.48332977294922,
            92.76666259765625,
            93.5,
            93.29999542236328,
            93.73332977294922,
            94.44999694824219,
            94.5999984741211,
            95.0999984741211,
            95.4000015258789,
            95.88333129882812,
            95.91666412353516,
            96.5,
            96.03333282470703,
            97.36666870117188,
            97.26666259765625,
            97.51666259765625,
            98.41666412353516,
            98.0999984741211,
            98.41666412353516,
            98.5999984741211,
            98.93333435058594,
            99.33333587646484,
            98.96666717529297,
            98.93333435058594,
            99.0,
            99.33333587646484,
            98.8499984741211,
            98.98332977294922,
            99.76666259765625
        ],
        "2": [
            34.20000076293945,
            40.483333587646484,
            46.54999923706055,
            58.45000076293945,
            70.11666870117188,
            75.26666259765625,
            77.9000015258789,
            79.61666870117188,
            81.54999542236328,
            82.93333435058594,
            83.48332977294922,
            84.71666717529297,
            85.23332977294922,
            86.46666717529297,
            87.46666717529297,
            87.61666870117188,
            88.43333435058594,
            88.9000015258789,
            90.78333282470703,
            91.06666564941406,
            91.1500015258789,
            91.5,
            92.16666412353516,
            92.54999542236328,
            92.61666870117188,
            93.53333282470703,
            93.75,
            94.73332977294922,
            94.29999542236328,
            95.76666259765625,
            95.38333129882812,
            95.68333435058594,
            95.83333587646484,
            96.0999984741211,
            96.8499984741211,
            96.38333129882812,
            96.81666564941406,
            97.38333129882812,
            97.44999694824219,
            98.06666564941406,
            98.04999542236328,
            98.4000015258789,
            98.4000015258789,
            98.26666259765625,
            98.75,
            98.46666717529297,
            98.63333129882812,
            99.33333587646484,
            98.78333282470703,
            99.19999694824219
        ],
        "3": [
            31.21666717529297,
            39.733333587646484,
            48.383331298828125,
            60.266666412353516,
            70.88333129882812,
            75.31666564941406,
            78.33333587646484,
            79.71666717529297,
            81.23332977294922,
            82.68333435058594,
            83.93333435058594,
            84.6500015258789,
            85.41666412353516,
            85.86666870117188,
            86.86666870117188,
            87.25,
            88.04999542236328,
            88.79999542236328,
            89.96666717529297,
            90.13333129882812,
            91.11666870117188,
            91.03333282470703,
            92.21666717529297,
            92.28333282470703,
            92.3499984741211,
            93.08333587646484,
            93.75,
            94.5,
            94.41666412353516,
            95.16666412353516,
            95.94999694824219,
            96.0,
            96.36666870117188,
            96.91666412353516,
            97.1500015258789,
            96.8499984741211,
            97.0,
            97.4000015258789,
            97.41666412353516,
            98.01666259765625,
            98.06666564941406,
            98.13333129882812,
            98.63333129882812,
            98.63333129882812,
            99.0,
            98.76666259765625,
            98.9000015258789,
            98.75,
            99.13333129882812,
            99.23332977294922
        ],