{
    "global_accuracy_history": [
        10.01,
        26.87,
        72.41,
        88.84,
        87.9,
        89.77,
        89.72,
        89.84,
        90.37,
        90.41,
        90.51,
        89.87,
        90.53,
        89.52,
        90.75,
        90.43,
        90.29,
        90.71,
        90.72,
        90.78,
        91.05,
        91.26,
        90.18,
        90.88,
        90.85,
        91.43,
        90.76,
        91.12,
        91.1,
        91.0,
        91.37,
        90.88,
        91.49,
        91.41,
        91.33,
        91.04,
        91.37,
        91.57,
        90.85,
        91.54,
        91.09,
        91.48,
        91.37,
        91.22,
        91.65,
        91.37,
        91.51,
        91.6,
        91.26,
        91.56,
        91.45,
        91.68,
        91.45,
        91.56,
        91.64,
        91.55,
        91.39,
        91.43,
        91.62,
        91.51
    ],
    "local_accuracy_histories": {
        "0": [
            80.46500396728516,
            87.76166534423828,
            91.74833679199219,
            94.69000244140625,
            95.87333679199219,
            97.1300048828125,
            99.87833404541016,
            97.90666961669922,
            98.89167022705078,
            98.45833587646484,
            100.0,
            98.84500122070312,
            98.82167053222656,
            98.79000091552734,
            99.14666748046875,
            99.19000244140625,
            99.44166564941406,
            99.22666931152344,
            99.42333221435547,
            99.50666809082031,
            99.59666442871094,
            99.70166778564453,
            99.58833312988281,
            99.64500427246094,
            99.7683334350586,
            99.76000213623047,
            99.7066650390625,
            99.7933349609375,
            99.8183364868164,
            99.87166595458984,
            99.80667114257812,
            99.82333374023438,
            99.95333099365234,
            99.92666625976562,
            99.95166778564453,
            99.9866714477539,
            99.86333465576172,
            99.99666595458984,
            99.88166809082031,
            99.99500274658203,
            99.92666625976562,
            99.95166778564453,
            99.98500061035156,
            99.92666625976562,
            100.0,
            99.95999908447266,
            99.99666595458984,
            99.99666595458984,
            99.95166778564453,
            100.0,
            99.99833679199219,
            100.0,
            99.99666595458984,
            100.0,
            100.0,
            100.0,
            99.9749984741211,
            100.0,
            99.99833679199219,
            100.0
        ],
        "1": [
            80.63833618164062,
            88.53166961669922,
            92.82333374023438,
            94.77000427246094,
            96.27333068847656,
            97.3616714477539,
            97.9800033569336,
            98.30999755859375,
            98.62333679199219,
            98.6866683959961,
            98.80166625976562,
            98.99166870117188,
            99.25666809082031,
            99.16333770751953,
            99.4433364868164,
            99.30999755859375,
            99.37833404541016,
            99.49666595458984,
            99.56500244140625,
            99.53500366210938,
            99.59000396728516,
            99.60333251953125,
            99.70000457763672,
            99.77999877929688,
            99.68167114257812,
            99.7550048828125,
            99.70333099365234,
            99.81666564941406,
            99.7300033569336,
            99.76499938964844,
            99.80999755859375,
            99.836669921875,
            99.86000061035156,
            99.87833404541016,
            99.80166625976562,
            99.95333099365234,
            99.89666748046875,
            99.98333740234375,
            99.86833190917969,
            99.91999816894531,
            99.93000030517578,
            99.98333740234375,
            99.99833679199219,
            99.99333190917969,
            99.99333190917969,
            99.9816665649414,
            100.0,
            100.0,
            100.0,
            100.0,
            99.97666931152344,
            100.0,
            100.0,
            99.99833679199219,
            99.99666595458984,
            100.0,
            100.0,
            100.0,
            100.0,
            100.0
        ],
        "2": [
            82.05500030517578,
            88.43333435058594,
            91.68499755859375,
            95.06999969482422,
            95.84666442871094,
            96.95000457763672,
            97.5250015258789,
            98.00833129882812,
            98.13166809082031,
            98.54833221435547,
            98.60833740234375,
            98.79166412353516,
            98.96500396728516,
            98.89500427246094,
            99.28333282470703,
            99.15333557128906,
            99.34500122070312,
            99.34333801269531,
            99.3933334350586,
            99.44499969482422,
            99.60166931152344,
            99.59666442871094,
            99.56999969482422,
            99.5616683959961,
            99.71833801269531,
            99.64666748046875,
            99.61000061035156,
            99.62667083740234,
            99.79833221435547,
            99.73999786376953,
            99.76499938964844,
            99.80166625976562,
            99.875,
            99.8566665649414,
            99.9749984741211,
            99.86666870117188,
            99.94000244140625,
            99.87166595458984,
            99.8566665649414,
            99.94166564941406,
            99.87000274658203,
            99.99333190917969,
            99.99666595458984,
            99.97333526611328,
            99.95166778564453,
            99.99333190917969,
            99.94166564941406,
            99.98833465576172,
            100.0,
            100.0,
            100.0,
            99.99833679199219,
            100.0,
            99.98999786376953,
            100.0,
            100.0,
            100.0,
            99.92166900634766,
            100.0,
            100.0
        ],
        "3": [
            79.72000122070312,
            87.89833068847656,
            92.04000091552734,
            94.54000091552734,
            95.87999725341797,
            97.04666900634766,
            97.45000457763672,
            98.19499969482422,
            98.41333770751953,
            98.42833709716797,
            98.9183349609375,
            98.961669921875,
            99.04000091552734,
            99.09166717529297,
            99.3933334350586,
            99.34166717529297,
            99.36000061035156,
            99.56666564941406,
            99.37000274658203,
            99.55500030517578,
            99.49833679199219,
            99.55500030517578,
            99.59333801269531,
            99.4866714477539,
            99.5683364868164,
            99.5999984741211,
            99.6883316040039,
            99.85166931152344,
            99.72833251953125,
            99.8116683959961,
            99.80333709716797,
            99.84000396728516,
            99.95999908447266,
            99.96500396728516,
            99.80667114257812,
            99.9816665649414,
            99.92500305175781,
            99.8933334350586,
            99.99666595458984,
            99.97333526611328,
            99.96333312988281,
            99.92500305175781,
            100.0,
            99.99500274658203,
            99.99166870117188,
            99.97666931152344,
            99.99333190917969,
            99.99666595458984,
            100.0,
            100.0,
            100.0,
            100.0,
            100.0,
            99.99833679199219,
            100.0,
            100.0,
            99.99833679199219,
            100.0,
            100.0,
            100.0
        ],