{
    "global_accuracy_history": [
        17.24,
        20.91,
        82.05,
        85.37,
        86.91,
        87.92,
        87.02,
        88.19,
        87.57,
        87.79,
        88.24,
        89.04,
        89.24,
        89.79,
        89.93,
        89.05,
        90.01,
        90.0,
        90.32,
        90.44,
        90.09,
        90.01,
        90.06,
        89.99,
        90.14,
        90.25,
        89.94,
        90.56,
        90.51,
        90.61,
        90.48,
        90.69,
        90.4,
        90.47,
        90.69,
        90.51,
        90.51,
        90.83,
        90.38,
        91.18,
        90.03,
        90.69,
        90.53,
        90.64,
        90.33,
        90.53,
        90.93,
        91.05,
        90.84,
        90.99,
        90.63,
        91.2,
        91.21,
        91.35,
        91.08,
        91.3,
        89.73,
        90.94,
        91.14,
        91.41
    ],
    "local_accuracy_histories": {
        "0": [
            58.13666666666666,
            81.03666666666666,
            85.23666666666666,
            89.75333333333333,
            91.99,
            93.41333333333333,
            93.94333333333333,
            95.1,
            95.76333333333334,
            95.65,
            97.63333333333334,
            96.48,
            96.84333333333333,
            97.33666666666667,
            97.49,
            97.15333333333334,
            99.91,
            97.53,
            98.09,
            99.98333333333333,
            98.06666666666666,
            98.42,
            98.74666666666667,
            98.51,
            98.76333333333334,
            98.55,
            99.09,
            99.36666666666666,
            100.0,
            98.61666666666666,
            99.04666666666667,
            99.99333333333334,
            98.93666666666667,
            99.28666666666666,
            99.3,
            99.42666666666666,
            99.28666666666666,
            99.35333333333334,
            99.36666666666666,
            99.88666666666667,
            99.29666666666667,
            100.0,
            99.38,
            99.60666666666667,
            99.65,
            99.66,
            99.72666666666667,
            99.88666666666667,
            99.75666666666666,
            99.98333333333333,
            99.32666666666667,
            99.99,
            99.98666666666666,
            100.0,
            99.91333333333333,
            99.99333333333334,
            99.19,
            100.0,
            99.97333333333333,
            100.0
        ],
        "1": [
            54.56666666666667,
            76.23666666666666,
            86.02333333333333,
            90.20666666666666,
            92.47666666666667,
            93.56333333333333,
            94.37666666666667,
            95.62333333333333,
            96.03333333333333,
            96.33666666666667,
            96.74,
            96.91,
            97.31666666666666,
            97.19333333333333,
            97.09333333333333,
            97.48,
            97.64666666666666,
            97.75666666666666,
            98.19666666666667,
            98.19666666666667,
            98.28666666666666,
            98.47333333333333,
            98.52666666666667,
            98.64,
            99.04333333333334,
            98.73333333333333,
            98.78,
            98.75,
            98.95333333333333,
            99.06666666666666,
            99.16333333333333,
            99.39666666666666,
            99.01333333333334,
            99.38333333333334,
            99.11666666666666,
            99.28333333333333,
            99.35333333333334,
            99.07333333333334,
            99.49333333333334,
            99.70666666666666,
            99.34333333333333,
            99.42333333333333,
            99.44666666666667,
            99.51333333333334,
            99.76666666666667,
            99.49,
            99.86666666666666,
            99.62,
            99.45666666666666,
            99.69666666666667,
            99.54333333333334,
            99.89333333333333,
            99.95,
            99.79666666666667,
            99.95,
            99.31666666666666,
            99.97,
            99.91,
            100.0,
            99.95333333333333
        ],
        "2": [
            58.35,
            76.42666666666666,
            86.12666666666667,
            89.51,
            91.46,
            92.75,
            94.48,
            94.64333333333333,
            95.33666666666667,
            95.99,
            96.07333333333334,
            96.16666666666667,
            96.76333333333334,
            97.0,
            97.24333333333334,
            97.4,
            97.7,
            97.78333333333333,
            98.09666666666666,
            97.86333333333333,
            97.90333333333334,
            97.94333333333333,
            98.06,
            98.26,
            98.25333333333333,
            98.43666666666667,
            98.76666666666667,
            99.06333333333333,
            99.25333333333333,
            99.5,
            99.06333333333333,
            99.32333333333334,
            98.92666666666666,
            99.16666666666667,
            99.95666666666666,
            99.06666666666666,
            99.21666666666667,
            99.28666666666666,
            99.60666666666667,
            99.25333333333333,
            99.39333333333333,
            99.96666666666667,
            99.35666666666667,
            99.96666666666667,
            99.42666666666666,
            99.49,
            99.92333333333333,
            99.86333333333333,
            99.91333333333333,
            99.19,
            99.57,
            99.5,
            99.90666666666667,
            99.90666666666667,
            99.75666666666666,
            99.99,
            99.66666666666667,
            99.99666666666667,
            99.13333333333334,
            100.0
        ],
        "3": [
            54.803333333333335,
            77.72666666666667,
            85.49666666666667,
            89.62,
            91.56333333333333,
            92.70666666666666,
            94.75,
            94.61,
            96.9,
            95.79,
            96.57,
            96.96,
            96.95333333333333,
            97.34666666666666,
            97.48,
            97.7,
            97.76333333333334,
            97.76666666666667,
            98.07333333333334,
            98.38666666666667,
            98.24,
            98.57666666666667,
            98.67666666666666,
            98.73,
            98.88333333333334,
            98.62,
            98.74333333333334,
            98.97333333333333,
            98.93,
            98.97333333333333,
            99.18333333333334,
            99.38,
            99.07666666666667,
            99.5,
            99.36666666666666,
            99.56,
            99.87666666666667,
            99.27666666666667,
            99.66,
            99.62666666666667,
            99.63666666666667,
            99.62666666666667,
            99.8,
            99.41,
            99.83,
            99.5,
            99.84333333333333,
            99.90333333333334,
            99.72666666666667,
            99.74666666666667,
            99.83666666666667,
            99.87,
            99.93333333333334,
            99.95,
            99.98666666666666,
            99.14333333333333,
            99.99666666666667,
            100.0,
            100.0,
            99.51333333333334
        ],