{
    "global_accuracy_history": [
        10.09,
        17.11,
        58.06,
        79.59,
        86.61,
        86.78,
        85.01,
        89.87,
        89.58,
        90.06,
        91.16,
        90.92,
        89.31,
        90.91,
        91.0,
        90.69,
        90.95,
        91.36,
        90.58,
        91.13,
        90.84,
        91.18,
        91.19,
        91.35,
        91.36,
        91.49,
        91.6,
        91.38,
        91.13,
        91.24,
        91.56,
        91.12,
        91.5,
        90.97,
        91.54,
        91.58,
        91.61,
        91.59,
        91.65,
        91.6,
        91.64,
        91.63,
        91.62,
        91.59,
        91.62,
        91.64,
        91.6,
        91.7,
        91.65,
        91.63,
        91.66,
        91.65,
        91.64,
        91.68,
        91.66,
        91.65,
        91.62,
        91.64,
        91.67,
        91.66
    ],
    "local_accuracy_histories": {
        "0": [
            86.30666666666667,
            89.9,
            94.60166666666667,
            95.045,
            96.17,
            99.47333333333333,
            97.67666666666666,
            98.34833333333333,
            98.77,
            98.70333333333333,
            99.095,
            99.29666666666667,
            99.22,
            99.25,
            99.26333333333334,
            99.48666666666666,
            99.37166666666667,
            99.56666666666666,
            99.52,
            99.675,
            99.61,
            99.75166666666667,
            99.71,
            99.88,
            99.76666666666667,
            99.75666666666666,
            99.90333333333334,
            99.76166666666667,
            99.855,
            99.83333333333333,
            99.96333333333334,
            99.96333333333334,
            99.99666666666667,
            99.955,
            100.0,
            100.0,
            100.0,
            100.0,
            100.0,
            100.0,
            100.0,
            100.0,
            100.0,
            100.0,
            100.0,
            100.0,
            100.0,
            100.0,
            100.0,
            100.0,
            100.0,
            100.0,
            100.0,
            100.0,
            100.0,
            100.0,
            100.0,
            100.0,
            100.0,
            100.0
        ],
        "1": [
            87.04166666666667,
            90.29833333333333,
            94.645,
            95.42833333333333,
            97.05166666666666,
            97.67833333333333,
            98.42,
            98.64666666666666,
            98.82666666666667,
            98.95166666666667,
            99.16,
            99.23,
            99.255,
            99.47666666666667,
            99.405,
            99.55833333333334,
            99.62166666666667,
            99.68,
            99.57333333333334,
            99.755,
            99.765,
            99.69333333333333,
            99.77666666666667,
            99.72833333333334,
            99.87333333333333,
            99.83333333333333,
            99.90666666666667,
            99.94,
            99.93166666666667,
            99.93166666666667,
            99.99,
            99.91,
            99.99166666666666,
            99.995,
            100.0,
            99.95666666666666,
            99.99833333333333,
            100.0,
            100.0,
            100.0,
            100.0,
            100.0,
            100.0,
            100.0,
            100.0,
            100.0,
            100.0,
            100.0,
            100.0,
            100.0,
            100.0,
            100.0,
            100.0,
            100.0,
            100.0,
            100.0,
            100.0,
            100.0,
            100.0,
            100.0
        ],
        "2": [
            85.82,
            89.955,
            92.71333333333334,
            95.49833333333333,
            96.97666666666667,
            97.52,
            98.2,
            98.31166666666667,
            98.61833333333334,
            98.85166666666667,
            99.01,
            99.08666666666667,
            99.19,
            99.22166666666666,
            99.45,
            99.36166666666666,
            99.38166666666666,
            99.93166666666667,
            99.335,
            99.55833333333334,
            99.82833333333333,
            99.75,
            99.58166666666666,
            99.69166666666666,
            99.825,
            99.91833333333334,
            99.89833333333333,
            99.75833333333334,
            99.99333333333334,
            99.86,
            99.95,
            99.875,
            99.99666666666667,
            100.0,
            100.0,
            100.0,
            100.0,
            100.0,
            100.0,
            100.0,
            100.0,
            100.0,
            100.0,
            100.0,
            100.0,
            100.0,
            100.0,
            100.0,
            100.0,
            100.0,
            100.0,
            100.0,
            100.0,
            100.0,
            100.0,
            100.0,
            100.0,
            100.0,
            100.0,
            100.0
        ],
        "3": [
            86.37333333333333,
            90.37333333333333,
            92.79333333333334,
            95.31,
            96.625,
            97.88666666666667,
            98.10166666666667,
            98.71666666666667,
            99.21833333333333,
            98.74333333333334,
            98.99333333333334,
            99.05333333333333,
            99.325,
            99.20166666666667,
            99.23166666666667,
            99.42666666666666,
            99.40833333333333,
            99.53,
            99.865,
            99.51,
            99.63666666666667,
            99.725,
            99.66166666666666,
            99.82333333333334,
            99.75833333333334,
            99.74166666666666,
            99.80666666666667,
            100.0,
            99.78166666666667,
            99.94333333333333,
            99.89833333333333,
            99.90666666666667,
            99.97833333333334,
            99.93166666666667,
            99.99166666666666,
            99.99833333333333,
            100.0,
            100.0,
            100.0,
            100.0,
            100.0,
            100.0,
            100.0,
            100.0,
            100.0,
            100.0,
            100.0,
            100.0,
            100.0,
            100.0,
            100.0,
            100.0,
            100.0,
            100.0,
            100.0,
            100.0,
            100.0,
            100.0,
            100.0,
            100.0
        ],