{
    "global_accuracy_history": [
        10.0,
        39.67,
        60.71,
        65.23,
        71.41,
        76.05,
        78.16,
        78.66,
        81.41,
        82.69,
        83.46,
        84.46,
        85.04,
        85.5,
        86.04,
        86.14,
        86.1,
        86.24,
        86.75,
        86.89,
        87.0,
        87.4,
        87.06,
        87.91,
        87.66,
        88.09,
        87.97,
        87.79,
        88.22,
        88.0,
        88.93,
        88.63,
        89.1,
        88.75,
        89.15,
        89.3,
        89.18,
        88.99,
        89.41,
        89.32,
        89.33,
        89.19,
        89.64,
        89.3,
        89.63,
        89.39,
        89.77,
        89.77,
        89.9,
        89.66,
        89.74,
        89.54,
        90.26,
        89.33,
        89.3,
        90.04,
        89.85,
        90.04,
        90.03,
        89.78
    ],
    "local_accuracy_histories": {
        "0": [
            29.75,
            37.45,
            52.233333333333334,
            62.88333333333333,
            69.13333333333334,
            74.68333333333334,
            76.36666666666666,
            78.7,
            80.06666666666666,
            81.91666666666667,
            82.96666666666667,
            83.81666666666666,
            86.06666666666666,
            85.33333333333333,
            85.98333333333333,
            87.36666666666666,
            86.78333333333333,
            87.16666666666667,
            87.81666666666666,
            88.01666666666667,
            88.56666666666666,
            88.75,
            88.76666666666667,
            89.38333333333334,
            89.25,
            89.76666666666667,
            90.0,
            92.16666666666667,
            90.48333333333333,
            90.31666666666666,
            90.76666666666667,
            91.23333333333333,
            91.2,
            91.53333333333333,
            91.3,
            93.83333333333333,
            91.75,
            92.18333333333334,
            92.41666666666667,
            92.21666666666667,
            92.68333333333334,
            92.81666666666666,
            92.91666666666667,
            93.15,
            92.88333333333334,
            93.16666666666667,
            93.56666666666666,
            93.75,
            95.93333333333334,
            93.95,
            94.11666666666666,
            94.83333333333333,
            94.68333333333334,
            95.56666666666666,
            94.98333333333333,
            95.01666666666667,
            95.01666666666667,
            95.33333333333333,
            95.58333333333333,
            95.91666666666667
        ],
        "1": [
            29.75,
            38.416666666666664,
            50.88333333333333,
            62.25,
            69.46666666666667,
            74.45,
            77.95,
            79.13333333333334,
            80.78333333333333,
            81.9,
            83.01666666666667,
            84.05,
            85.21666666666667,
            85.76666666666667,
            86.35,
            87.08333333333333,
            87.36666666666666,
            87.73333333333333,
            88.11666666666666,
            88.58333333333333,
            88.78333333333333,
            88.81666666666666,
            88.98333333333333,
            89.55,
            89.48333333333333,
            89.88333333333334,
            90.25,
            90.33333333333333,
            90.93333333333334,
            91.18333333333334,
            91.01666666666667,
            91.56666666666666,
            91.9,
            92.03333333333333,
            92.15,
            92.35,
            92.36666666666666,
            92.71666666666667,
            93.73333333333333,
            93.06666666666666,
            93.6,
            93.41666666666667,
            93.28333333333333,
            93.5,
            94.0,
            93.51666666666667,
            93.86666666666666,
            94.05,
            94.16666666666667,
            94.61666666666666,
            94.46666666666667,
            94.63333333333334,
            94.85,
            95.05,
            94.9,
            95.31666666666666,
            95.96666666666667,
            95.51666666666667,
            95.03333333333333,
            95.9
        ],
        "2": [
            32.016666666666666,
            41.6,
            51.56666666666667,
            61.86666666666667,
            69.5,
            74.15,
            77.6,
            79.48333333333333,
            81.23333333333333,
            81.8,
            83.4,
            84.4,
            85.31666666666666,
            85.58333333333333,
            85.95,
            86.25,
            86.93333333333334,
            87.03333333333333,
            87.4,
            87.9,
            88.16666666666667,
            88.91666666666667,
            88.53333333333333,
            89.06666666666666,
            89.23333333333333,
            89.65,
            89.8,
            90.13333333333334,
            90.21666666666667,
            90.5,
            91.98333333333333,
            90.76666666666667,
            90.93333333333334,
            91.25,
            91.76666666666667,
            91.73333333333333,
            91.55,
            91.7,
            92.55,
            92.3,
            92.81666666666666,
            92.71666666666667,
            93.16666666666667,
            93.06666666666666,
            93.0,
            92.93333333333334,
            93.03333333333333,
            93.73333333333333,
            93.78333333333333,
            94.16666666666667,
            94.1,
            94.18333333333334,
            93.96666666666667,
            94.81666666666666,
            94.4,
            94.56666666666666,
            94.93333333333334,
            95.35,
            94.68333333333334,
            94.85
        ],
        "3": [
            30.516666666666666,
            37.45,
            50.75,
            62.46666666666667,
            69.7,
            74.16666666666667,
            77.51666666666667,
            78.68333333333334,
            80.15,
            81.45,
            82.7,
            83.65,
            84.28333333333333,
            84.8,
            85.15,
            85.53333333333333,
            86.16666666666667,
            86.71666666666667,
            87.21666666666667,
            88.7,
            88.05,
            89.68333333333334,
            88.95,
            88.8,
            89.18333333333334,
            89.46666666666667,
            89.58333333333333,
            89.61666666666666,
            90.11666666666666,
            90.61666666666666,
            90.4,
            90.43333333333334,
            90.76666666666667,
            91.15,
            91.28333333333333,
            91.0,
            91.26666666666667,
            91.41666666666667,
            92.16666666666667,
            92.06666666666666,
            91.96666666666667,
            92.23333333333333,
            92.23333333333333,
            92.61666666666666,
            92.9,
            92.63333333333334,
            92.71666666666667,
            92.66666666666667,
            93.75,
            93.11666666666666,
            93.16666666666667,
            93.9,
            93.96666666666667,
            94.15,
            94.3,
            94.18333333333334,
            94.56666666666666,
            94.21666666666667,
            94.68333333333334,
            94.76666666666667
        ],