{
    "global_accuracy_history": [
        10.0,
        19.25,
        39.81,
        41.79,
        51.86,
        60.78,
        64.99,
        66.94,
        71.41,
        75.91,
        77.88,
        79.21,
        80.19,
        80.91,
        81.95,
        82.61,
        83.2,
        83.77,
        83.9,
        84.29,
        84.65,
        85.05,
        85.31,
        85.51,
        85.5,
        85.6,
        85.42,
        85.63,
        85.69,
        85.77,
        86.52,
        86.48,
        86.55,
        86.45,
        86.85,
        86.6,
        87.39,
        87.41,
        87.44,
        87.37,
        87.63,
        87.76,
        87.67,
        87.76,
        87.83,
        87.7,
        87.95,
        88.23,
        88.37,
        88.3,
        88.24,
        88.1,
        88.2,
        88.27,
        88.19,
        88.21,
        88.23,
        88.27,
        88.34,
        88.42
    ],
    "local_accuracy_histories": {
        "0": [
            26.916666666666668,
            29.0,
            36.416666666666664,
            42.516666666666666,
            49.416666666666664,
            56.6,
            62.1,
            66.26666666666667,
            70.8,
            74.1,
            76.65,
            78.68333333333334,
            79.86666666666666,
            80.7,
            81.71666666666667,
            82.13333333333334,
            82.9,
            83.76666666666667,
            84.06666666666666,
            84.7,
            85.58333333333333,
            85.5,
            86.21666666666667,
            86.26666666666667,
            86.98333333333333,
            86.65,
            86.91666666666667,
            87.33333333333333,
            87.65,
            87.86666666666666,
            88.23333333333333,
            88.23333333333333,
            88.53333333333333,
            88.95,
            88.83333333333333,
            88.96666666666667,
            89.15,
            89.31666666666666,
            89.53333333333333,
            89.73333333333333,
            89.78333333333333,
            90.15,
            90.16666666666667,
            90.16666666666667,
            90.51666666666667,
            90.6,
            90.58333333333333,
            90.63333333333334,
            90.7,
            91.05,
            91.0,
            91.0,
            91.23333333333333,
            91.65,
            91.76666666666667,
            91.66666666666667,
            93.41666666666667,
            91.71666666666667,
            91.86666666666666,
            91.96666666666667
        ],
        "1": [
            27.933333333333334,
            26.9,
            35.05,
            42.083333333333336,
            50.233333333333334,
            57.03333333333333,
            61.75,
            65.93333333333334,
            69.78333333333333,
            73.21666666666667,
            76.75,
            79.03333333333333,
            80.03333333333333,
            80.78333333333333,
            81.66666666666667,
            82.31666666666666,
            82.73333333333333,
            83.51666666666667,
            83.95,
            84.43333333333334,
            84.91666666666667,
            85.63333333333334,
            85.66666666666667,
            85.85,
            86.48333333333333,
            86.48333333333333,
            87.0,
            87.23333333333333,
            87.63333333333334,
            87.75,
            87.86666666666666,
            88.28333333333333,
            88.3,
            88.51666666666667,
            88.71666666666667,
            88.88333333333334,
            89.18333333333334,
            89.31666666666666,
            89.61666666666666,
            89.78333333333333,
            89.9,
            89.68333333333334,
            90.1,
            90.33333333333333,
            90.63333333333334,
            90.9,
            91.18333333333334,
            90.95,
            91.16666666666667,
            91.5,
            91.26666666666667,
            91.35,
            91.83333333333333,
            91.6,
            91.7,
            91.98333333333333,
            92.11666666666666,
            92.36666666666666,
            92.16666666666667,
            92.1
        ],
        "2": [
            24.65,
            26.566666666666666,
            35.15,
            42.0,
            49.36666666666667,
            56.266666666666666,
            61.68333333333333,
            65.76666666666667,
            69.71666666666667,
            73.83333333333333,
            77.15,
            78.63333333333334,
            79.61666666666666,
            80.38333333333334,
            81.2,
            82.05,
            82.68333333333334,
            82.98333333333333,
            83.31666666666666,
            83.8,
            84.61666666666666,
            85.35,
            85.56666666666666,
            86.18333333333334,
            86.6,
            86.7,
            86.78333333333333,
            87.1,
            87.31666666666666,
            87.65,
            87.86666666666666,
            88.08333333333333,
            88.23333333333333,
            88.48333333333333,
            88.53333333333333,
            88.76666666666667,
            88.85,
            89.01666666666667,
            89.0,
            89.33333333333333,
            89.61666666666666,
            90.05,
            89.8,
            89.9,
            90.23333333333333,
            90.26666666666667,
            90.3,
            90.58333333333333,
            90.56666666666666,
            90.7,
            90.93333333333334,
            91.2,
            91.31666666666666,
            91.51666666666667,
            91.56666666666666,
            91.68333333333334,
            91.88333333333334,
            91.98333333333333,
            92.15,
            92.03333333333333
        ],
        "3": [
            25.133333333333333,
            26.366666666666667,
            35.55,
            41.03333333333333,
            49.083333333333336,
            56.45,
            62.333333333333336,
            65.63333333333334,
            69.71666666666667,
            73.2,
            76.68333333333334,
            77.98333333333333,
            79.8,
            80.58333333333333,
            81.08333333333333,
            81.95,
            82.45,
            83.43333333333334,
            83.88333333333334,
            84.41666666666667,
            84.88333333333334,
            85.25,
            85.61666666666666,
            85.71666666666667,
            86.23333333333333,
            86.26666666666667,
            86.68333333333334,
            86.71666666666667,
            87.38333333333334,
            87.53333333333333,
            87.86666666666666,
            88.15,
            88.21666666666667,
            88.45,
            88.45,
            88.68333333333334,
            88.68333333333334,
            88.9,
            89.18333333333334,
            89.13333333333334,
            89.5,
            89.93333333333334,
            89.6,
            89.81666666666666,
            90.06666666666666,
            90.33333333333333,
            90.26666666666667,
            90.5,
            90.76666666666667,
            90.8,
            90.88333333333334,
            91.4,
            90.9,
            90.98333333333333,
            91.68333333333334,
            91.58333333333333,
            92.21666666666667,
            91.8,
            92.18333333333334,
            92.31666666666666
        ],