{
    "global_accuracy_history": [
        10.0,
        10.56,
        16.65,
        77.68,
        83.05,
        85.6,
        84.29,
        86.78,
        86.67,
        88.1,
        87.89,
        88.17,
        87.85,
        88.38,
        88.74,
        88.31,
        89.11,
        87.75,
        88.19,
        88.99,
        87.86,
        88.74,
        87.92,
        89.0,
        89.2,
        88.9,
        89.58,
        89.65,
        89.19,
        90.04,
        89.94,
        90.14,
        90.28,
        89.85,
        90.66,
        90.61,
        90.41,
        90.37,
        90.34,
        90.28,
        89.54,
        90.18,
        90.55,
        90.83,
        90.77,
        90.24,
        90.83,
        90.85,
        89.98,
        90.56,
        90.33,
        89.72,
        90.33,
        87.65,
        88.99,
        89.95,
        90.03,
        90.23,
        88.87,
        90.6
    ],
    "local_accuracy_histories": {
        "0": [
            60.5,
            71.83333333333333,
            78.23333333333333,
            81.06666666666666,
            83.65,
            85.0,
            85.43333333333334,
            86.23333333333333,
            86.96666666666667,
            87.78333333333333,
            87.95,
            88.86666666666666,
            89.78333333333333,
            89.73333333333333,
            89.76666666666667,
            90.03333333333333,
            90.25,
            91.01666666666667,
            91.08333333333333,
            91.58333333333333,
            91.75,
            92.11666666666666,
            92.3,
            92.53333333333333,
            93.61666666666666,
            92.61666666666666,
            93.31666666666666,
            93.16666666666667,
            93.86666666666666,
            93.85,
            94.2,
            94.48333333333333,
            94.4,
            94.65,
            94.65,
            95.25,
            95.03333333333333,
            95.68333333333334,
            95.13333333333334,
            95.75,
            95.63333333333334,
            95.55,
            96.2,
            96.68333333333334,
            96.38333333333334,
            96.7,
            96.63333333333334,
            96.85,
            96.96666666666667,
            97.46666666666667,
            97.06666666666666,
            97.15,
            97.7,
            97.93333333333334,
            97.66666666666667,
            98.11666666666666,
            97.78333333333333,
            98.25,
            98.61666666666666,
            98.3
        ],
        "1": [
            62.55,
            73.55,
            79.73333333333333,
            82.41666666666667,
            85.01666666666667,
            85.41666666666667,
            86.98333333333333,
            89.31666666666666,
            88.1,
            88.58333333333333,
            89.15,
            89.5,
            89.95,
            90.96666666666667,
            90.5,
            91.06666666666666,
            91.71666666666667,
            91.36666666666666,
            91.6,
            92.21666666666667,
            92.1,
            92.81666666666666,
            92.96666666666667,
            92.55,
            93.65,
            93.01666666666667,
            93.48333333333333,
            93.9,
            94.1,
            95.56666666666666,
            94.65,
            94.78333333333333,
            95.16666666666667,
            95.41666666666667,
            95.38333333333334,
            96.21666666666667,
            95.75,
            96.1,
            96.41666666666667,
            96.78333333333333,
            96.41666666666667,
            96.86666666666666,
            96.85,
            96.76666666666667,
            96.96666666666667,
            97.2,
            97.05,
            97.76666666666667,
            97.4,
            97.35,
            98.16666666666667,
            97.5,
            97.55,
            97.81666666666666,
            98.18333333333334,
            97.78333333333333,
            98.08333333333333,
            98.43333333333334,
            98.55,
            98.46666666666667
        ],
        "2": [
            60.96666666666667,
            74.46666666666667,
            78.01666666666667,
            82.16666666666667,
            84.0,
            85.7,
            86.25,
            87.2,
            87.63333333333334,
            87.9,
            88.46666666666667,
            88.83333333333333,
            89.31666666666666,
            89.4,
            90.0,
            90.08333333333333,
            90.73333333333333,
            90.95,
            91.4,
            91.03333333333333,
            91.3,
            91.71666666666667,
            91.61666666666666,
            91.88333333333334,
            92.03333333333333,
            92.35,
            92.73333333333333,
            93.33333333333333,
            93.36666666666666,
            94.21666666666667,
            93.83333333333333,
            93.93333333333334,
            94.03333333333333,
            94.41666666666667,
            94.68333333333334,
            94.46666666666667,
            95.1,
            95.26666666666667,
            95.48333333333333,
            95.71666666666667,
            96.18333333333334,
            95.93333333333334,
            95.93333333333334,
            96.01666666666667,
            96.65,
            96.9,
            97.01666666666667,
            97.1,
            97.46666666666667,
            97.88333333333334,
            97.63333333333334,
            97.28333333333333,
            98.0,
            98.2,
            98.55,
            98.6,
            98.98333333333333,
            98.78333333333333,
            99.11666666666666,
            99.08333333333333
        ],
        "3": [
            64.41666666666667,
            71.0,
            77.13333333333334,
            80.95,
            83.2,
            84.71666666666667,
            85.65,
            86.15,
            86.78333333333333,
            87.23333333333333,
            87.41666666666667,
            88.05,
            88.51666666666667,
            88.53333333333333,
            89.38333333333334,
            89.45,
            90.25,
            89.9,
            90.63333333333334,
            91.76666666666667,
            90.86666666666666,
            91.21666666666667,
            91.75,
            94.51666666666667,
            92.05,
            92.76666666666667,
            92.53333333333333,
            93.21666666666667,
            93.56666666666666,
            93.91666666666667,
            94.45,
            94.18333333333334,
            94.4,
            95.11666666666666,
            94.45,
            95.41666666666667,
            95.1,
            95.83333333333333,
            95.86666666666666,
            95.38333333333334,
            96.01666666666667,
            96.51666666666667,
            96.73333333333333,
            96.53333333333333,
            96.83333333333333,
            96.4,
            96.98333333333333,
            96.81666666666666,
            97.38333333333334,
            97.38333333333334,
            97.76666666666667,
            97.61666666666666,
            97.9,
            97.7,
            98.65,
            98.45,
            98.36666666666666,
            98.36666666666666,
            98.56666666666666,
            98.66666666666667
        ],