{
    "global_accuracy_history": [
        10.0,
        35.29,
        39.78,
        42.97,
        48.51
    ],
    "local_accuracy_histories": {
        "0": [
            22.666667938232422,
            26.666667938232422,
            35.0,
            40.91666793823242,
            46.5
        ],
        "1": [
            23.0,
            25.0,
            34.583335876464844,
            41.16666793823242,
            48.75
        ],
        "2": [
            25.166667938232422,
            24.916667938232422,
            36.0,
            44.833335876464844,
            47.91666793823242
        ],
        "3": [
            24.916667938232422,
            26.75,
            35.66666793823242,
            40.833335876464844,
            48.16666793823242
        ],
        "4": [
            23.166667938232422,
            26.75,
            33.75,
            36.75,
            49.25
        ],
        "5": [
            23.58333396911621,
            25.08333396911621,
            34.833335876464844,
            37.083335876464844,
            46.583335876464844
        ],
        "6": [
            27.08333396911621,
            24.416667938232422,
            31.25,
            41.0,
            47.75
        ],
        "7": [
            26.916667938232422,
            26.83333396911621,
            35.833335876464844,
            42.833335876464844,
            48.0
        ],
        "8": [
            23.916667938232422,
            27.25,
            33.0,
            39.5,
            48.66666793823242
        ],
        "9": [
            26.0,
            26.58333396911621,
            34.91666793823242,
            42.41666793823242,
            47.16666793823242
        ]
    },
    "config": {
        "data_path": "./datasets",
        "split_mode": "iid",
        "dominant_frac": 0.7,
        "client_num": 10,
        "subset_frac": 0.2,
        "lr": 0.01,
        "epochs": 5,
        "local_epochs": 1,
        "bs": 32,
        "gamma": 0,
        "initial_neighbor_rate": 1,
        "communication_rate": 0.6,
        "communication_periods": [
            1,
            1,
            1,
            1,
            1,
            1,
            1,
            1,
            1,
            1
        ],
        "test_batch_size": 32,
        "s_ratio": 0.9,
        "min_dense_params": 2048,
        "dense_keywords": [
            "bn",
            "running_mean",
            "running_var",
            "num_batches_tracked",
            "conv1",
            "fc."
        ],
        "use_fedbn": false,
        "lr_decay_step": 10,
        "lr_decay_beta": 0.9
    },
    "elapsed_seconds": 71.96544528007507,
    "elapsed_hms": "0:01:11",
    "run_params": {
        "client_num": 10,
        "local_epochs": 1
    }
}