{
    "global_accuracy_history": [
        11.05,
        34.08,
        81.24,
        86.79,
        87.5,
        86.87,
        89.38,
        89.2,
        89.14,
        88.01,
        88.74,
        89.66,
        90.52,
        89.36,
        89.61,
        89.74,
        89.72,
        89.61,
        90.33,
        90.15,
        89.94,
        90.52,
        90.41,
        90.39,
        90.25,
        90.9,
        90.65,
        90.32,
        90.7,
        90.38,
        90.84,
        90.7,
        90.51,
        90.47,
        90.99,
        90.95,
        91.08,
        91.0,
        91.25,
        91.21,
        91.15,
        91.33,
        91.32,
        91.25,
        91.36,
        91.37,
        91.35,
        91.44,
        91.45,
        91.43,
        91.4,
        91.44,
        91.39,
        91.39,
        91.43,
        91.38,
        91.39,
        91.4,
        91.46,
        91.43
    ],
    "local_accuracy_histories": {
        "0": [
            65.10666666666667,
            76.20333333333333,
            87.39666666666666,
            90.63,
            92.5,
            93.41666666666667,
            94.85333333333334,
            95.31666666666666,
            95.87,
            96.47,
            96.38666666666667,
            97.37666666666667,
            97.42666666666666,
            97.58,
            99.96666666666667,
            97.71666666666667,
            98.33,
            98.43666666666667,
            98.56,
            98.55333333333333,
            98.71666666666667,
            99.39333333333333,
            99.30666666666667,
            99.29333333333334,
            99.21333333333334,
            99.23333333333333,
            99.11,
            99.64,
            99.75333333333333,
            99.71,
            99.96333333333334,
            99.71,
            100.0,
            99.82666666666667,
            99.98666666666666,
            100.0,
            99.96333333333334,
            99.98666666666666,
            99.99333333333334,
            99.98,
            100.0,
            99.99666666666667,
            100.0,
            100.0,
            100.0,
            100.0,
            100.0,
            100.0,
            100.0,
            100.0,
            100.0,
            100.0,
            100.0,
            100.0,
            100.0,
            100.0,
            100.0,
            100.0,
            100.0,
            100.0
        ],
        "1": [
            63.89666666666667,
            79.45,
            87.94,
            91.15666666666667,
            92.86333333333333,
            93.98333333333333,
            95.01,
            96.03666666666666,
            96.34666666666666,
            96.48666666666666,
            97.53333333333333,
            97.74666666666667,
            97.63,
            98.18,
            97.90666666666667,
            98.30666666666667,
            98.53,
            98.96666666666667,
            98.66666666666667,
            98.59666666666666,
            98.88333333333334,
            98.95333333333333,
            99.17666666666666,
            99.23333333333333,
            98.98333333333333,
            99.0,
            99.21333333333334,
            99.5,
            99.36666666666666,
            99.39,
            99.47333333333333,
            99.49666666666667,
            99.52666666666667,
            99.72666666666667,
            99.94666666666667,
            99.85666666666667,
            99.99666666666667,
            99.75333333333333,
            99.98666666666666,
            100.0,
            99.98333333333333,
            99.99333333333334,
            100.0,
            100.0,
            100.0,
            100.0,
            100.0,
            100.0,
            100.0,
            100.0,
            100.0,
            100.0,
            100.0,
            100.0,
            100.0,
            100.0,
            100.0,
            100.0,
            100.0,
            100.0
        ],
        "2": [
            63.09,
            81.86333333333333,
            87.49333333333334,
            90.89333333333333,
            92.21666666666667,
            93.76,
            94.54,
            95.15666666666667,
            95.8,
            96.25,
            96.74333333333334,
            97.09,
            97.61333333333333,
            97.64666666666666,
            97.92666666666666,
            98.33666666666667,
            98.20666666666666,
            98.49666666666667,
            98.58,
            99.11333333333333,
            99.00333333333333,
            99.38333333333334,
            98.95333333333333,
            99.03,
            99.14666666666666,
            99.35666666666667,
            99.31666666666666,
            99.71666666666667,
            99.32666666666667,
            99.69333333333333,
            99.56666666666666,
            99.48333333333333,
            99.8,
            99.96,
            99.48666666666666,
            99.92,
            99.90666666666667,
            99.90333333333334,
            99.99333333333334,
            99.96666666666667,
            100.0,
            100.0,
            100.0,
            99.99333333333334,
            100.0,
            100.0,
            100.0,
            100.0,
            100.0,
            100.0,
            100.0,
            100.0,
            100.0,
            100.0,
            100.0,
            100.0,
            100.0,
            100.0,
            100.0,
            100.0
        ],
        "3": [
            60.28333333333333,
            81.97333333333333,
            87.56333333333333,
            89.99333333333334,
            92.29333333333334,
            93.84333333333333,
            94.72666666666667,
            95.29,
            96.15666666666667,
            96.41666666666667,
            96.95,
            97.37,
            97.40333333333334,
            97.83333333333333,
            97.89333333333333,
            98.25,
            98.34333333333333,
            99.37666666666667,
            98.39,
            100.0,
            98.70333333333333,
            99.03333333333333,
            99.13,
            99.15666666666667,
            99.26666666666667,
            99.45,
            99.47,
            99.64,
            99.88,
            99.52,
            99.38,
            99.64666666666666,
            99.72,
            99.76333333333334,
            99.95333333333333,
            99.94,
            99.97333333333333,
            99.92333333333333,
            99.98333333333333,
            99.99333333333334,
            100.0,
            99.99333333333334,
            100.0,
            100.0,
            100.0,
            100.0,
            100.0,
            100.0,
            100.0,
            100.0,
            100.0,
            100.0,
            100.0,
            100.0,
            100.0,
            100.0,
            100.0,
            100.0,
            100.0,
            100.0
        ],