{
    "global_accuracy_history": [
        10.02,
        20.59,
        81.72,
        78.84,
        86.69,
        86.33,
        87.41,
        87.52,
        87.66,
        88.2,
        88.56,
        89.03,
        89.01,
        89.0,
        89.12,
        89.01,
        89.29,
        89.78,
        90.03,
        89.54,
        89.99,
        89.86,
        89.77,
        89.68,
        89.71,
        89.97,
        90.08,
        90.39,
        89.36,
        90.0,
        90.09,
        90.29,
        89.94,
        89.95,
        90.12,
        89.67,
        90.21,
        90.01,
        90.36,
        90.63,
        90.42,
        90.55,
        90.68,
        90.59,
        90.58,
        90.69,
        90.57,
        90.63,
        90.69,
        90.66,
        90.7,
        90.63,
        90.68,
        90.64,
        90.62,
        90.6,
        90.64,
        90.61,
        90.57,
        90.56
    ],
    "local_accuracy_histories": {
        "0": [
            58.093333333333334,
            74.46,
            85.71333333333334,
            92.18,
            92.50333333333333,
            93.83333333333333,
            94.5,
            95.28,
            96.10666666666667,
            96.56333333333333,
            96.63,
            97.08,
            97.50666666666666,
            99.99333333333334,
            97.55666666666667,
            97.99,
            98.49666666666667,
            98.34333333333333,
            98.61333333333333,
            100.0,
            98.69666666666667,
            98.73,
            99.99666666666667,
            98.96333333333334,
            99.20333333333333,
            99.14333333333333,
            99.21,
            99.2,
            99.41333333333333,
            99.57666666666667,
            99.58,
            99.6,
            99.64,
            99.44333333333333,
            99.66666666666667,
            99.65333333333334,
            99.84666666666666,
            99.7,
            99.91,
            99.99333333333334,
            99.91333333333333,
            99.99,
            99.99,
            100.0,
            99.99333333333334,
            99.99666666666667,
            99.99666666666667,
            100.0,
            100.0,
            100.0,
            100.0,
            100.0,
            100.0,
            100.0,
            100.0,
            100.0,
            100.0,
            100.0,
            100.0,
            100.0
        ],
        "1": [
            59.75,
            76.15666666666667,
            85.85333333333334,
            90.11,
            92.83666666666667,
            94.42666666666666,
            95.25666666666666,
            96.05,
            96.61333333333333,
            96.73333333333333,
            97.04,
            97.31,
            97.76333333333334,
            98.15666666666667,
            97.78333333333333,
            99.16666666666667,
            98.11333333333333,
            98.55333333333333,
            98.72666666666667,
            98.39333333333333,
            98.7,
            98.89,
            98.89,
            99.03,
            99.28333333333333,
            99.31333333333333,
            99.37666666666667,
            99.36333333333333,
            99.29666666666667,
            99.96666666666667,
            99.56,
            99.71333333333334,
            99.73666666666666,
            99.92,
            99.93666666666667,
            99.95,
            99.90333333333334,
            99.93,
            99.98,
            99.96666666666667,
            99.89666666666666,
            99.97333333333333,
            100.0,
            100.0,
            100.0,
            100.0,
            100.0,
            100.0,
            100.0,
            100.0,
            100.0,
            100.0,
            100.0,
            100.0,
            100.0,
            100.0,
            100.0,
            100.0,
            100.0,
            100.0
        ],
        "2": [
            57.67333333333333,
            77.07666666666667,
            85.7,
            90.69666666666667,
            92.73333333333333,
            94.52333333333333,
            95.44666666666667,
            96.33,
            96.13666666666667,
            96.44,
            96.48666666666666,
            97.21333333333334,
            97.30333333333333,
            97.61333333333333,
            98.09333333333333,
            97.64333333333333,
            98.18333333333334,
            98.13,
            98.11666666666666,
            98.34,
            98.55,
            98.66333333333333,
            98.82,
            98.71,
            98.91,
            98.90333333333334,
            99.22333333333333,
            99.19333333333333,
            99.30666666666667,
            99.36333333333333,
            99.24666666666667,
            99.35333333333334,
            99.67333333333333,
            99.70333333333333,
            99.98333333333333,
            99.5,
            99.63333333333334,
            99.85,
            99.97333333333333,
            99.96333333333334,
            99.88333333333334,
            99.96666666666667,
            99.99666666666667,
            100.0,
            99.99666666666667,
            100.0,
            100.0,
            99.99666666666667,
            99.99666666666667,
            100.0,
            100.0,
            100.0,
            100.0,
            100.0,
            100.0,
            100.0,
            100.0,
            100.0,
            100.0,
            100.0
        ],
        "3": [
            56.64,
            76.65,
            90.04333333333334,
            89.08666666666667,
            92.28,
            93.26333333333334,
            94.79,
            95.19333333333333,
            96.13333333333334,
            96.48333333333333,
            96.60333333333334,
            96.99,
            97.39,
            97.84666666666666,
            98.04666666666667,
            98.39333333333333,
            98.26666666666667,
            98.25333333333333,
            98.66,
            98.58666666666667,
            98.84666666666666,
            98.86,
            98.92,
            99.03333333333333,
            99.85,
            99.17666666666666,
            99.22,
            99.52666666666667,
            99.22333333333333,
            99.75333333333333,
            99.43666666666667,
            99.56,
            99.82333333333334,
            99.75,
            99.78333333333333,
            99.80333333333333,
            99.96,
            99.92,
            99.95,
            99.97666666666667,
            99.99,
            99.99333333333334,
            100.0,
            100.0,
            100.0,
            100.0,
            100.0,
            100.0,
            99.92333333333333,
            100.0,
            100.0,
            100.0,
            100.0,
            100.0,
            100.0,
            100.0,
            100.0,
            100.0,
            100.0,
            100.0
        ],