{
    "global_accuracy_history": [
        13.08,
        31.62,
        40.04,
        48.81,
        57.13,
        64.28,
        69.7,
        74.26,
        76.92,
        79.39,
        79.79,
        81.17,
        81.75,
        82.26,
        83.14,
        83.5,
        84.15,
        84.04,
        84.89,
        85.3,
        85.35,
        85.81,
        85.63,
        86.13,
        85.83,
        86.52,
        86.02,
        86.78,
        87.04,
        87.2,
        87.46,
        87.36,
        87.72,
        87.85,
        88.37,
        88.08,
        88.23,
        88.17,
        88.13,
        88.43,
        88.29,
        88.68,
        88.94,
        88.63,
        89.19,
        88.65,
        88.7,
        88.66,
        88.93,
        88.99,
        88.9,
        88.84,
        89.07,
        89.11,
        89.1,
        89.36,
        89.34,
        89.14,
        88.91,
        89.38
    ],
    "local_accuracy_histories": {
        "0": [
            27.166666666666668,
            32.28333333333333,
            38.86666666666667,
            48.15,
            55.25,
            62.28333333333333,
            64.98333333333333,
            70.53333333333333,
            74.86666666666666,
            77.58333333333333,
            79.56666666666666,
            80.9,
            81.86666666666666,
            83.31666666666666,
            82.86666666666666,
            83.76666666666667,
            84.43333333333334,
            84.93333333333334,
            84.96666666666667,
            85.56666666666666,
            86.01666666666667,
            86.6,
            86.7,
            86.88333333333334,
            87.96666666666667,
            87.73333333333333,
            89.75,
            88.18333333333334,
            88.3,
            88.53333333333333,
            88.68333333333334,
            89.38333333333334,
            89.3,
            89.2,
            89.81666666666666,
            89.85,
            90.05,
            90.15,
            90.51666666666667,
            91.0,
            90.98333333333333,
            91.33333333333333,
            91.28333333333333,
            91.03333333333333,
            91.15,
            92.08333333333333,
            91.53333333333333,
            91.95,
            91.56666666666666,
            92.41666666666667,
            91.58333333333333,
            92.43333333333334,
            92.48333333333333,
            92.1,
            92.48333333333333,
            92.6,
            92.55,
            92.76666666666667,
            92.95,
            92.8
        ],
        "1": [
            26.25,
            29.216666666666665,
            38.4,
            49.05,
            55.266666666666666,
            60.0,
            63.85,
            69.05,
            74.4,
            77.0,
            78.95,
            80.26666666666667,
            80.96666666666667,
            81.75,
            82.3,
            82.96666666666667,
            83.41666666666667,
            84.4,
            84.56666666666666,
            85.35,
            85.95,
            86.05,
            87.0,
            86.98333333333333,
            88.21666666666667,
            87.76666666666667,
            87.86666666666666,
            88.05,
            88.43333333333334,
            90.81666666666666,
            89.1,
            89.33333333333333,
            89.56666666666666,
            89.75,
            89.95,
            90.53333333333333,
            90.23333333333333,
            90.38333333333334,
            90.73333333333333,
            91.15,
            90.98333333333333,
            91.31666666666666,
            91.31666666666666,
            92.06666666666666,
            91.83333333333333,
            92.18333333333334,
            92.45,
            92.36666666666666,
            92.68333333333334,
            92.78333333333333,
            93.08333333333333,
            93.66666666666667,
            93.31666666666666,
            93.73333333333333,
            94.06666666666666,
            93.61666666666666,
            93.68333333333334,
            93.93333333333334,
            94.16666666666667,
            94.7
        ],
        "2": [
            27.183333333333334,
            28.866666666666667,
            37.8,
            48.4,
            55.53333333333333,
            60.583333333333336,
            64.0,
            69.26666666666667,
            74.53333333333333,
            77.18333333333334,
            78.98333333333333,
            80.0,
            80.88333333333334,
            81.81666666666666,
            82.35,
            83.18333333333334,
            83.48333333333333,
            84.4,
            85.18333333333334,
            85.55,
            86.1,
            86.73333333333333,
            87.31666666666666,
            87.28333333333333,
            87.7,
            87.81666666666666,
            88.28333333333333,
            88.41666666666667,
            88.73333333333333,
            88.76666666666667,
            89.38333333333334,
            89.05,
            89.41666666666667,
            89.4,
            90.43333333333334,
            90.35,
            90.1,
            92.45,
            90.95,
            91.2,
            91.1,
            91.25,
            91.38333333333334,
            91.45,
            92.06666666666666,
            91.73333333333333,
            91.98333333333333,
            92.18333333333334,
            92.31666666666666,
            92.43333333333334,
            92.55,
            92.75,
            92.98333333333333,
            92.85,
            92.9,
            93.0,
            93.41666666666667,
            93.36666666666666,
            93.61666666666666,
            93.21666666666667
        ],
        "3": [
            26.55,
            30.866666666666667,
            36.38333333333333,
            47.55,
            54.55,
            59.833333333333336,
            63.56666666666667,
            69.11666666666666,
            74.03333333333333,
            77.8,
            79.43333333333334,
            80.48333333333333,
            81.28333333333333,
            82.1,
            82.76666666666667,
            83.55,
            83.96666666666667,
            84.55,
            84.75,
            85.25,
            85.88333333333334,
            86.33333333333333,
            86.48333333333333,
            86.98333333333333,
            87.3,
            87.55,
            87.91666666666667,
            88.38333333333334,
            88.38333333333334,
            88.68333333333334,
            88.9,
            88.73333333333333,
            89.15,
            89.76666666666667,
            89.46666666666667,
            90.1,
            89.86666666666666,
            89.9,
            90.46666666666667,
            90.63333333333334,
            90.96666666666667,
            90.63333333333334,
            90.75,
            90.7,
            90.81666666666666,
            91.38333333333334,
            91.25,
            91.45,
            91.7,
            91.91666666666667,
            92.45,
            92.06666666666666,
            92.13333333333334,
            92.53333333333333,
            93.78333333333333,
            92.83333333333333,
            92.56666666666666,
            93.33333333333333,
            93.16666666666667,
            93.25
        ],