{
    "global_accuracy_history": [
        11.97,
        23.97,
        77.84,
        79.81,
        82.93,
        81.67,
        84.89,
        88.17,
        88.07,
        88.9,
        87.73,
        88.78,
        89.41,
        89.63,
        89.84,
        89.86,
        89.44,
        89.78,
        90.32,
        90.18,
        89.93,
        89.76,
        90.43,
        90.52,
        90.69,
        89.97,
        89.98,
        90.37,
        90.06,
        89.39,
        89.11,
        89.34,
        90.04,
        90.16,
        89.73,
        90.69,
        89.82,
        89.78,
        88.09,
        89.94,
        89.67,
        90.32,
        90.71,
        90.61,
        90.28,
        90.28,
        90.78,
        90.02,
        90.51,
        90.89,
        89.48,
        89.54,
        90.47,
        90.63,
        90.84,
        90.76,
        90.92,
        90.46,
        90.51,
        90.46
    ],
    "local_accuracy_histories": {
        "0": [
            47.483333333333334,
            72.79166666666667,
            79.175,
            83.55833333333334,
            85.59166666666667,
            87.86666666666666,
            87.925,
            89.08333333333333,
            89.89166666666667,
            90.6,
            91.31666666666666,
            91.275,
            91.8,
            93.18333333333334,
            92.34166666666667,
            92.85,
            97.6,
            93.43333333333334,
            94.08333333333333,
            94.35833333333333,
            94.15833333333333,
            95.525,
            97.28333333333333,
            95.1,
            99.03333333333333,
            95.89166666666667,
            96.125,
            95.73333333333333,
            97.15,
            96.34166666666667,
            96.28333333333333,
            98.95833333333333,
            96.84166666666667,
            97.71666666666667,
            97.35833333333333,
            98.00833333333334,
            97.0,
            97.11666666666666,
            97.625,
            97.88333333333334,
            98.75,
            97.96666666666667,
            98.70833333333333,
            98.71666666666667,
            98.63333333333334,
            98.35,
            98.71666666666667,
            98.74166666666666,
            99.16666666666667,
            99.00833333333334,
            99.31666666666666,
            98.775,
            98.425,
            99.15,
            99.31666666666666,
            99.48333333333333,
            99.30833333333334,
            99.275,
            99.48333333333333,
            99.35
        ],
        "1": [
            53.43333333333333,
            69.78333333333333,
            79.6,
            83.44166666666666,
            85.95,
            88.06666666666666,
            89.125,
            89.83333333333333,
            90.375,
            91.525,
            91.93333333333334,
            92.66666666666667,
            93.05,
            92.84166666666667,
            93.78333333333333,
            94.19166666666666,
            94.68333333333334,
            94.6,
            95.475,
            95.64166666666667,
            95.94166666666666,
            95.75833333333334,
            96.44166666666666,
            96.41666666666667,
            96.70833333333333,
            96.73333333333333,
            96.29166666666667,
            96.94166666666666,
            97.375,
            97.225,
            97.79166666666667,
            97.48333333333333,
            97.64166666666667,
            97.68333333333334,
            98.3,
            98.11666666666666,
            98.08333333333333,
            98.35833333333333,
            98.48333333333333,
            98.13333333333334,
            98.60833333333333,
            98.8,
            99.15,
            97.925,
            98.78333333333333,
            98.925,
            99.26666666666667,
            99.31666666666666,
            98.825,
            98.89166666666667,
            98.58333333333333,
            99.36666666666666,
            99.53333333333333,
            98.78333333333333,
            99.45833333333333,
            99.5,
            99.55,
            98.8,
            99.40833333333333,
            98.6
        ],
        "2": [
            47.483333333333334,
            68.51666666666667,
            79.18333333333334,
            83.60833333333333,
            86.04166666666667,
            87.58333333333333,
            88.7,
            90.01666666666667,
            90.34166666666667,
            91.15833333333333,
            91.53333333333333,
            92.19166666666666,
            92.45833333333333,
            92.69166666666666,
            93.625,
            93.55833333333334,
            94.30833333333334,
            94.45833333333333,
            94.65,
            94.76666666666667,
            94.08333333333333,
            95.24166666666666,
            95.09166666666667,
            95.24166666666666,
            96.0,
            96.33333333333333,
            96.175,
            96.84166666666667,
            96.63333333333334,
            96.90833333333333,
            96.79166666666667,
            97.10833333333333,
            97.05,
            97.275,
            97.51666666666667,
            98.2,
            97.3,
            98.35833333333333,
            97.33333333333333,
            97.85833333333333,
            98.25833333333334,
            98.34166666666667,
            99.00833333333334,
            98.19166666666666,
            98.64166666666667,
            98.54166666666667,
            98.60833333333333,
            98.9,
            98.875,
            98.725,
            99.25833333333334,
            99.11666666666666,
            98.61666666666666,
            98.96666666666667,
            99.25833333333334,
            98.94166666666666,
            99.35833333333333,
            99.13333333333334,
            99.625,
            99.08333333333333
        ],
        "3": [
            47.09166666666667,
            70.04166666666667,
            79.45833333333333,
            83.25833333333334,
            85.78333333333333,
            87.3,
            88.08333333333333,
            89.11666666666666,
            89.48333333333333,
            90.55833333333334,
            90.86666666666666,
            91.50833333333334,
            91.66666666666667,
            92.16666666666667,
            92.5,
            92.8,
            93.41666666666667,
            93.30833333333334,
            93.53333333333333,
            94.16666666666667,
            94.65,
            95.40833333333333,
            94.95,
            94.56666666666666,
            96.01666666666667,
            96.21666666666667,
            96.15833333333333,
            96.23333333333333,
            96.525,
            97.13333333333334,
            97.6,
            96.81666666666666,
            97.275,
            96.99166666666666,
            97.15,
            97.54166666666667,
            97.93333333333334,
            97.61666666666666,
            97.90833333333333,
            98.00833333333334,
            97.59166666666667,
            97.95833333333333,
            97.69166666666666,
            97.80833333333334,
            97.60833333333333,
            98.1,
            97.9,
            97.68333333333334,
            98.10833333333333,
            99.19166666666666,
            98.5,
            98.85833333333333,
            98.325,
            98.85833333333333,
            98.53333333333333,
            99.025,
            99.31666666666666,
            98.775,
            98.91666666666667,
            99.25833333333334
        ],