{
    "global_accuracy_history": [
        9.98,
        11.37,
        54.65,
        73.68,
        79.03,
        76.01,
        87.6,
        83.94,
        86.5,
        88.23,
        86.27,
        86.64,
        89.53,
        86.26,
        88.88,
        88.41,
        89.29,
        89.57,
        89.89,
        90.03,
        89.6,
        90.25,
        89.86,
        90.39,
        88.93,
        89.92,
        90.21,
        89.97,
        89.57,
        88.99,
        90.77,
        90.54,
        90.24,
        89.67,
        90.46,
        90.29,
        89.8,
        90.24,
        90.59,
        90.32,
        90.63,
        90.6,
        90.91,
        90.81,
        90.86,
        90.72,
        90.44,
        90.57,
        90.95,
        91.16,
        91.35,
        91.18,
        91.16,
        90.61,
        91.32,
        91.2,
        91.13,
        91.32,
        91.3,
        91.42
    ],
    "local_accuracy_histories": {
        "0": [
            59.766666666666666,
            74.20833333333333,
            81.55,
            85.25,
            87.025,
            91.90833333333333,
            89.425,
            94.31666666666666,
            90.94166666666666,
            91.625,
            94.15833333333333,
            91.85833333333333,
            92.8,
            93.35,
            94.35833333333333,
            94.41666666666667,
            94.29166666666667,
            94.96666666666667,
            95.91666666666667,
            95.7,
            96.36666666666666,
            95.75,
            96.9,
            97.18333333333334,
            96.45,
            96.5,
            96.89166666666667,
            96.9,
            97.65,
            98.375,
            97.85833333333333,
            98.05833333333334,
            97.71666666666667,
            97.7,
            98.26666666666667,
            99.175,
            98.01666666666667,
            98.675,
            98.43333333333334,
            98.5,
            98.74166666666666,
            99.43333333333334,
            98.55833333333334,
            99.16666666666667,
            99.25,
            99.4,
            99.38333333333334,
            99.60833333333333,
            99.60833333333333,
            99.275,
            99.88333333333334,
            99.80833333333334,
            99.96666666666667,
            99.35833333333333,
            99.925,
            99.98333333333333,
            99.85833333333333,
            100.0,
            100.0,
            100.0
        ],
        "1": [
            63.05,
            76.35,
            82.625,
            85.61666666666666,
            88.05833333333334,
            90.16666666666667,
            90.4,
            91.1,
            95.55833333333334,
            91.76666666666667,
            92.78333333333333,
            94.125,
            93.40833333333333,
            95.0,
            93.53333333333333,
            94.56666666666666,
            94.83333333333333,
            94.9,
            95.73333333333333,
            95.53333333333333,
            95.80833333333334,
            96.00833333333334,
            99.43333333333334,
            95.78333333333333,
            96.45,
            96.01666666666667,
            96.60833333333333,
            96.66666666666667,
            97.23333333333333,
            97.28333333333333,
            99.59166666666667,
            97.45,
            98.78333333333333,
            98.45833333333333,
            97.90833333333333,
            98.10833333333333,
            98.45,
            98.46666666666667,
            99.51666666666667,
            98.425,
            98.83333333333333,
            98.51666666666667,
            99.45833333333333,
            99.46666666666667,
            99.20833333333333,
            99.325,
            99.46666666666667,
            99.55,
            99.75833333333334,
            99.875,
            99.51666666666667,
            99.54166666666667,
            99.91666666666667,
            99.99166666666666,
            99.95833333333333,
            99.875,
            99.96666666666667,
            99.95833333333333,
            100.0,
            100.0
        ],
        "2": [
            60.93333333333333,
            75.89166666666667,
            81.99166666666666,
            85.20833333333333,
            87.575,
            88.84166666666667,
            89.08333333333333,
            90.15,
            90.95833333333333,
            91.31666666666666,
            92.05,
            91.925,
            92.35833333333333,
            93.375,
            93.05833333333334,
            93.74166666666666,
            93.825,
            94.59166666666667,
            94.725,
            94.875,
            95.65833333333333,
            95.64166666666667,
            96.43333333333334,
            96.75,
            99.15,
            96.74166666666666,
            97.06666666666666,
            97.21666666666667,
            96.88333333333334,
            98.075,
            97.9,
            97.6,
            98.775,
            97.73333333333333,
            98.36666666666666,
            98.45,
            98.13333333333334,
            98.53333333333333,
            98.64166666666667,
            98.86666666666666,
            98.49166666666666,
            99.10833333333333,
            99.10833333333333,
            99.43333333333334,
            99.53333333333333,
            99.125,
            99.45833333333333,
            99.75833333333334,
            99.21666666666667,
            99.45833333333333,
            99.85,
            99.79166666666667,
            100.0,
            99.9,
            99.9,
            100.0,
            100.0,
            100.0,
            100.0,
            100.0
        ],
        "3": [
            59.65833333333333,
            74.48333333333333,
            81.84166666666667,
            85.225,
            86.88333333333334,
            88.14166666666667,
            89.075,
            89.55833333333334,
            90.325,
            90.95833333333333,
            91.90833333333333,
            92.11666666666666,
            92.6,
            92.68333333333334,
            93.21666666666667,
            94.375,
            94.51666666666667,
            94.65,
            95.125,
            95.53333333333333,
            99.08333333333333,
            95.8,
            96.2,
            97.74166666666666,
            96.74166666666666,
            96.61666666666666,
            97.23333333333333,
            97.15,
            97.525,
            97.88333333333334,
            97.575,
            98.76666666666667,
            98.09166666666667,
            99.65,
            98.54166666666667,
            99.18333333333334,
            99.19166666666666,
            99.25833333333334,
            99.31666666666666,
            98.64166666666667,
            99.40833333333333,
            99.1,
            99.56666666666666,
            99.65,
            99.65,
            99.41666666666667,
            99.15833333333333,
            99.89166666666667,
            99.81666666666666,
            99.95833333333333,
            99.89166666666667,
            99.84166666666667,
            99.99166666666666,
            99.90833333333333,
            99.95,
            99.99166666666666,
            100.0,
            99.94166666666666,
            100.0,
            100.0
        ],