{
    "global_accuracy_history": [
        11.03,
        30.89,
        56.37,
        63.56,
        70.94,
        75.72,
        79.84,
        81.24,
        82.18,
        83.38,
        83.81,
        84.48,
        84.89,
        85.16,
        84.6,
        85.89,
        86.26,
        85.63,
        86.0,
        85.6,
        86.86,
        87.58,
        87.97,
        88.06,
        88.23,
        88.78,
        88.97,
        88.64,
        89.25,
        88.21,
        89.16,
        88.83,
        89.35,
        89.59,
        89.09,
        89.89,
        89.69,
        90.07,
        89.67,
        89.19,
        90.17,
        90.07,
        88.8,
        89.95,
        90.21,
        89.8,
        89.79,
        89.78,
        89.61,
        90.09,
        89.74,
        89.57,
        90.02,
        90.16,
        90.42,
        90.01,
        90.49,
        89.42,
        89.78,
        90.43
    ],
    "local_accuracy_histories": {
        "0": [
            30.675,
            36.69166666666667,
            50.45,
            61.74166666666667,
            68.78333333333333,
            73.86666666666666,
            78.75833333333334,
            80.98333333333333,
            83.275,
            84.025,
            85.175,
            86.39166666666667,
            88.63333333333334,
            87.53333333333333,
            88.25833333333334,
            89.05,
            89.125,
            89.31666666666666,
            90.4,
            91.225,
            90.53333333333333,
            91.03333333333333,
            91.45833333333333,
            91.64166666666667,
            91.86666666666666,
            92.575,
            92.31666666666666,
            92.44166666666666,
            93.88333333333334,
            93.50833333333334,
            94.275,
            94.39166666666667,
            95.21666666666667,
            94.83333333333333,
            95.275,
            95.75,
            94.75833333333334,
            95.7,
            95.38333333333334,
            95.75,
            96.23333333333333,
            95.86666666666666,
            95.91666666666667,
            96.19166666666666,
            96.20833333333333,
            96.44166666666666,
            96.89166666666667,
            96.88333333333334,
            97.13333333333334,
            97.0,
            97.01666666666667,
            96.6,
            96.70833333333333,
            97.16666666666667,
            98.80833333333334,
            97.55833333333334,
            97.48333333333333,
            97.73333333333333,
            99.45833333333333,
            97.28333333333333
        ],
        "1": [
            29.583333333333332,
            34.541666666666664,
            51.675,
            61.4,
            68.01666666666667,
            74.925,
            77.93333333333334,
            80.825,
            82.675,
            84.06666666666666,
            85.45,
            86.46666666666667,
            87.26666666666667,
            88.0,
            88.65833333333333,
            89.35833333333333,
            89.85833333333333,
            90.19166666666666,
            90.75833333333334,
            91.18333333333334,
            91.625,
            92.05833333333334,
            92.0,
            92.475,
            92.89166666666667,
            92.75,
            93.06666666666666,
            93.475,
            93.88333333333334,
            94.36666666666666,
            94.40833333333333,
            94.65,
            95.575,
            95.075,
            95.48333333333333,
            95.60833333333333,
            95.45,
            96.48333333333333,
            96.24166666666666,
            96.3,
            96.45833333333333,
            96.54166666666667,
            96.49166666666666,
            97.05,
            96.60833333333333,
            96.35833333333333,
            96.93333333333334,
            97.06666666666666,
            96.9,
            97.26666666666667,
            97.16666666666667,
            97.875,
            97.55,
            98.325,
            98.06666666666666,
            98.39166666666667,
            98.53333333333333,
            98.75833333333334,
            98.08333333333333,
            98.7
        ],
        "2": [
            30.65,
            34.983333333333334,
            51.13333333333333,
            60.84166666666667,
            68.10833333333333,
            74.84166666666667,
            78.875,
            80.90833333333333,
            83.5,
            83.20833333333333,
            85.1,
            85.875,
            86.725,
            87.55,
            88.11666666666666,
            88.19166666666666,
            88.95,
            89.425,
            89.90833333333333,
            90.50833333333334,
            90.80833333333334,
            91.35,
            91.275,
            91.76666666666667,
            92.01666666666667,
            92.55833333333334,
            92.46666666666667,
            92.73333333333333,
            93.06666666666666,
            93.625,
            93.9,
            94.36666666666666,
            93.78333333333333,
            93.85833333333333,
            94.28333333333333,
            94.71666666666667,
            94.98333333333333,
            94.84166666666667,
            94.6,
            94.75,
            95.23333333333333,
            95.90833333333333,
            95.475,
            95.51666666666667,
            95.6,
            96.075,
            95.86666666666666,
            96.01666666666667,
            95.84166666666667,
            96.35833333333333,
            96.83333333333333,
            96.2,
            96.55833333333334,
            97.09166666666667,
            97.10833333333333,
            97.60833333333333,
            97.48333333333333,
            99.36666666666666,
            97.39166666666667,
            98.24166666666666
        ],
        "3": [
            30.025,
            35.458333333333336,
            50.13333333333333,
            61.291666666666664,
            68.30833333333334,
            74.14166666666667,
            78.25833333333334,
            80.41666666666667,
            82.08333333333333,
            83.64166666666667,
            84.68333333333334,
            85.79166666666667,
            86.25833333333334,
            86.91666666666667,
            87.86666666666666,
            88.11666666666666,
            88.51666666666667,
            89.275,
            89.425,
            90.08333333333333,
            90.50833333333334,
            91.23333333333333,
            92.2,
            91.96666666666667,
            91.90833333333333,
            92.48333333333333,
            92.50833333333334,
            92.73333333333333,
            93.65,
            93.225,
            93.3,
            94.1,
            93.96666666666667,
            95.19166666666666,
            94.53333333333333,
            94.83333333333333,
            94.825,
            95.10833333333333,
            95.65,
            95.15833333333333,
            95.85,
            95.825,
            96.2,
            96.125,
            96.5,
            97.03333333333333,
            96.76666666666667,
            96.88333333333334,
            97.13333333333334,
            97.25,
            97.44166666666666,
            97.73333333333333,
            97.40833333333333,
            97.975,
            97.91666666666667,
            97.94166666666666,
            98.35833333333333,
            97.375,
            98.23333333333333,
            98.24166666666666
        ],