{
    "global_accuracy_history": [
        10.0,
        43.2,
        75.18,
        80.23,
        81.74,
        83.17,
        84.39,
        84.38,
        86.16,
        86.85,
        87.33,
        87.7,
        88.25,
        88.27,
        88.35,
        88.62,
        88.89,
        88.81,
        88.59,
        88.85,
        89.03,
        89.18,
        88.3,
        88.92,
        88.65,
        88.87,
        89.67,
        89.05,
        89.9,
        89.04,
        89.83,
        89.9,
        89.53,
        89.35,
        89.95,
        90.09,
        89.74,
        90.12,
        89.94,
        90.14,
        90.1,
        89.73,
        89.97,
        89.95,
        90.05,
        89.94,
        89.69,
        90.12,
        90.05,
        89.57,
        89.33,
        90.34,
        89.98,
        90.39,
        90.33,
        89.79,
        89.91,
        89.88,
        90.23,
        90.05
    ],
    "local_accuracy_histories": {
        "0": [
            37.525,
            50.125,
            69.46666666666667,
            78.08333333333333,
            81.71666666666667,
            84.375,
            86.01666666666667,
            87.55,
            88.075,
            88.80833333333334,
            89.44166666666666,
            89.75833333333334,
            90.13333333333334,
            91.33333333333333,
            90.875,
            91.575,
            91.90833333333333,
            92.825,
            92.56666666666666,
            94.075,
            93.23333333333333,
            94.125,
            93.91666666666667,
            97.58333333333333,
            94.0,
            94.65,
            94.50833333333334,
            95.18333333333334,
            95.0,
            95.48333333333333,
            95.825,
            96.5,
            96.925,
            96.21666666666667,
            96.58333333333333,
            96.35,
            96.925,
            96.70833333333333,
            97.2,
            96.99166666666666,
            97.65,
            97.61666666666666,
            97.93333333333334,
            97.68333333333334,
            97.375,
            97.65,
            98.00833333333334,
            97.79166666666667,
            98.2,
            97.80833333333334,
            97.88333333333334,
            98.275,
            98.65,
            98.48333333333333,
            98.51666666666667,
            98.41666666666667,
            98.38333333333334,
            99.36666666666666,
            97.7,
            98.68333333333334
        ],
        "1": [
            37.63333333333333,
            57.7,
            68.98333333333333,
            77.61666666666666,
            81.25833333333334,
            84.225,
            85.725,
            87.2,
            88.24166666666666,
            89.6,
            89.43333333333334,
            90.86666666666666,
            91.40833333333333,
            91.65,
            91.88333333333334,
            92.025,
            92.73333333333333,
            93.45,
            93.54166666666667,
            93.53333333333333,
            93.56666666666666,
            94.1,
            94.5,
            94.6,
            94.90833333333333,
            95.275,
            95.675,
            95.20833333333333,
            95.13333333333334,
            96.40833333333333,
            95.98333333333333,
            95.99166666666666,
            95.80833333333334,
            96.8,
            97.20833333333333,
            96.89166666666667,
            97.25833333333334,
            96.80833333333334,
            97.125,
            97.45833333333333,
            97.65,
            97.36666666666666,
            98.25,
            97.80833333333334,
            98.31666666666666,
            98.33333333333333,
            98.33333333333333,
            98.4,
            98.51666666666667,
            99.01666666666667,
            97.70833333333333,
            98.25833333333334,
            99.05,
            99.01666666666667,
            98.56666666666666,
            98.89166666666667,
            98.65833333333333,
            98.91666666666667,
            98.95833333333333,
            99.26666666666667
        ],
        "2": [
            35.875,
            50.50833333333333,
            69.8,
            77.90833333333333,
            81.91666666666667,
            84.1,
            85.73333333333333,
            86.88333333333334,
            88.35,
            88.925,
            89.53333333333333,
            90.01666666666667,
            90.60833333333333,
            91.875,
            91.81666666666666,
            92.26666666666667,
            92.80833333333334,
            92.90833333333333,
            93.09166666666667,
            94.44166666666666,
            94.34166666666667,
            94.125,
            97.83333333333333,
            94.575,
            94.675,
            95.23333333333333,
            95.425,
            95.70833333333333,
            95.84166666666667,
            95.84166666666667,
            96.01666666666667,
            96.08333333333333,
            96.85,
            96.475,
            96.21666666666667,
            96.51666666666667,
            96.65,
            97.28333333333333,
            97.78333333333333,
            97.40833333333333,
            98.525,
            97.24166666666666,
            97.85833333333333,
            97.46666666666667,
            97.85,
            97.89166666666667,
            97.99166666666666,
            98.1,
            97.19166666666666,
            98.35,
            97.76666666666667,
            98.14166666666667,
            98.375,
            98.08333333333333,
            98.66666666666667,
            98.56666666666666,
            98.03333333333333,
            98.44166666666666,
            98.56666666666666,
            99.58333333333333
        ],
        "3": [
            36.125,
            50.96666666666667,
            68.20833333333333,
            78.225,
            81.73333333333333,
            84.06666666666666,
            85.825,
            86.7,
            87.31666666666666,
            88.1,
            89.1,
            89.95,
            90.31666666666666,
            90.63333333333334,
            91.4,
            91.95,
            92.40833333333333,
            92.40833333333333,
            93.225,
            93.35833333333333,
            93.28333333333333,
            93.44166666666666,
            93.6,
            94.8,
            94.55,
            96.0,
            94.55,
            94.73333333333333,
            95.79166666666667,
            95.73333333333333,
            96.06666666666666,
            96.0,
            96.14166666666667,
            97.53333333333333,
            95.93333333333334,
            96.16666666666667,
            96.68333333333334,
            97.0,
            97.16666666666667,
            97.375,
            97.15,
            97.18333333333334,
            97.3,
            98.06666666666666,
            97.64166666666667,
            97.70833333333333,
            98.20833333333333,
            97.94166666666666,
            98.05,
            98.33333333333333,
            97.98333333333333,
            98.25,
            98.25833333333334,
            97.78333333333333,
            98.625,
            98.70833333333333,
            99.11666666666666,
            98.525,
            98.85,
            98.71666666666667
        ],