{
    "global_accuracy_history": [
        10.0,
        37.74,
        57.43,
        64.22,
        71.74
    ],
    "local_accuracy_histories": {
        "0": [
            33.05027389526367,
            37.41508102416992,
            49.93206787109375,
            60.8186149597168,
            69.42935180664062
        ],
        "1": [
            28.7703800201416,
            36.31114196777344,
            48.86209487915039,
            59.85054397583008,
            65.93070983886719
        ],
        "2": [
            27.44565200805664,
            36.497962951660156,
            51.37567901611328,
            61.56589889526367,
            67.2894058227539
        ],
        "3": [
            28.41372299194336,
            35.07133102416992,
            48.267662048339844,
            60.52989196777344,
            67.40828704833984
        ],
        "4": [
            30.078125,
            37.466033935546875,
            49.184783935546875,
            60.10530090332031,
            67.90081787109375
        ],
        "5": [
            28.75339698791504,
            38.77377700805664,
            49.89809799194336,
            61.5998649597168,
            68.30842590332031
        ],
        "6": [
            27.19089698791504,
            34.2561149597168,
            49.26970291137695,
            61.480979919433594,
            69.05570983886719
        ],
        "7": [
            29.19497299194336,
            35.34307098388672,
            49.04891586303711,
            61.02241897583008,
            68.68206787109375
        ],
        "8": [
            26.6983699798584,
            35.15625,
            49.74524688720703,
            61.07337188720703,
            68.29144287109375
        ],
        "9": [
            30.62160301208496,
            36.85462188720703,
            50.747283935546875,
            61.34510803222656,
            67.74796295166016
        ]
    },
    "config": {
        "data_path": "./datasets",
        "split_mode": "iid",
        "batch_select": "random",
        "client_num": 10,
        "subset_frac": 1,
        "classes_per_client": 4,
        "lr": 0.01,
        "epochs": 5,
        "local_epochs": 1,
        "bs": 128,
        "gamma": 0,
        "initial_neighbor_rate": 1,
        "participation_rate": 0.6,
        "communication_rounds": [
            1,
            1,
            1,
            1,
            1,
            1,
            1,
            1,
            1,
            1
        ],
        "test_batch_size": 32,
        "s_ratio": 1.0,
        "min_dense_params": 2048,
        "dense_keywords": [
            "bn",
            "running_mean",
            "running_var",
            "num_batches_tracked",
            "conv1",
            "fc."
        ],
        "use_fedbn": false,
        "lr_decay_step": 10,
        "lr_decay_beta": 0.9
    },
    "elapsed_seconds": 195.16344356536865,
    "elapsed_hms": "0:03:15",
    "run_params": {
        "client_num": 10,
        "local_epochs": 1
    }
}