{
    "global_accuracy_history": [
        10.0,
        10.0,
        10.0,
        10.0,
        10.0
    ],
    "local_accuracy_histories": {
        "0": [
            13.166666984558105,
            18.416667938232422,
            25.75,
            28.416667938232422,
            30.25
        ],
        "1": [
            16.83333396911621,
            19.0,
            25.33333396911621,
            26.83333396911621,
            29.166667938232422
        ],
        "2": [
            16.416667938232422,
            22.416667938232422,
            25.83333396911621,
            27.916667938232422,
            28.08333396911621
        ],
        "3": [
            15.25,
            19.33333396911621,
            25.58333396911621,
            24.33333396911621,
            26.75
        ],
        "4": [
            17.166667938232422,
            17.83333396911621,
            24.75,
            26.08333396911621,
            27.0
        ],
        "5": [
            14.0,
            18.916667938232422,
            25.08333396911621,
            25.5,
            26.5
        ],
        "6": [
            15.5,
            20.666667938232422,
            25.33333396911621,
            25.75,
            27.08333396911621
        ],
        "7": [
            14.666666984558105,
            20.08333396911621,
            26.0,
            26.08333396911621,
            27.416667938232422
        ],
        "8": [
            12.583333969116211,
            19.33333396911621,
            26.416667938232422,
            27.0,
            27.75
        ],
        "9": [
            13.083333969116211,
            17.83333396911621,
            26.83333396911621,
            27.58333396911621,
            29.5
        ]
    },
    "config": {
        "data_path": "./datasets",
        "split_mode": "iid",
        "batch_select": "random",
        "client_num": 10,
        "subset_frac": 0.2,
        "classes_per_client": 4,
        "lr": 0.01,
        "epochs": 5,
        "local_epochs": 1,
        "bs": 512,
        "gamma": 0,
        "initial_neighbor_rate": 1,
        "participation_rate": 0.6,
        "communication_rounds": [
            1,
            1,
            1,
            1,
            1,
            1,
            1,
            1,
            1,
            1
        ],
        "test_batch_size": 32,
        "s_ratio": 1.0,
        "min_dense_params": 2048,
        "dense_keywords": [
            "bn",
            "running_mean",
            "running_var",
            "num_batches_tracked",
            "conv1",
            "fc."
        ],
        "use_fedbn": false,
        "lr_decay_step": 10,
        "lr_decay_beta": 0.9
    },
    "elapsed_seconds": 54.24867367744446,
    "elapsed_hms": "0:00:54",
    "run_params": {
        "client_num": 10,
        "local_epochs": 1
    }
}