{
    "global_accuracy_history": [
        10.86,
        30.06,
        64.74,
        81.08,
        84.1,
        84.37,
        84.89,
        84.37,
        85.61,
        86.34,
        87.38,
        87.64,
        87.61,
        87.85,
        88.64,
        88.83,
        88.57,
        89.39,
        89.61,
        89.47,
        89.57,
        89.45,
        89.45,
        89.18,
        90.46,
        90.24,
        89.99,
        90.19,
        90.43,
        90.63,
        90.49,
        90.58,
        90.51,
        91.07,
        90.52,
        90.11,
        90.65,
        91.01,
        90.74,
        90.39,
        90.78,
        90.62,
        90.5,
        91.07,
        90.7,
        90.83,
        90.68,
        90.71,
        90.42,
        90.97,
        90.56,
        90.07,
        90.54,
        90.8,
        90.9,
        90.41,
        91.07,
        90.33,
        91.03,
        91.54
    ],
    "local_accuracy_histories": {
        "0": [
            40.5,
            51.766666666666666,
            71.5,
            78.18333333333334,
            81.56666666666666,
            83.71666666666667,
            84.86666666666666,
            85.83333333333333,
            86.65,
            86.76666666666667,
            87.5,
            87.86666666666666,
            88.83333333333333,
            88.6,
            89.03333333333333,
            89.6,
            90.06666666666666,
            90.36666666666666,
            90.33333333333333,
            90.83333333333333,
            91.45,
            93.45,
            91.18333333333334,
            93.46666666666667,
            92.11666666666666,
            92.23333333333333,
            92.1,
            92.46666666666667,
            92.55,
            92.86666666666666,
            93.01666666666667,
            92.88333333333334,
            93.98333333333333,
            93.01666666666667,
            93.5,
            94.56666666666666,
            93.45,
            94.7,
            94.3,
            93.81666666666666,
            94.33333333333333,
            93.6,
            94.91666666666667,
            94.35,
            94.96666666666667,
            95.03333333333333,
            95.28333333333333,
            95.31666666666666,
            96.13333333333334,
            96.23333333333333,
            95.8,
            95.63333333333334,
            95.93333333333334,
            96.0,
            96.53333333333333,
            95.48333333333333,
            96.36666666666666,
            96.41666666666667,
            96.46666666666667,
            96.4
        ],
        "1": [
            41.43333333333333,
            53.03333333333333,
            70.0,
            77.68333333333334,
            81.6,
            83.68333333333334,
            84.7,
            85.93333333333334,
            86.5,
            87.55,
            88.3,
            88.51666666666667,
            88.73333333333333,
            89.36666666666666,
            89.83333333333333,
            89.91666666666667,
            90.3,
            90.66666666666667,
            90.78333333333333,
            91.6,
            91.53333333333333,
            92.25,
            91.9,
            92.33333333333333,
            92.26666666666667,
            92.6,
            92.58333333333333,
            92.88333333333334,
            93.0,
            93.28333333333333,
            93.45,
            93.81666666666666,
            94.26666666666667,
            94.41666666666667,
            94.0,
            94.11666666666666,
            94.41666666666667,
            94.88333333333334,
            94.33333333333333,
            94.25,
            95.33333333333333,
            95.15,
            95.83333333333333,
            96.4,
            95.6,
            95.83333333333333,
            96.06666666666666,
            95.83333333333333,
            96.1,
            96.26666666666667,
            96.3,
            96.96666666666667,
            96.46666666666667,
            96.8,
            96.85,
            97.21666666666667,
            95.96666666666667,
            97.76666666666667,
            97.93333333333334,
            98.03333333333333
        ],
        "2": [
            38.11666666666667,
            59.11666666666667,
            72.25,
            77.75,
            81.21666666666667,
            83.4,
            84.83333333333333,
            85.93333333333334,
            86.9,
            87.46666666666667,
            87.58333333333333,
            88.33333333333333,
            88.98333333333333,
            88.98333333333333,
            89.25,
            89.63333333333334,
            90.03333333333333,
            90.51666666666667,
            90.23333333333333,
            90.45,
            90.86666666666666,
            91.21666666666667,
            91.68333333333334,
            90.95,
            91.23333333333333,
            92.0,
            91.56666666666666,
            92.8,
            92.13333333333334,
            92.88333333333334,
            92.75,
            92.48333333333333,
            94.6,
            93.41666666666667,
            93.63333333333334,
            93.91666666666667,
            93.71666666666667,
            93.51666666666667,
            94.16666666666667,
            93.85,
            94.58333333333333,
            94.25,
            94.0,
            94.26666666666667,
            94.51666666666667,
            94.55,
            95.08333333333333,
            94.4,
            94.76666666666667,
            95.71666666666667,
            94.8,
            95.3,
            95.08333333333333,
            95.45,
            95.3,
            96.06666666666666,
            95.65,
            96.18333333333334,
            95.56666666666666,
            96.21666666666667
        ],
        "3": [
            40.36666666666667,
            58.96666666666667,
            72.0,
            77.95,
            81.28333333333333,
            83.85,
            84.85,
            85.86666666666666,
            86.76666666666667,
            87.73333333333333,
            87.73333333333333,
            88.13333333333334,
            88.65,
            89.1,
            88.76666666666667,
            89.41666666666667,
            89.53333333333333,
            89.91666666666667,
            90.33333333333333,
            90.61666666666666,
            90.68333333333334,
            91.01666666666667,
            91.51666666666667,
            91.66666666666667,
            92.06666666666666,
            91.81666666666666,
            92.11666666666666,
            92.55,
            92.76666666666667,
            92.5,
            93.26666666666667,
            93.0,
            93.88333333333334,
            93.66666666666667,
            93.51666666666667,
            94.03333333333333,
            93.76666666666667,
            94.15,
            94.5,
            94.93333333333334,
            94.63333333333334,
            95.46666666666667,
            95.41666666666667,
            94.86666666666666,
            95.13333333333334,
            95.58333333333333,
            95.76666666666667,
            96.13333333333334,
            95.78333333333333,
            96.2,
            95.81666666666666,
            96.4,
            96.48333333333333,
            96.45,
            96.75,
            96.25,
            96.23333333333333,
            96.6,
            96.66666666666667,
            96.11666666666666
        ],