{
    "global_accuracy_history": [
        10.0,
        10.0,
        15.37,
        19.41,
        23.44
    ],
    "local_accuracy_histories": {
        "0": [
            20.5,
            25.08333396911621,
            26.166667938232422,
            30.666667938232422,
            33.16666793823242
        ],
        "1": [
            20.83333396911621,
            23.75,
            25.58333396911621,
            29.83333396911621,
            32.16666793823242
        ],
        "2": [
            23.83333396911621,
            24.58333396911621,
            28.166667938232422,
            28.83333396911621,
            33.16666793823242
        ],
        "3": [
            20.58333396911621,
            24.75,
            27.5,
            29.5,
            36.083335876464844
        ],
        "4": [
            19.666667938232422,
            23.83333396911621,
            26.166667938232422,
            26.666667938232422,
            33.5
        ],
        "5": [
            18.75,
            23.666667938232422,
            25.75,
            27.08333396911621,
            33.0
        ],
        "6": [
            18.25,
            22.83333396911621,
            27.166667938232422,
            27.416667938232422,
            30.916667938232422
        ],
        "7": [
            20.33333396911621,
            22.666667938232422,
            27.75,
            30.33333396911621,
            33.583335876464844
        ],
        "8": [
            24.916667938232422,
            24.08333396911621,
            25.416667938232422,
            30.416667938232422,
            33.66666793823242
        ],
        "9": [
            24.166667938232422,
            24.166667938232422,
            26.75,
            29.33333396911621,
            33.16666793823242
        ]
    },
    "config": {
        "data_path": "./datasets",
        "split_mode": "iid",
        "batch_select": "random",
        "client_num": 10,
        "subset_frac": 0.2,
        "classes_per_client": 4,
        "lr": 0.01,
        "epochs": 5,
        "local_epochs": 1,
        "bs": 128,
        "gamma": 0,
        "initial_neighbor_rate": 1,
        "participation_rate": 0.6,
        "communication_rounds": [
            1,
            1,
            1,
            1,
            1,
            1,
            1,
            1,
            1,
            1
        ],
        "test_batch_size": 32,
        "s_ratio": 1.0,
        "min_dense_params": 2048,
        "dense_keywords": [
            "bn",
            "running_mean",
            "running_var",
            "num_batches_tracked",
            "conv1",
            "fc."
        ],
        "use_fedbn": false,
        "lr_decay_step": 10,
        "lr_decay_beta": 0.9
    },
    "elapsed_seconds": 241.14656019210815,
    "elapsed_hms": "0:04:01",
    "run_params": {
        "client_num": 10,
        "local_epochs": 1
    }
}