{
    "global_accuracy_history": [
        10.0,
        19.6,
        38.53,
        45.6,
        47.87,
        61.25,
        68.09,
        69.6,
        75.24,
        77.04
    ],
    "local_accuracy_histories": {
        "0": [
            25.58333396911621,
            30.5,
            34.0,
            43.5,
            48.083335876464844,
            53.16666793823242,
            59.833335876464844,
            63.41666793823242,
            68.75,
            70.5
        ],
        "1": [
            22.58333396911621,
            26.75,
            35.25,
            41.833335876464844,
            51.083335876464844,
            55.333335876464844,
            59.41666793823242,
            64.75,
            68.83333587646484,
            73.83333587646484
        ],
        "2": [
            26.58333396911621,
            27.75,
            38.0,
            45.41666793823242,
            52.25,
            60.5,
            60.75,
            65.91667175292969,
            70.75,
            73.66667175292969
        ],
        "3": [
            26.0,
            27.83333396911621,
            36.41666793823242,
            42.25,
            47.25,
            52.083335876464844,
            57.91666793823242,
            64.58333587646484,
            67.66667175292969,
            74.5
        ],
        "4": [
            25.25,
            25.83333396911621,
            37.0,
            43.833335876464844,
            46.91666793823242,
            55.16666793823242,
            58.833335876464844,
            64.41667175292969,
            70.33333587646484,
            72.5
        ],
        "5": [
            21.75,
            25.666667938232422,
            35.75,
            42.16666793823242,
            50.75,
            52.91666793823242,
            62.083335876464844,
            63.41666793823242,
            71.0,
            73.0
        ],
        "6": [
            23.83333396911621,
            26.166667938232422,
            35.41666793823242,
            42.91666793823242,
            49.75,
            56.583335876464844,
            60.583335876464844,
            65.33333587646484,
            68.16667175292969,
            74.5
        ],
        "7": [
            24.33333396911621,
            28.916667938232422,
            36.0,
            43.333335876464844,
            48.0,
            55.41666793823242,
            60.66666793823242,
            65.33333587646484,
            69.58333587646484,
            72.58333587646484
        ],
        "8": [
            23.75,
            28.75,
            39.25,
            42.833335876464844,
            48.25,
            56.333335876464844,
            61.833335876464844,
            63.333335876464844,
            67.33333587646484,
            72.25
        ],
        "9": [
            24.58333396911621,
            28.75,
            35.25,
            45.25,
            49.833335876464844,
            57.0,
            62.5,
            61.41666793823242,
            68.16667175292969,
            72.75
        ]
    },
    "config": {
        "data_path": "./datasets",
        "split_mode": "iid",
        "dominant_frac": 0.7,
        "client_num": 10,
        "subset_frac": 0.2,
        "lr": 0.01,
        "epochs": 10,
        "local_epochs": 1,
        "bs": 32,
        "gamma": 0,
        "initial_neighbor_rate": 1,
        "communication_rate": 0.6,
        "communication_periods": [
            1,
            1,
            1,
            1,
            1,
            1,
            1,
            1,
            1,
            1
        ],
        "test_batch_size": 32,
        "s_ratio": 1.0,
        "min_dense_params": 2048,
        "dense_keywords": [
            "bn",
            "running_mean",
            "running_var",
            "num_batches_tracked",
            "conv1",
            "fc."
        ],
        "use_fedbn": false,
        "lr_decay_step": 10,
        "lr_decay_beta": 0.9
    },
    "elapsed_seconds": 134.83904767036438,
    "elapsed_hms": "0:02:14",
    "run_params": {
        "client_num": 10,
        "local_epochs": 1
    }
}