{
    "global_accuracy_history": [
        10.0,
        10.0,
        14.37,
        14.8,
        25.75,
        25.81,
        35.49,
        39.54,
        41.5,
        38.32,
        42.57,
        47.24,
        50.65,
        58.62,
        51.47,
        65.14,
        66.96,
        70.96,
        71.84,
        71.49,
        70.88,
        72.68,
        73.71,
        72.77,
        71.29,
        73.31,
        73.63,
        74.15,
        76.57,
        74.46,
        75.0,
        75.21,
        73.04,
        77.37,
        76.75,
        75.93,
        75.48,
        74.62,
        75.04,
        75.96,
        74.73,
        75.15,
        76.48,
        74.85,
        74.17,
        75.31,
        74.64,
        76.35,
        75.52,
        74.38
    ],
    "local_accuracy_histories": {
        "0": [
            28.983333587646484,
            35.383331298828125,
            39.28333282470703,
            41.14999771118164,
            46.16666793823242,
            51.95000076293945,
            57.31666564941406,
            62.70000076293945,
            68.03333282470703,
            72.1500015258789,
            74.06666564941406,
            75.83333587646484,
            77.0,
            78.18333435058594,
            78.93333435058594,
            79.5,
            80.16666412353516,
            81.0999984741211,
            82.18333435058594,
            82.73332977294922,
            83.5999984741211,
            84.58333587646484,
            85.19999694824219,
            85.91666412353516,
            86.76666259765625,
            86.91666412353516,
            87.8499984741211,
            88.13333129882812,
            87.94999694824219,
            89.54999542236328,
            89.56666564941406,
            90.04999542236328,
            91.29999542236328,
            91.18333435058594,
            91.63333129882812,
            92.69999694824219,
            92.48332977294922,
            93.53333282470703,
            93.71666717529297,
            93.98332977294922,
            93.9000015258789,
            94.61666870117188,
            94.71666717529297,
            94.8499984741211,
            95.13333129882812,
            95.53333282470703,
            95.53333282470703,
            95.93333435058594,
            96.28333282470703,
            96.98332977294922
        ],
        "1": [
            27.816665649414062,
            33.06666564941406,
            38.36666488647461,
            42.89999771118164,
            48.56666564941406,
            50.89999771118164,
            55.29999923706055,
            62.5,
            65.93333435058594,
            72.23332977294922,
            74.08333587646484,
            75.9000015258789,
            77.38333129882812,
            78.48332977294922,
            79.21666717529297,
            79.79999542236328,
            81.16666412353516,
            81.86666870117188,
            83.16666412353516,
            83.6500015258789,
            84.46666717529297,
            84.98332977294922,
            85.96666717529297,
            86.0999984741211,
            86.93333435058594,
            87.78333282470703,
            88.41666412353516,
            87.68333435058594,
            89.29999542236328,
            89.46666717529297,
            90.38333129882812,
            90.5,
            91.13333129882812,
            91.5999984741211,
            92.36666870117188,
            91.94999694824219,
            92.88333129882812,
            93.43333435058594,
            93.73332977294922,
            94.25,
            94.41666412353516,
            95.26666259765625,
            95.44999694824219,
            95.75,
            95.48332977294922,
            95.46666717529297,
            96.21666717529297,
            96.46666717529297,
            97.04999542236328,
            97.19999694824219
        ],
        "2": [
            28.58333396911621,
            28.53333282470703,
            31.78333282470703,
            39.516666412353516,
            47.20000076293945,
            52.53333282470703,
            57.06666564941406,
            62.11666488647461,
            66.18333435058594,
            70.63333129882812,
            73.48332977294922,
            74.91666412353516,
            76.38333129882812,
            77.4000015258789,
            78.43333435058594,
            79.46666717529297,
            79.94999694824219,
            81.56666564941406,
            82.28333282470703,
            82.88333129882812,
            83.75,
            85.03333282470703,
            85.03333282470703,
            86.0999984741211,
            87.11666870117188,
            87.5,
            88.25,
            88.61666870117188,
            89.01666259765625,
            90.25,
            90.46666717529297,
            91.16666412353516,
            91.19999694824219,
            91.26666259765625,
            91.63333129882812,
            92.31666564941406,
            92.86666870117188,
            93.11666870117188,
            93.5,
            93.8499984741211,
            94.23332977294922,
            94.75,
            94.29999542236328,
            94.9000015258789,
            95.56666564941406,
            96.1500015258789,
            96.0,
            95.56666564941406,
            95.94999694824219,
            96.75
        ],
        "3": [
            26.516666412353516,
            33.233333587646484,
            34.983333587646484,
            41.41666793823242,
            46.75,
            52.45000076293945,
            57.5,
            63.21666717529297,
            67.06666564941406,
            70.78333282470703,
            73.06666564941406,
            75.38333129882812,
            76.96666717529297,
            78.13333129882812,
            79.26666259765625,
            79.8499984741211,
            81.01666259765625,
            81.3499984741211,
            82.04999542236328,
            83.36666870117188,
            83.91666412353516,
            84.78333282470703,
            85.79999542236328,
            86.44999694824219,
            86.4000015258789,
            87.43333435058594,
            87.98332977294922,
            88.46666717529297,
            88.5,
            90.0999984741211,
            89.88333129882812,
            90.4000015258789,
            91.33333587646484,
            91.19999694824219,
            91.53333282470703,
            92.0,
            92.75,
            93.0,
            93.25,
            93.44999694824219,
            94.06666564941406,
            94.28333282470703,
            95.1500015258789,
            95.01666259765625,
            95.1500015258789,
            95.28333282470703,
            95.75,
            96.11666870117188,
            96.26666259765625,
            97.1500015258789
        ],