{
    "global_accuracy_history": [
        10.0,
        10.0,
        10.0,
        10.0,
        10.0
    ],
    "local_accuracy_histories": {
        "0": [
            13.416666984558105,
            19.5,
            25.25,
            26.916667938232422,
            28.25
        ],
        "1": [
            16.33333396911621,
            21.08333396911621,
            24.916667938232422,
            25.33333396911621,
            28.0
        ],
        "2": [
            18.666667938232422,
            21.5,
            25.0,
            25.83333396911621,
            26.916667938232422
        ],
        "3": [
            15.333333969116211,
            18.75,
            22.5,
            24.416667938232422,
            26.08333396911621
        ],
        "4": [
            15.583333969116211,
            17.58333396911621,
            24.25,
            25.0,
            26.916667938232422
        ],
        "5": [
            11.583333969116211,
            18.75,
            23.416667938232422,
            24.166667938232422,
            25.25
        ],
        "6": [
            15.583333969116211,
            18.83333396911621,
            22.5,
            24.33333396911621,
            26.5
        ],
        "7": [
            14.166666984558105,
            22.58333396911621,
            26.75,
            26.58333396911621,
            26.5
        ],
        "8": [
            18.08333396911621,
            22.33333396911621,
            24.33333396911621,
            27.416667938232422,
            27.58333396911621
        ],
        "9": [
            17.416667938232422,
            17.75,
            26.166667938232422,
            25.83333396911621,
            28.416667938232422
        ]
    },
    "config": {
        "data_path": "./datasets",
        "split_mode": "iid",
        "batch_select": "random",
        "client_num": 10,
        "subset_frac": 0.2,
        "classes_per_client": 4,
        "lr": 0.01,
        "epochs": 5,
        "local_epochs": 1,
        "bs": 512,
        "gamma": 0,
        "initial_neighbor_rate": 1,
        "participation_rate": 0.6,
        "communication_rounds": [
            1,
            1,
            1,
            1,
            1,
            1,
            1,
            1,
            1,
            1
        ],
        "test_batch_size": 32,
        "s_ratio": 1.0,
        "min_dense_params": 2048,
        "dense_keywords": [
            "bn",
            "running_mean",
            "running_var",
            "num_batches_tracked",
            "conv1",
            "fc."
        ],
        "use_fedbn": false,
        "lr_decay_step": 10,
        "lr_decay_beta": 0.9
    },
    "elapsed_seconds": 86.72926163673401,
    "elapsed_hms": "0:01:26",
    "run_params": {
        "client_num": 10,
        "local_epochs": 1
    }
}