{
    "global_accuracy_history": [
        10.0,
        10.0,
        10.0,
        10.0,
        10.01
    ],
    "local_accuracy_histories": {
        "0": [
            15.916666984558105,
            23.33333396911621,
            25.08333396911621,
            27.416667938232422,
            29.166667938232422
        ],
        "1": [
            20.416667938232422,
            21.83333396911621,
            25.75,
            26.416667938232422,
            28.08333396911621
        ],
        "2": [
            19.08333396911621,
            23.25,
            26.5,
            27.25,
            28.58333396911621
        ],
        "3": [
            19.0,
            21.666667938232422,
            26.166667938232422,
            26.33333396911621,
            29.25
        ],
        "4": [
            20.5,
            17.83333396911621,
            23.58333396911621,
            25.58333396911621,
            26.83333396911621
        ],
        "5": [
            20.166667938232422,
            20.166667938232422,
            25.916667938232422,
            27.166667938232422,
            26.25
        ],
        "6": [
            15.916666984558105,
            18.33333396911621,
            24.25,
            26.416667938232422,
            24.58333396911621
        ],
        "7": [
            17.33333396911621,
            22.666667938232422,
            26.416667938232422,
            28.666667938232422,
            27.33333396911621
        ],
        "8": [
            20.58333396911621,
            21.25,
            25.58333396911621,
            27.08333396911621,
            28.83333396911621
        ],
        "9": [
            22.08333396911621,
            21.5,
            26.0,
            26.58333396911621,
            28.33333396911621
        ]
    },
    "config": {
        "data_path": "./datasets",
        "split_mode": "iid",
        "batch_select": "random",
        "client_num": 10,
        "subset_frac": 0.2,
        "classes_per_client": 4,
        "lr": 0.01,
        "epochs": 5,
        "local_epochs": 1,
        "bs": 256,
        "gamma": 0,
        "initial_neighbor_rate": 1,
        "participation_rate": 0.6,
        "communication_rounds": [
            1,
            1,
            1,
            1,
            1,
            1,
            1,
            1,
            1,
            1
        ],
        "test_batch_size": 32,
        "s_ratio": 1.0,
        "min_dense_params": 2048,
        "dense_keywords": [
            "bn",
            "running_mean",
            "running_var",
            "num_batches_tracked",
            "conv1",
            "fc."
        ],
        "use_fedbn": false,
        "lr_decay_step": 10,
        "lr_decay_beta": 0.9
    },
    "elapsed_seconds": 86.65123081207275,
    "elapsed_hms": "0:01:26",
    "run_params": {
        "client_num": 10,
        "local_epochs": 1
    }
}