{
    "global_accuracy_history": [
        10.0,
        17.08,
        67.23,
        76.73,
        79.69,
        81.42,
        80.4,
        82.34,
        83.81,
        84.55,
        85.74,
        84.15,
        85.04,
        87.29,
        86.98,
        86.41,
        86.83,
        87.55,
        87.01,
        87.34,
        87.93,
        87.33,
        87.7,
        87.67,
        87.84,
        88.14,
        88.1,
        88.49,
        88.47,
        89.47,
        89.24,
        89.65,
        89.77,
        89.69,
        89.48,
        90.04,
        89.79,
        89.85,
        89.86,
        89.99,
        89.86,
        89.84,
        90.14,
        90.14,
        89.91,
        89.54,
        90.08,
        90.17,
        89.99,
        90.15,
        90.12,
        90.37,
        90.29,
        90.38,
        90.35,
        90.28,
        90.56,
        90.31,
        90.6,
        90.28
    ],
    "local_accuracy_histories": {
        "0": [
            31.166666666666668,
            41.3,
            60.016666666666666,
            70.76666666666667,
            77.66666666666667,
            79.9,
            82.06666666666666,
            82.41666666666667,
            84.2,
            84.66666666666667,
            85.46666666666667,
            85.88333333333334,
            86.18333333333334,
            86.7,
            86.73333333333333,
            87.41666666666667,
            87.68333333333334,
            88.11666666666666,
            88.5,
            88.86666666666666,
            89.18333333333334,
            89.18333333333334,
            90.6,
            90.08333333333333,
            90.58333333333333,
            91.03333333333333,
            91.43333333333334,
            90.83333333333333,
            91.7,
            91.15,
            91.8,
            91.4,
            92.21666666666667,
            91.55,
            92.1,
            94.16666666666667,
            92.45,
            92.86666666666666,
            92.48333333333333,
            92.46666666666667,
            92.71666666666667,
            93.5,
            92.95,
            94.96666666666667,
            92.73333333333333,
            93.1,
            93.78333333333333,
            94.03333333333333,
            94.31666666666666,
            94.16666666666667,
            93.96666666666667,
            94.61666666666666,
            94.86666666666666,
            94.08333333333333,
            94.63333333333334,
            94.7,
            95.01666666666667,
            94.85,
            94.9,
            95.11666666666666
        ],
        "1": [
            28.766666666666666,
            42.63333333333333,
            58.31666666666667,
            73.73333333333333,
            78.46666666666667,
            80.48333333333333,
            81.81666666666666,
            82.3,
            83.23333333333333,
            85.05,
            85.4,
            86.21666666666667,
            86.5,
            87.2,
            87.33333333333333,
            88.41666666666667,
            88.2,
            88.31666666666666,
            88.8,
            89.36666666666666,
            89.8,
            89.98333333333333,
            90.41666666666667,
            90.2,
            90.71666666666667,
            90.78333333333333,
            90.83333333333333,
            91.11666666666666,
            91.3,
            91.58333333333333,
            91.7,
            92.35,
            91.95,
            92.15,
            92.71666666666667,
            92.55,
            92.36666666666666,
            92.83333333333333,
            93.08333333333333,
            93.76666666666667,
            93.21666666666667,
            93.43333333333334,
            93.43333333333334,
            93.8,
            93.7,
            94.15,
            94.13333333333334,
            94.11666666666666,
            94.36666666666666,
            94.48333333333333,
            94.93333333333334,
            94.38333333333334,
            94.66666666666667,
            94.98333333333333,
            94.51666666666667,
            95.33333333333333,
            95.35,
            95.96666666666667,
            94.81666666666666,
            95.86666666666666
        ],
        "2": [
            29.6,
            42.11666666666667,
            58.81666666666667,
            72.53333333333333,
            77.28333333333333,
            80.23333333333333,
            80.93333333333334,
            82.16666666666667,
            83.63333333333334,
            84.43333333333334,
            85.33333333333333,
            85.91666666666667,
            86.31666666666666,
            86.95,
            87.45,
            88.23333333333333,
            88.4,
            88.76666666666667,
            88.71666666666667,
            89.38333333333334,
            89.46666666666667,
            89.71666666666667,
            90.08333333333333,
            89.75,
            90.05,
            90.53333333333333,
            90.41666666666667,
            90.71666666666667,
            91.05,
            91.63333333333334,
            91.5,
            92.25,
            91.7,
            91.95,
            91.98333333333333,
            92.33333333333333,
            92.3,
            92.26666666666667,
            93.48333333333333,
            92.68333333333334,
            93.08333333333333,
            93.38333333333334,
            93.45,
            93.71666666666667,
            93.48333333333333,
            93.41666666666667,
            93.9,
            93.93333333333334,
            93.43333333333334,
            94.08333333333333,
            93.58333333333333,
            94.45,
            92.95,
            94.66666666666667,
            94.68333333333334,
            94.83333333333333,
            94.9,
            94.83333333333333,
            94.85,
            95.11666666666666
        ],
        "3": [
            31.4,
            41.28333333333333,
            55.95,
            72.8,
            78.3,
            79.78333333333333,
            81.83333333333333,
            82.2,
            83.26666666666667,
            84.28333333333333,
            84.81666666666666,
            85.91666666666667,
            86.03333333333333,
            86.7,
            87.26666666666667,
            87.45,
            87.36666666666666,
            88.41666666666667,
            88.71666666666667,
            88.83333333333333,
            89.36666666666666,
            89.6,
            89.9,
            90.08333333333333,
            89.96666666666667,
            90.33333333333333,
            90.85,
            90.51666666666667,
            90.83333333333333,
            91.01666666666667,
            90.9,
            91.16666666666667,
            91.76666666666667,
            91.73333333333333,
            92.03333333333333,
            92.38333333333334,
            92.4,
            92.35,
            92.21666666666667,
            93.01666666666667,
            93.11666666666666,
            93.51666666666667,
            93.71666666666667,
            93.41666666666667,
            93.6,
            93.93333333333334,
            93.81666666666666,
            94.08333333333333,
            94.45,
            94.56666666666666,
            94.48333333333333,
            93.48333333333333,
            94.61666666666666,
            94.91666666666667,
            94.93333333333334,
            94.4,
            95.23333333333333,
            94.96666666666667,
            95.18333333333334,
            95.11666666666666
        ],