{
    "global_accuracy_history": [
        10.19,
        13.91,
        61.72,
        71.1,
        74.88,
        77.88,
        79.02,
        79.47,
        81.14,
        82.3,
        83.13,
        83.68,
        84.38,
        84.73,
        84.49,
        85.46,
        85.68,
        85.75,
        86.32,
        86.6,
        86.7,
        86.65,
        87.08,
        87.62,
        87.74,
        87.67,
        87.85,
        87.65,
        87.79,
        87.87,
        87.74,
        88.09,
        88.15,
        88.22,
        87.9,
        87.56,
        88.05,
        88.14,
        88.2,
        87.8,
        88.36,
        88.22,
        88.52,
        88.55,
        88.78,
        88.87,
        88.74,
        88.74,
        88.14,
        88.89,
        89.04,
        89.0,
        89.16,
        89.14,
        88.98,
        89.31,
        89.44,
        89.09,
        89.17,
        89.12
    ],
    "local_accuracy_histories": {
        "0": [
            32.96666666666667,
            48.86666666666667,
            53.13333333333333,
            67.10833333333333,
            73.19166666666666,
            76.13333333333334,
            78.45,
            81.25833333333334,
            81.63333333333334,
            83.10833333333333,
            84.225,
            85.29166666666667,
            85.89166666666667,
            86.36666666666666,
            87.10833333333333,
            87.94166666666666,
            88.6,
            88.93333333333334,
            89.425,
            90.43333333333334,
            89.99166666666666,
            90.45,
            90.90833333333333,
            91.24166666666666,
            91.95833333333333,
            92.325,
            92.56666666666666,
            95.975,
            92.85,
            92.90833333333333,
            93.45,
            93.84166666666667,
            93.68333333333334,
            93.95833333333333,
            94.25833333333334,
            97.56666666666666,
            94.9,
            95.43333333333334,
            96.01666666666667,
            95.675,
            96.06666666666666,
            95.98333333333333,
            96.06666666666666,
            96.53333333333333,
            96.50833333333334,
            96.875,
            98.275,
            97.125,
            99.34166666666667,
            97.19166666666666,
            97.31666666666666,
            97.41666666666667,
            97.78333333333333,
            98.7,
            98.025,
            97.825,
            97.76666666666667,
            98.2,
            98.78333333333333,
            98.13333333333334
        ],
        "1": [
            32.108333333333334,
            40.166666666666664,
            54.6,
            66.275,
            72.975,
            75.7,
            77.69166666666666,
            79.65,
            81.26666666666667,
            82.56666666666666,
            83.80833333333334,
            84.83333333333333,
            85.84166666666667,
            86.81666666666666,
            87.63333333333334,
            88.025,
            89.06666666666666,
            89.35,
            89.55,
            90.15,
            90.45,
            91.03333333333333,
            91.80833333333334,
            91.75833333333334,
            92.275,
            92.25,
            92.39166666666667,
            92.875,
            93.09166666666667,
            93.49166666666666,
            93.91666666666667,
            93.83333333333333,
            94.16666666666667,
            94.29166666666667,
            94.54166666666667,
            95.24166666666666,
            95.05,
            95.53333333333333,
            95.50833333333334,
            95.6,
            95.65,
            96.16666666666667,
            95.925,
            96.55833333333334,
            96.83333333333333,
            96.73333333333333,
            96.98333333333333,
            97.15833333333333,
            97.46666666666667,
            97.58333333333333,
            99.0,
            98.28333333333333,
            98.36666666666666,
            98.41666666666667,
            98.825,
            98.49166666666666,
            98.75833333333334,
            98.8,
            98.74166666666666,
            99.03333333333333
        ],
        "2": [
            30.633333333333333,
            39.95,
            53.75,
            66.925,
            73.29166666666667,
            76.45833333333333,
            78.175,
            79.88333333333334,
            81.3,
            82.79166666666667,
            84.125,
            85.38333333333334,
            86.21666666666667,
            86.84166666666667,
            87.575,
            88.04166666666667,
            89.03333333333333,
            88.89166666666667,
            89.61666666666666,
            90.23333333333333,
            90.36666666666666,
            90.93333333333334,
            91.41666666666667,
            91.79166666666667,
            92.15,
            92.25,
            92.525,
            92.73333333333333,
            93.025,
            93.40833333333333,
            93.85,
            93.84166666666667,
            94.15833333333333,
            93.93333333333334,
            94.46666666666667,
            94.54166666666667,
            94.45833333333333,
            94.59166666666667,
            94.80833333333334,
            95.39166666666667,
            95.35,
            95.91666666666667,
            98.74166666666666,
            95.89166666666667,
            95.8,
            96.31666666666666,
            96.05,
            97.13333333333334,
            95.99166666666666,
            96.725,
            96.31666666666666,
            97.08333333333333,
            97.25,
            97.19166666666666,
            97.41666666666667,
            97.30833333333334,
            97.74166666666666,
            98.01666666666667,
            97.85833333333333,
            98.325
        ],
        "3": [
            31.325,
            40.708333333333336,
            53.09166666666667,
            66.50833333333334,
            73.54166666666667,
            76.23333333333333,
            78.09166666666667,
            79.75833333333334,
            81.00833333333334,
            82.9,
            84.2,
            84.98333333333333,
            85.78333333333333,
            86.53333333333333,
            87.275,
            87.94166666666666,
            88.49166666666666,
            88.96666666666667,
            89.33333333333333,
            90.29166666666667,
            90.25,
            90.7,
            91.375,
            91.34166666666667,
            92.01666666666667,
            92.1,
            93.44166666666666,
            93.025,
            93.275,
            93.775,
            93.85833333333333,
            94.73333333333333,
            94.15833333333333,
            94.36666666666666,
            95.01666666666667,
            94.7,
            95.00833333333334,
            95.61666666666666,
            96.10833333333333,
            95.94166666666666,
            95.80833333333334,
            96.0,
            96.4,
            97.975,
            96.775,
            97.21666666666667,
            97.075,
            97.14166666666667,
            97.61666666666666,
            97.86666666666666,
            97.99166666666666,
            98.025,
            98.45833333333333,
            98.425,
            98.46666666666667,
            98.64166666666667,
            99.30833333333334,
            98.73333333333333,
            98.89166666666667,
            98.875
        ],