{
    "global_accuracy_history": [
        10.0,
        25.54,
        31.57,
        73.46,
        81.43,
        83.92,
        86.32,
        86.05,
        85.89,
        85.97,
        87.23,
        87.79,
        87.0,
        88.45,
        88.65,
        89.77,
        87.91,
        89.39,
        88.5,
        88.96,
        89.84,
        90.4,
        89.67,
        89.51,
        90.27,
        89.64,
        89.63,
        90.33,
        89.89,
        90.17,
        89.72,
        90.27,
        90.4,
        90.82,
        90.46,
        90.57,
        90.8,
        90.66,
        90.71,
        90.36,
        89.56,
        90.85,
        91.3,
        90.67,
        90.67,
        90.83,
        91.2,
        91.52,
        91.45,
        91.25,
        91.29,
        91.55,
        91.26,
        91.25,
        91.31,
        91.47,
        91.23,
        91.52,
        91.5,
        91.47
    ],
    "local_accuracy_histories": {
        "0": [
            54.94166666666667,
            73.925,
            85.49166666666666,
            84.81666666666666,
            87.325,
            88.78333333333333,
            89.24166666666666,
            90.15,
            91.19166666666666,
            91.64166666666667,
            95.4,
            92.55,
            92.75833333333334,
            93.05833333333334,
            93.76666666666667,
            95.50833333333334,
            94.15,
            94.81666666666666,
            95.125,
            98.05,
            95.95833333333333,
            96.99166666666666,
            95.98333333333333,
            96.44166666666666,
            96.83333333333333,
            97.11666666666666,
            97.475,
            97.70833333333333,
            97.875,
            98.05833333333334,
            97.69166666666666,
            97.89166666666667,
            97.86666666666666,
            99.09166666666667,
            98.56666666666666,
            98.43333333333334,
            98.525,
            98.60833333333333,
            98.975,
            98.95,
            98.58333333333333,
            99.45,
            99.34166666666667,
            99.00833333333334,
            98.98333333333333,
            99.10833333333333,
            99.35,
            99.71666666666667,
            99.7,
            99.80833333333334,
            99.80833333333334,
            99.825,
            99.73333333333333,
            99.75833333333334,
            99.74166666666666,
            99.93333333333334,
            99.75,
            100.0,
            99.99166666666666,
            99.96666666666667
        ],
        "1": [
            54.1,
            72.525,
            81.19166666666666,
            85.54166666666667,
            88.23333333333333,
            89.675,
            90.00833333333334,
            90.975,
            91.58333333333333,
            91.85,
            92.475,
            93.18333333333334,
            93.4,
            93.74166666666666,
            94.03333333333333,
            94.84166666666667,
            94.54166666666667,
            95.59166666666667,
            97.24166666666666,
            95.63333333333334,
            95.88333333333334,
            97.69166666666666,
            96.75833333333334,
            97.46666666666667,
            97.18333333333334,
            96.875,
            98.31666666666666,
            98.03333333333333,
            97.86666666666666,
            98.875,
            98.0,
            98.075,
            97.89166666666667,
            98.31666666666666,
            98.49166666666666,
            98.8,
            98.8,
            98.89166666666667,
            99.59166666666667,
            98.875,
            99.28333333333333,
            99.26666666666667,
            99.61666666666666,
            99.40833333333333,
            99.48333333333333,
            99.40833333333333,
            99.56666666666666,
            99.775,
            99.9,
            100.0,
            99.7,
            99.93333333333334,
            99.875,
            99.95833333333333,
            99.98333333333333,
            99.99166666666666,
            100.0,
            100.0,
            100.0,
            100.0
        ],
        "2": [
            59.46666666666667,
            73.075,
            81.75,
            84.76666666666667,
            87.7,
            88.95,
            89.7,
            90.66666666666667,
            91.325,
            91.81666666666666,
            92.11666666666666,
            92.84166666666667,
            92.68333333333334,
            93.225,
            93.46666666666667,
            93.9,
            94.34166666666667,
            94.725,
            96.13333333333334,
            95.24166666666666,
            95.84166666666667,
            95.69166666666666,
            95.90833333333333,
            96.21666666666667,
            96.25,
            96.39166666666667,
            96.91666666666667,
            97.125,
            97.175,
            97.31666666666666,
            97.53333333333333,
            97.61666666666666,
            98.075,
            97.475,
            98.075,
            97.80833333333334,
            98.91666666666667,
            98.78333333333333,
            98.49166666666666,
            98.58333333333333,
            98.75,
            99.16666666666667,
            99.03333333333333,
            98.60833333333333,
            99.23333333333333,
            99.7,
            99.78333333333333,
            99.475,
            99.65833333333333,
            99.70833333333333,
            99.68333333333334,
            99.74166666666666,
            99.7,
            99.95,
            99.825,
            99.71666666666667,
            99.91666666666667,
            99.675,
            99.98333333333333,
            99.99166666666666
        ],
        "3": [
            55.21666666666667,
            76.1,
            82.15,
            85.30833333333334,
            87.475,
            88.375,
            89.11666666666666,
            90.01666666666667,
            91.175,
            91.10833333333333,
            91.71666666666667,
            92.18333333333334,
            93.075,
            93.38333333333334,
            93.33333333333333,
            93.975,
            94.70833333333333,
            95.28333333333333,
            95.31666666666666,
            96.09166666666667,
            95.83333333333333,
            96.075,
            96.4,
            97.04166666666667,
            96.775,
            97.03333333333333,
            96.825,
            96.96666666666667,
            97.35833333333333,
            97.99166666666666,
            97.65,
            97.98333333333333,
            98.10833333333333,
            98.7,
            98.4,
            98.49166666666666,
            98.925,
            98.96666666666667,
            98.73333333333333,
            98.425,
            98.975,
            99.10833333333333,
            99.325,
            98.85833333333333,
            99.35833333333333,
            99.7,
            99.20833333333333,
            99.75833333333334,
            99.6,
            99.30833333333334,
            99.61666666666666,
            99.9,
            99.95,
            99.925,
            99.88333333333334,
            99.95,
            99.96666666666667,
            99.98333333333333,
            99.99166666666666,
            99.99166666666666
        ],