{
    "global_accuracy_history": [
        11.5,
        45.89,
        81.38,
        78.75,
        85.48,
        84.72,
        88.42,
        87.44,
        88.52,
        87.92,
        88.12,
        88.38,
        88.68,
        89.25,
        88.53,
        89.37,
        88.52,
        89.78,
        89.59,
        89.03,
        89.55,
        89.85,
        89.49,
        89.5,
        89.64,
        89.84,
        89.92,
        90.02,
        90.03,
        90.12,
        89.76,
        89.94,
        90.1,
        90.2,
        90.32,
        90.26,
        90.18,
        90.16,
        90.05,
        90.24,
        90.18,
        90.42,
        90.22,
        90.51,
        90.46,
        90.57,
        90.48,
        90.38,
        90.33,
        90.33,
        90.47,
        90.37,
        90.46,
        90.48,
        90.41,
        90.43,
        90.41,
        90.45,
        90.45,
        90.46
    ],
    "local_accuracy_histories": {
        "0": [
            55.82333333333333,
            75.74,
            85.98666666666666,
            89.60333333333334,
            91.81333333333333,
            93.42666666666666,
            94.39666666666666,
            95.38,
            95.57666666666667,
            96.01666666666667,
            99.55,
            97.25333333333333,
            96.95333333333333,
            99.95666666666666,
            97.45333333333333,
            97.87666666666667,
            98.14,
            98.28666666666666,
            98.49,
            98.46666666666667,
            98.61666666666666,
            98.80666666666667,
            98.87333333333333,
            98.77333333333333,
            100.0,
            99.06333333333333,
            99.17666666666666,
            99.46666666666667,
            99.53666666666666,
            99.5,
            99.4,
            99.68333333333334,
            99.85,
            99.83666666666667,
            99.89333333333333,
            99.88666666666667,
            99.98333333333333,
            99.68333333333334,
            99.79333333333334,
            99.83666666666667,
            99.9,
            99.98333333333333,
            99.82333333333334,
            99.99333333333334,
            99.95,
            99.99333333333334,
            100.0,
            99.86,
            100.0,
            100.0,
            99.99666666666667,
            100.0,
            100.0,
            100.0,
            100.0,
            100.0,
            100.0,
            100.0,
            100.0,
            100.0
        ],
        "1": [
            58.086666666666666,
            76.59666666666666,
            84.99666666666667,
            89.65666666666667,
            92.14333333333333,
            94.09,
            95.02,
            96.69666666666667,
            96.37333333333333,
            96.98333333333333,
            97.01666666666667,
            97.36333333333333,
            97.56333333333333,
            97.53333333333333,
            97.77666666666667,
            97.94666666666667,
            98.04,
            98.43333333333334,
            98.22666666666667,
            98.68,
            98.67,
            99.31666666666666,
            99.06,
            99.14666666666666,
            99.62,
            99.14,
            99.13,
            99.54,
            99.40333333333334,
            99.56,
            99.54666666666667,
            99.49,
            99.56,
            99.80333333333333,
            99.67,
            99.86,
            99.93333333333334,
            99.77,
            99.98666666666666,
            99.79,
            99.98666666666666,
            99.98333333333333,
            100.0,
            99.99666666666667,
            100.0,
            100.0,
            100.0,
            100.0,
            100.0,
            100.0,
            100.0,
            100.0,
            100.0,
            100.0,
            100.0,
            100.0,
            100.0,
            100.0,
            100.0,
            100.0
        ],
        "2": [
            55.92666666666667,
            77.37666666666667,
            86.43666666666667,
            90.14666666666666,
            91.80333333333333,
            92.95666666666666,
            94.51,
            95.30666666666667,
            95.73666666666666,
            95.98666666666666,
            96.38,
            96.60666666666667,
            97.22666666666667,
            97.27666666666667,
            97.83333333333333,
            97.97333333333333,
            99.04333333333334,
            98.05666666666667,
            98.34333333333333,
            98.45666666666666,
            98.66,
            98.54666666666667,
            98.81,
            98.77666666666667,
            98.86666666666666,
            99.43666666666667,
            99.16333333333333,
            99.08,
            99.31333333333333,
            99.51,
            99.22666666666667,
            99.46,
            99.49666666666667,
            99.50333333333333,
            99.7,
            99.73,
            99.89,
            99.75333333333333,
            99.98,
            100.0,
            99.74666666666667,
            99.85,
            99.97333333333333,
            99.99666666666667,
            99.99666666666667,
            100.0,
            99.99666666666667,
            100.0,
            100.0,
            100.0,
            100.0,
            100.0,
            100.0,
            100.0,
            100.0,
            100.0,
            100.0,
            100.0,
            100.0,
            100.0
        ],
        "3": [
            56.86333333333334,
            76.17,
            86.21,
            89.88666666666667,
            92.04,
            93.38666666666667,
            94.45666666666666,
            95.32,
            95.83666666666667,
            96.74,
            96.95,
            97.16333333333333,
            98.47,
            97.85333333333334,
            98.03,
            98.12666666666667,
            98.35,
            99.21333333333334,
            98.46666666666667,
            98.5,
            98.82333333333334,
            98.94666666666667,
            98.94,
            99.19333333333333,
            99.18666666666667,
            99.31,
            99.35,
            99.31666666666666,
            99.37,
            99.55666666666667,
            99.83666666666667,
            99.67333333333333,
            99.61,
            99.83,
            99.9,
            99.8,
            99.99,
            99.7,
            99.98,
            99.97333333333333,
            99.78,
            99.89333333333333,
            99.93333333333334,
            99.94666666666667,
            99.99333333333334,
            99.99666666666667,
            99.99333333333334,
            100.0,
            100.0,
            100.0,
            100.0,
            100.0,
            100.0,
            100.0,
            100.0,
            100.0,
            100.0,
            100.0,
            100.0,
            100.0
        ],