{
    "global_accuracy_history": [
        10.0,
        41.67,
        77.3,
        80.16,
        83.38,
        82.66,
        85.24,
        84.68,
        83.9,
        83.68,
        85.31,
        86.57,
        86.46,
        85.54,
        86.3,
        87.23,
        87.12,
        87.16,
        88.32,
        87.34,
        88.64,
        88.49,
        88.52,
        89.24,
        88.72,
        89.22,
        89.44,
        89.01,
        89.69,
        89.23,
        89.6,
        88.62,
        89.44,
        89.34,
        89.04,
        89.98,
        89.91,
        90.54,
        89.84,
        90.25,
        90.01,
        89.79,
        89.24,
        89.78,
        89.87,
        89.83,
        90.29,
        90.32,
        90.36,
        88.76,
        90.23,
        90.13,
        90.5,
        90.43,
        90.15,
        89.9,
        90.67,
        90.02,
        90.57,
        90.16
    ],
    "local_accuracy_histories": {
        "0": [
            39.03333333333333,
            54.44166666666667,
            72.33333333333333,
            79.85,
            83.21666666666667,
            84.425,
            85.58333333333333,
            86.775,
            87.8,
            91.99166666666666,
            89.025,
            89.475,
            89.95833333333333,
            90.43333333333334,
            90.48333333333333,
            91.59166666666667,
            92.24166666666666,
            92.13333333333334,
            96.675,
            92.74166666666666,
            92.9,
            92.96666666666667,
            93.53333333333333,
            93.75833333333334,
            94.04166666666667,
            93.89166666666667,
            93.99166666666666,
            94.61666666666666,
            94.58333333333333,
            94.73333333333333,
            94.89166666666667,
            95.21666666666667,
            95.15,
            95.63333333333334,
            95.39166666666667,
            95.225,
            96.09166666666667,
            99.19166666666666,
            96.03333333333333,
            95.80833333333334,
            99.2,
            95.89166666666667,
            96.91666666666667,
            97.04166666666667,
            97.4,
            97.68333333333334,
            97.68333333333334,
            97.23333333333333,
            99.4,
            97.45,
            98.3,
            98.2,
            98.41666666666667,
            98.30833333333334,
            98.70833333333333,
            98.28333333333333,
            98.525,
            98.79166666666667,
            98.55833333333334,
            98.875
        ],
        "1": [
            38.983333333333334,
            53.333333333333336,
            72.51666666666667,
            80.30833333333334,
            83.15833333333333,
            85.00833333333334,
            86.46666666666667,
            87.35,
            88.375,
            89.1,
            89.55833333333334,
            90.475,
            90.98333333333333,
            91.28333333333333,
            91.775,
            92.66666666666667,
            92.73333333333333,
            92.93333333333334,
            93.4,
            93.725,
            94.2,
            94.66666666666667,
            94.575,
            94.71666666666667,
            95.475,
            95.425,
            95.925,
            96.15833333333333,
            97.16666666666667,
            95.95,
            99.29166666666667,
            96.74166666666666,
            99.46666666666667,
            96.75,
            97.05833333333334,
            96.85,
            97.89166666666667,
            97.21666666666667,
            97.06666666666666,
            98.05,
            98.19166666666666,
            97.14166666666667,
            98.175,
            97.58333333333333,
            97.825,
            98.11666666666666,
            97.89166666666667,
            98.475,
            98.275,
            99.425,
            98.325,
            99.03333333333333,
            97.86666666666666,
            99.15,
            98.60833333333333,
            98.89166666666667,
            98.025,
            99.15833333333333,
            99.10833333333333,
            99.225
        ],
        "2": [
            37.96666666666667,
            59.983333333333334,
            71.96666666666667,
            79.73333333333333,
            82.625,
            84.45833333333333,
            85.90833333333333,
            87.04166666666667,
            89.18333333333334,
            88.60833333333333,
            89.25833333333334,
            93.45,
            90.45833333333333,
            91.08333333333333,
            91.31666666666666,
            92.34166666666667,
            92.09166666666667,
            92.45,
            92.6,
            92.95,
            93.44166666666666,
            94.01666666666667,
            93.89166666666667,
            93.90833333333333,
            94.525,
            94.96666666666667,
            94.79166666666667,
            94.65833333333333,
            94.9,
            95.05833333333334,
            95.95833333333333,
            95.65,
            95.74166666666666,
            98.83333333333333,
            95.69166666666666,
            96.425,
            96.61666666666666,
            97.075,
            97.125,
            96.65,
            96.725,
            97.35,
            97.725,
            97.60833333333333,
            97.41666666666667,
            97.46666666666667,
            97.825,
            97.70833333333333,
            98.00833333333334,
            97.675,
            97.93333333333334,
            98.03333333333333,
            97.78333333333333,
            98.03333333333333,
            98.35833333333333,
            98.54166666666667,
            98.95833333333333,
            98.45,
            98.525,
            98.975
        ],
        "3": [
            35.05833333333333,
            53.733333333333334,
            72.35,
            79.375,
            82.375,
            84.05,
            85.58333333333333,
            86.55,
            87.975,
            89.575,
            89.05,
            89.49166666666666,
            91.05833333333334,
            91.05833333333334,
            91.49166666666666,
            91.95833333333333,
            92.08333333333333,
            92.04166666666667,
            93.09166666666667,
            93.63333333333334,
            93.66666666666667,
            93.41666666666667,
            93.65833333333333,
            94.39166666666667,
            94.775,
            98.56666666666666,
            94.56666666666666,
            95.26666666666667,
            96.28333333333333,
            95.68333333333334,
            95.975,
            96.26666666666667,
            95.91666666666667,
            95.99166666666666,
            96.38333333333334,
            96.81666666666666,
            97.76666666666667,
            96.15833333333333,
            97.49166666666666,
            96.50833333333334,
            96.95,
            96.725,
            97.21666666666667,
            97.425,
            97.16666666666667,
            97.56666666666666,
            97.75833333333334,
            97.73333333333333,
            97.45833333333333,
            97.45833333333333,
            97.65833333333333,
            97.65833333333333,
            98.25,
            96.95833333333333,
            97.26666666666667,
            97.675,
            97.65833333333333,
            97.83333333333333,
            98.3,
            98.08333333333333
        ],