{
    "global_accuracy_history": [
        10.0,
        12.77,
        76.85,
        85.55,
        87.29,
        89.2,
        88.02,
        87.64,
        85.01,
        89.29,
        86.81,
        87.11,
        89.43,
        88.44,
        89.44,
        88.71,
        89.41,
        90.75,
        90.44,
        89.9,
        90.56,
        90.01,
        91.26,
        90.19,
        89.84,
        90.91,
        90.57,
        91.09,
        91.32,
        91.34,
        90.77,
        91.24,
        91.49,
        90.63,
        91.0,
        91.03,
        91.57,
        91.48,
        90.42,
        91.06,
        91.33,
        91.27,
        90.91,
        91.4,
        91.47,
        91.27,
        91.76,
        91.86,
        91.84,
        91.83,
        91.94,
        92.02,
        91.97,
        92.0,
        92.11,
        92.08,
        92.01,
        92.02,
        92.03,
        92.01
    ],
    "local_accuracy_histories": {
        "0": [
            78.85666666666667,
            85.14333333333333,
            88.57,
            91.23666666666666,
            93.23333333333333,
            93.82333333333334,
            95.07666666666667,
            95.58,
            95.63333333333334,
            96.60666666666667,
            96.51,
            97.08666666666667,
            97.26666666666667,
            97.42666666666666,
            98.54333333333334,
            97.87333333333333,
            98.10333333333334,
            98.11666666666666,
            98.67333333333333,
            98.42666666666666,
            98.71,
            99.04333333333334,
            98.66,
            98.89666666666666,
            99.45333333333333,
            99.06666666666666,
            99.18666666666667,
            99.37,
            99.19666666666667,
            99.23,
            99.5,
            99.84,
            99.45666666666666,
            99.36666666666666,
            99.5,
            99.54,
            100.0,
            99.75666666666666,
            99.50666666666666,
            99.81333333333333,
            99.76,
            99.88666666666667,
            99.38333333333334,
            99.8,
            100.0,
            99.77,
            99.99,
            100.0,
            100.0,
            100.0,
            100.0,
            100.0,
            100.0,
            100.0,
            100.0,
            100.0,
            100.0,
            100.0,
            100.0,
            100.0
        ],
        "1": [
            78.67,
            86.22666666666667,
            89.38,
            91.97,
            93.25666666666666,
            94.74,
            95.25666666666666,
            96.00666666666666,
            96.47,
            96.77333333333333,
            97.11666666666666,
            97.49,
            97.88333333333334,
            98.04,
            98.08666666666667,
            98.46333333333334,
            98.58666666666667,
            98.66333333333333,
            98.67666666666666,
            98.99666666666667,
            99.22666666666667,
            99.20333333333333,
            99.18,
            99.30333333333333,
            99.33333333333333,
            99.31333333333333,
            99.22333333333333,
            99.21333333333334,
            100.0,
            99.01,
            99.93666666666667,
            99.30666666666667,
            99.78333333333333,
            99.23,
            99.61666666666666,
            99.74666666666667,
            99.5,
            99.64,
            99.77666666666667,
            99.74,
            99.76333333333334,
            100.0,
            99.95,
            100.0,
            99.46,
            99.99,
            99.80333333333333,
            99.99333333333334,
            99.97333333333333,
            100.0,
            100.0,
            100.0,
            100.0,
            100.0,
            100.0,
            100.0,
            100.0,
            100.0,
            100.0,
            100.0
        ],
        "2": [
            78.95,
            85.25333333333333,
            88.79333333333334,
            91.57666666666667,
            93.97666666666667,
            94.48,
            94.97333333333333,
            95.79,
            95.98333333333333,
            96.63333333333334,
            97.01666666666667,
            97.37666666666667,
            98.19666666666667,
            97.81,
            98.13,
            98.12333333333333,
            98.32333333333334,
            98.28666666666666,
            98.45,
            98.89,
            98.73666666666666,
            98.96666666666667,
            98.76,
            99.02,
            98.8,
            99.13666666666667,
            99.03,
            99.19,
            99.32666666666667,
            99.28333333333333,
            99.07666666666667,
            99.65333333333334,
            99.36333333333333,
            99.28333333333333,
            99.21,
            99.79333333333334,
            99.74,
            99.62,
            99.9,
            99.33666666666667,
            99.90333333333334,
            99.80333333333333,
            99.66,
            99.95333333333333,
            99.57333333333334,
            99.73333333333333,
            99.95,
            100.0,
            99.99666666666667,
            100.0,
            100.0,
            100.0,
            100.0,
            100.0,
            100.0,
            100.0,
            100.0,
            100.0,
            100.0,
            100.0
        ],
        "3": [
            77.91,
            85.41,
            88.97666666666667,
            90.99666666666667,
            93.22333333333333,
            93.89333333333333,
            96.45666666666666,
            95.15666666666667,
            96.73333333333333,
            96.66,
            97.03666666666666,
            97.25666666666666,
            97.62333333333333,
            97.96666666666667,
            98.21,
            97.91333333333333,
            98.09666666666666,
            98.26,
            98.42,
            98.79333333333334,
            98.95666666666666,
            98.50333333333333,
            98.70666666666666,
            98.95,
            99.49,
            99.00666666666666,
            99.11,
            99.14333333333333,
            99.06666666666666,
            99.24333333333334,
            99.30666666666667,
            99.30666666666667,
            99.29333333333334,
            99.59,
            99.52,
            99.37333333333333,
            99.67666666666666,
            99.75666666666666,
            99.61666666666666,
            99.75333333333333,
            99.89333333333333,
            99.97,
            98.97333333333333,
            99.97,
            99.99,
            99.45666666666666,
            100.0,
            99.87333333333333,
            99.99666666666667,
            100.0,
            100.0,
            100.0,
            100.0,
            100.0,
            100.0,
            100.0,
            100.0,
            100.0,
            100.0,
            100.0
        ],