{
    "global_accuracy_history": [
        10.73,
        38.49,
        59.93,
        81.22,
        86.13,
        88.4,
        86.72,
        87.72,
        83.51,
        88.32,
        88.25,
        89.88,
        89.5,
        88.38,
        89.53,
        89.78,
        89.27,
        89.83,
        90.87,
        90.75,
        89.07,
        90.83,
        90.05,
        90.64,
        90.48,
        91.17,
        90.54,
        90.8,
        90.56,
        90.83,
        90.25,
        90.74,
        91.11,
        91.01,
        90.76,
        90.84,
        90.75,
        90.99,
        90.28,
        90.72,
        91.07,
        90.8,
        91.51,
        90.92,
        91.12,
        90.05,
        91.18,
        91.18,
        91.21,
        91.15,
        91.69,
        91.59,
        91.15,
        89.09,
        91.57,
        91.59,
        91.75,
        91.64,
        91.72,
        91.69
    ],
    "local_accuracy_histories": {
        "0": [
            71.66,
            90.50333333333333,
            87.63,
            91.27333333333333,
            92.97666666666667,
            93.70666666666666,
            95.22,
            95.70333333333333,
            96.47,
            96.68333333333334,
            97.19666666666667,
            97.35333333333334,
            97.76,
            97.74333333333334,
            98.54333333333334,
            97.96666666666667,
            98.27666666666667,
            98.16666666666667,
            98.48333333333333,
            98.5,
            98.66,
            98.82666666666667,
            98.81333333333333,
            98.95,
            98.87666666666667,
            99.16333333333333,
            99.21666666666667,
            99.27333333333333,
            99.04666666666667,
            99.83,
            99.54,
            99.30333333333333,
            99.49333333333334,
            99.08333333333333,
            99.17333333333333,
            99.34,
            99.69333333333333,
            99.64666666666666,
            99.31333333333333,
            99.86,
            99.85666666666667,
            99.74333333333334,
            99.76,
            99.58666666666667,
            99.96333333333334,
            99.54,
            99.51333333333334,
            99.99333333333334,
            99.91666666666667,
            99.89333333333333,
            100.0,
            100.0,
            99.99666666666667,
            99.40333333333334,
            99.99666666666667,
            100.0,
            100.0,
            100.0,
            100.0,
            100.0
        ],
        "1": [
            70.87333333333333,
            84.7,
            89.34666666666666,
            91.59333333333333,
            93.17333333333333,
            94.82,
            95.26666666666667,
            95.68333333333334,
            96.36666666666666,
            96.84666666666666,
            97.58,
            97.64333333333333,
            97.93333333333334,
            98.17666666666666,
            98.28333333333333,
            98.34333333333333,
            98.52333333333333,
            98.57666666666667,
            98.92333333333333,
            98.60333333333334,
            98.81,
            98.98333333333333,
            99.06,
            99.19666666666667,
            99.08666666666667,
            99.17666666666666,
            99.26333333333334,
            99.56333333333333,
            99.31333333333333,
            99.20333333333333,
            99.35333333333334,
            99.81333333333333,
            99.06,
            99.33333333333333,
            99.47666666666667,
            99.40333333333334,
            99.66333333333333,
            99.61666666666666,
            99.38,
            99.91333333333333,
            99.82333333333334,
            99.64666666666666,
            99.93,
            99.85666666666667,
            99.99333333333334,
            99.98333333333333,
            99.98666666666666,
            100.0,
            99.31666666666666,
            100.0,
            100.0,
            100.0,
            100.0,
            100.0,
            99.37333333333333,
            100.0,
            100.0,
            100.0,
            100.0,
            100.0
        ],
        "2": [
            71.44333333333333,
            85.58,
            88.77666666666667,
            91.61333333333333,
            93.03333333333333,
            94.72,
            95.10333333333334,
            95.74333333333334,
            96.71666666666667,
            96.94666666666667,
            96.95666666666666,
            98.25333333333333,
            97.77666666666667,
            98.08333333333333,
            98.27666666666667,
            98.13666666666667,
            98.41,
            98.26,
            98.3,
            98.84666666666666,
            98.86666666666666,
            98.62666666666667,
            99.04666666666667,
            98.73333333333333,
            98.99333333333334,
            98.94333333333333,
            99.44333333333333,
            99.15333333333334,
            99.15333333333334,
            99.25666666666666,
            99.35333333333334,
            99.46666666666667,
            99.56333333333333,
            99.55333333333333,
            99.23333333333333,
            99.64333333333333,
            99.49,
            99.50666666666666,
            99.89666666666666,
            99.43333333333334,
            99.98333333333333,
            99.53333333333333,
            99.96333333333334,
            99.13333333333334,
            99.99333333333334,
            99.64333333333333,
            99.99,
            99.99,
            99.97,
            99.98,
            100.0,
            99.81666666666666,
            100.0,
            99.35333333333334,
            100.0,
            100.0,
            99.99666666666667,
            100.0,
            100.0,
            100.0
        ],
        "3": [
            74.16333333333333,
            85.17,
            88.95666666666666,
            91.42666666666666,
            93.09666666666666,
            94.19,
            95.37,
            95.67333333333333,
            99.04,
            96.53333333333333,
            97.10333333333334,
            97.59666666666666,
            97.50666666666666,
            98.13666666666667,
            98.12666666666667,
            98.17666666666666,
            98.51333333333334,
            98.66333333333333,
            98.64,
            98.69333333333333,
            98.95333333333333,
            98.81666666666666,
            98.83,
            99.08666666666667,
            99.18,
            99.28666666666666,
            99.08,
            99.00333333333333,
            99.08,
            99.22666666666667,
            99.04,
            99.47666666666667,
            99.33666666666667,
            99.62666666666667,
            99.54666666666667,
            99.73333333333333,
            99.95,
            99.22333333333333,
            99.81,
            99.84333333333333,
            99.47,
            99.44666666666667,
            99.99,
            99.73333333333333,
            99.86,
            99.99666666666667,
            99.66666666666667,
            99.98666666666666,
            99.56666666666666,
            99.99,
            100.0,
            99.27666666666667,
            100.0,
            100.0,
            99.94,
            100.0,
            100.0,
            100.0,
            100.0,
            100.0
        ],