{
    "global_accuracy_history": [
        10.0,
        10.5,
        31.23,
        54.76,
        72.81,
        71.73,
        84.01,
        83.88,
        85.58,
        85.79,
        85.09,
        86.63,
        86.47,
        87.51,
        87.77,
        88.2,
        87.9,
        86.93,
        88.29,
        88.75,
        88.26,
        87.89,
        87.99,
        87.98,
        88.97,
        88.47,
        88.11,
        88.61,
        88.79,
        88.07,
        88.41,
        89.27,
        88.43,
        89.12,
        88.28,
        89.15,
        88.27,
        88.76,
        89.32,
        88.52,
        89.0,
        88.77,
        88.69,
        88.8,
        89.19,
        88.98,
        87.82,
        89.01,
        88.9,
        89.2
    ],
    "local_accuracy_histories": {
        "0": [
            74.5,
            87.0433349609375,
            93.14666748046875,
            95.78666687011719,
            97.82833099365234,
            97.70166778564453,
            97.98833465576172,
            98.375,
            98.41999816894531,
            98.8800048828125,
            98.80000305175781,
            98.93499755859375,
            98.97166442871094,
            98.88999938964844,
            99.02666473388672,
            99.53833770751953,
            99.10333251953125,
            99.16500091552734,
            99.12333679199219,
            99.32666778564453,
            99.33333587646484,
            99.29000091552734,
            99.3133316040039,
            99.45833587646484,
            99.39666748046875,
            99.37333679199219,
            99.52166748046875,
            99.40833282470703,
            99.55500030517578,
            99.55500030517578,
            99.65499877929688,
            99.56666564941406,
            99.42833709716797,
            99.92166900634766,
            99.44667053222656,
            99.6066665649414,
            99.67833709716797,
            99.45833587646484,
            99.7249984741211,
            99.7750015258789,
            99.84166717529297,
            99.56666564941406,
            99.70833587646484,
            100.0,
            99.76000213623047,
            99.9383316040039,
            99.5683364868164,
            99.75333404541016,
            99.66166687011719,
            100.0
        ],
        "1": [
            76.86666870117188,
            87.11666870117188,
            93.75833129882812,
            96.15666961669922,
            97.30833435058594,
            97.57833099365234,
            98.26667022705078,
            98.1683349609375,
            98.57167053222656,
            98.92833709716797,
            98.91999816894531,
            99.05667114257812,
            99.09500122070312,
            98.93499755859375,
            99.10166931152344,
            99.00666809082031,
            99.01000213623047,
            99.2249984741211,
            99.19833374023438,
            99.42333221435547,
            99.88166809082031,
            99.4183349609375,
            99.28666687011719,
            99.46333312988281,
            99.7366714477539,
            99.32167053222656,
            99.96833801269531,
            99.32333374023438,
            99.42666625976562,
            99.61333465576172,
            100.0,
            99.54499816894531,
            99.65166473388672,
            99.63500213623047,
            99.55999755859375,
            99.50333404541016,
            99.66666412353516,
            99.84333801269531,
            99.48333740234375,
            99.8566665649414,
            100.0,
            99.59000396728516,
            99.95999908447266,
            99.56999969482422,
            99.90166473388672,
            99.711669921875,
            99.69000244140625,
            99.75833129882812,
            99.67833709716797,
            99.9566650390625
        ],
        "2": [
            76.19833374023438,
            87.52333068847656,
            92.42500305175781,
            98.6066665649414,
            96.16333770751953,
            97.02833557128906,
            99.95333099365234,
            97.88833618164062,
            98.20999908447266,
            98.67166900634766,
            98.6866683959961,
            98.72166442871094,
            98.8800048828125,
            99.05667114257812,
            98.88333129882812,
            98.87667083740234,
            98.96666717529297,
            100.0,
            99.01499938964844,
            99.39167022705078,
            99.18499755859375,
            99.13666534423828,
            99.30166625976562,
            99.40333557128906,
            99.1866683959961,
            99.12833404541016,
            99.34500122070312,
            99.81666564941406,
            99.18167114257812,
            99.59166717529297,
            99.50167083740234,
            99.95000457763672,
            99.30667114257812,
            99.48833465576172,
            99.42833709716797,
            99.52000427246094,
            99.52666473388672,
            99.64500427246094,
            99.4383316040039,
            99.7683334350586,
            99.55999755859375,
            99.82167053222656,
            99.5999984741211,
            99.6883316040039,
            99.62166595458984,
            99.8550033569336,
            99.59833526611328,
            99.8116683959961,
            99.76667022705078,
            99.70000457763672
        ],
        "3": [
            74.90666961669922,
            86.15166473388672,
            96.54000091552734,
            94.8316650390625,
            96.67166900634766,
            98.8183364868164,
            97.74333190917969,
            98.18167114257812,
            99.22333526611328,
            98.6066665649414,
            98.72000122070312,
            98.90833282470703,
            98.95000457763672,
            98.86000061035156,
            99.15166473388672,
            99.05500030517578,
            99.02833557128906,
            99.05333709716797,
            99.08000183105469,
            99.29499816894531,
            99.26499938964844,
            99.25167083740234,
            99.44000244140625,
            99.37667083740234,
            99.46500396728516,
            99.3316650390625,
            99.34333801269531,
            99.27999877929688,
            99.41333770751953,
            99.66500091552734,
            99.55500030517578,
            99.56666564941406,
            99.59166717529297,
            100.0,
            99.57500457763672,
            99.6500015258789,
            99.55000305175781,
            99.64500427246094,
            99.60333251953125,
            99.72333526611328,
            99.64500427246094,
            99.8616714477539,
            99.7550048828125,
            99.65833282470703,
            99.7249984741211,
            99.84833526611328,
            99.66166687011719,
            99.99333190917969,
            99.57167053222656,
            99.90166473388672
        ],