{
    "global_accuracy_history": [
        10.0,
        39.12,
        72.51,
        78.09,
        82.47,
        83.59,
        84.26,
        84.39,
        85.03,
        85.92,
        86.34,
        86.42,
        86.62,
        86.78,
        86.78,
        87.96,
        87.5,
        88.03,
        88.1,
        88.54,
        88.58,
        88.7,
        89.32,
        89.2,
        89.2,
        89.49,
        89.56,
        89.7,
        89.42,
        89.84,
        89.87,
        90.18,
        89.96,
        89.55,
        89.82,
        90.33,
        90.17,
        89.96,
        89.49,
        90.23,
        90.35,
        89.69,
        89.84,
        90.12,
        90.28,
        90.31,
        90.41,
        90.07,
        90.22,
        89.96,
        90.14,
        90.07,
        89.85,
        89.98,
        90.0,
        89.76,
        90.6,
        90.34,
        89.47,
        89.66
    ],
    "local_accuracy_histories": {
        "0": [
            34.9,
            52.75,
            71.15,
            77.03333333333333,
            79.66666666666667,
            81.63333333333334,
            82.98333333333333,
            83.98333333333333,
            84.75,
            85.61666666666666,
            85.96666666666667,
            86.53333333333333,
            87.11666666666666,
            89.03333333333333,
            87.28333333333333,
            87.5,
            87.83333333333333,
            88.48333333333333,
            88.56666666666666,
            89.11666666666666,
            89.11666666666666,
            89.33333333333333,
            89.35,
            89.68333333333334,
            90.4,
            91.01666666666667,
            91.4,
            90.66666666666667,
            90.95,
            91.48333333333333,
            91.2,
            92.01666666666667,
            91.65,
            91.66666666666667,
            93.3,
            92.38333333333334,
            92.65,
            93.23333333333333,
            92.95,
            93.31666666666666,
            93.4,
            93.3,
            95.48333333333333,
            94.08333333333333,
            94.18333333333334,
            93.98333333333333,
            94.18333333333334,
            94.76666666666667,
            94.03333333333333,
            94.88333333333334,
            94.9,
            95.93333333333334,
            95.08333333333333,
            94.91666666666667,
            95.15,
            95.31666666666666,
            95.21666666666667,
            95.68333333333334,
            95.96666666666667,
            96.5
        ],
        "1": [
            35.1,
            48.666666666666664,
            70.5,
            77.28333333333333,
            80.03333333333333,
            81.71666666666667,
            83.11666666666666,
            84.41666666666667,
            84.85,
            85.83333333333333,
            86.25,
            87.05,
            87.43333333333334,
            87.91666666666667,
            88.31666666666666,
            88.23333333333333,
            88.91666666666667,
            88.88333333333334,
            89.28333333333333,
            89.51666666666667,
            90.25,
            90.01666666666667,
            91.13333333333334,
            90.76666666666667,
            90.96666666666667,
            91.11666666666666,
            92.08333333333333,
            91.95,
            92.25,
            92.3,
            92.6,
            92.68333333333334,
            92.75,
            93.88333333333334,
            93.5,
            93.56666666666666,
            93.85,
            94.23333333333333,
            94.18333333333334,
            94.13333333333334,
            94.35,
            94.98333333333333,
            94.41666666666667,
            94.91666666666667,
            95.56666666666666,
            95.71666666666667,
            95.46666666666667,
            95.06666666666666,
            95.53333333333333,
            95.35,
            95.65,
            95.36666666666666,
            96.03333333333333,
            95.86666666666666,
            96.2,
            95.65,
            95.81666666666666,
            96.51666666666667,
            96.58333333333333,
            96.16666666666667
        ],
        "2": [
            34.266666666666666,
            54.85,
            71.7,
            77.45,
            80.3,
            82.35,
            83.48333333333333,
            84.4,
            85.11666666666666,
            86.3,
            86.45,
            87.06666666666666,
            87.45,
            88.05,
            88.01666666666667,
            88.38333333333334,
            88.95,
            88.98333333333333,
            89.31666666666666,
            89.56666666666666,
            89.88333333333334,
            90.55,
            90.66666666666667,
            90.63333333333334,
            91.3,
            91.18333333333334,
            93.28333333333333,
            91.1,
            91.36666666666666,
            92.03333333333333,
            92.26666666666667,
            91.95,
            92.45,
            92.53333333333333,
            92.71666666666667,
            92.5,
            92.28333333333333,
            93.13333333333334,
            93.45,
            93.23333333333333,
            93.28333333333333,
            93.6,
            93.03333333333333,
            93.58333333333333,
            93.45,
            94.0,
            95.85,
            94.16666666666667,
            94.51666666666667,
            94.65,
            94.73333333333333,
            94.76666666666667,
            95.15,
            95.3,
            94.76666666666667,
            95.31666666666666,
            94.98333333333333,
            95.8,
            95.48333333333333,
            96.13333333333334
        ],
        "3": [
            36.11666666666667,
            49.38333333333333,
            71.0,
            77.81666666666666,
            80.13333333333334,
            81.86666666666666,
            82.76666666666667,
            84.1,
            84.8,
            85.73333333333333,
            86.11666666666666,
            86.81666666666666,
            87.11666666666666,
            87.65,
            88.03333333333333,
            88.3,
            88.43333333333334,
            88.6,
            88.68333333333334,
            89.2,
            90.08333333333333,
            89.88333333333334,
            89.68333333333334,
            89.9,
            90.75,
            90.96666666666667,
            90.66666666666667,
            91.6,
            91.5,
            91.35,
            91.98333333333333,
            92.03333333333333,
            92.01666666666667,
            92.18333333333334,
            92.58333333333333,
            92.31666666666666,
            92.43333333333334,
            92.61666666666666,
            93.11666666666666,
            93.43333333333334,
            93.65,
            93.55,
            93.61666666666666,
            93.85,
            93.85,
            94.51666666666667,
            94.2,
            94.45,
            94.75,
            95.11666666666666,
            95.18333333333334,
            95.08333333333333,
            95.6,
            95.31666666666666,
            95.53333333333333,
            95.25,
            96.06666666666666,
            96.33333333333333,
            96.33333333333333,
            96.06666666666666
        ],