{
    "global_accuracy_history": [
        10.0,
        10.06,
        9.99,
        10.01,
        12.51,
        16.43,
        13.65,
        21.3,
        14.71,
        12.32,
        15.89,
        12.47,
        12.42,
        20.17,
        14.47,
        21.5,
        18.52,
        27.96,
        26.95,
        29.04,
        33.18,
        36.31,
        25.63,
        32.98,
        31.08,
        29.35,
        31.43,
        31.52,
        34.95,
        35.49,
        35.23,
        33.16,
        35.19,
        38.05,
        33.64,
        34.73,
        33.66,
        37.02,
        41.19,
        36.95,
        37.82,
        39.25,
        36.85,
        35.99,
        38.33,
        37.31,
        37.17,
        38.79,
        38.97,
        37.68
    ],
    "local_accuracy_histories": {
        "0": [
            73.30166625976562,
            88.21833801269531,
            94.15833282470703,
            97.2366714477539,
            98.4366683959961,
            98.93499755859375,
            99.2933349609375,
            99.32666778564453,
            99.39666748046875,
            99.7066650390625,
            99.54166412353516,
            99.55999755859375,
            99.59666442871094,
            99.625,
            99.711669921875,
            99.77166748046875,
            99.6933364868164,
            99.80667114257812,
            99.9800033569336,
            99.75833129882812,
            99.92500305175781,
            99.95166778564453,
            99.60333251953125,
            99.99666595458984,
            99.99666595458984,
            99.48999786376953,
            99.98333740234375,
            100.0,
            99.97833251953125,
            99.92666625976562,
            99.99666595458984,
            99.99500274658203,
            99.96500396728516,
            100.0,
            99.72333526611328,
            99.97333526611328,
            99.99666595458984,
            99.79499816894531,
            99.99833679199219,
            100.0,
            99.99500274658203,
            100.0,
            100.0,
            100.0,
            100.0,
            100.0,
            100.0,
            99.9866714477539,
            100.0,
            100.0
        ],
        "1": [
            75.05333709716797,
            90.34666442871094,
            95.71333312988281,
            97.83499908447266,
            98.76499938964844,
            99.04499816894531,
            99.20999908447266,
            99.2316665649414,
            99.37166595458984,
            99.84833526611328,
            99.51667022705078,
            99.72000122070312,
            99.47333526611328,
            99.82833099365234,
            99.61000061035156,
            99.65833282470703,
            99.69499969482422,
            99.94833374023438,
            99.61833190917969,
            99.95333099365234,
            99.92666625976562,
            99.8550033569336,
            99.98333740234375,
            99.99500274658203,
            99.54833221435547,
            100.0,
            100.0,
            99.99166870117188,
            100.0,
            99.95000457763672,
            99.76000213623047,
            99.99833679199219,
            99.9816665649414,
            99.95333099365234,
            99.98833465576172,
            99.8133316040039,
            99.85833740234375,
            100.0,
            100.0,
            100.0,
            100.0,
            100.0,
            99.99500274658203,
            100.0,
            100.0,
            99.98333740234375,
            99.99666595458984,
            100.0,
            99.99666595458984,
            99.99833679199219
        ],
        "2": [
            74.73333740234375,
            88.36666870117188,
            93.5433349609375,
            98.87667083740234,
            98.10166931152344,
            98.44166564941406,
            98.83499908447266,
            99.20500183105469,
            99.30166625976562,
            99.52833557128906,
            99.40499877929688,
            99.70166778564453,
            99.625,
            99.93000030517578,
            99.31999969482422,
            99.71333312988281,
            99.74833679199219,
            99.7933349609375,
            99.65499877929688,
            100.0,
            99.97666931152344,
            99.72166442871094,
            99.74666595458984,
            99.99333190917969,
            99.91166687011719,
            99.98833465576172,
            99.68499755859375,
            99.9800033569336,
            99.99666595458984,
            99.96666717529297,
            99.78500366210938,
            99.9749984741211,
            99.99166870117188,
            99.89833068847656,
            99.99666595458984,
            99.99833679199219,
            100.0,
            99.72000122070312,
            100.0,
            100.0,
            100.0,
            100.0,
            100.0,
            99.99166870117188,
            100.0,
            99.88999938964844,
            100.0,
            99.97333526611328,
            100.0,
            100.0
        ],
        "3": [
            74.61666870117188,
            88.30166625976562,
            94.00833129882812,
            97.39666748046875,
            98.461669921875,
            99.37000274658203,
            98.97000122070312,
            99.1866683959961,
            99.26499938964844,
            99.57167053222656,
            99.61000061035156,
            99.55500030517578,
            99.48833465576172,
            99.82500457763672,
            99.57167053222656,
            99.66166687011719,
            99.91500091552734,
            99.63166809082031,
            99.9800033569336,
            99.86666870117188,
            99.8133316040039,
            99.62000274658203,
            99.9866714477539,
            99.70999908447266,
            99.99500274658203,
            100.0,
            99.61833190917969,
            99.70500183105469,
            100.0,
            100.0,
            99.99666595458984,
            99.99500274658203,
            99.99500274658203,
            99.68499755859375,
            99.97333526611328,
            100.0,
            100.0,
            100.0,
            100.0,
            100.0,
            99.99666595458984,
            99.99333190917969,
            100.0,
            99.99833679199219,
            100.0,
            100.0,
            100.0,
            100.0,
            99.56500244140625,
            100.0
        ],
        "4": [
            77.5,
            89.86000061035156,
            97.46333312988281,
            96.97333526611328,
            97.86333465576172,
            98.77166748046875,
            98.961669921875,
            99.211669921875,
            99.15833282470703,
            99.57833099365234,
            99.47166442871094,
            99.46333312988281,
            99.61000061035156,
            99.65666961669922,
            99.5816650390625,
            99.74500274658203,
            99.7316665649414,
            99.89167022705078,
            99.92666625976562,
            99.76667022705078,
            99.74833679199219,
            99.99166870117188,
            99.80667114257812,
            99.88666534423828,
            99.7683334350586,
            99.99333190917969,
            99.99333190917969,
            99.99833679199219,
            99.54499816894531,
            100.0,
            99.99333190917969,
            99.99666595458984,
            99.99500274658203,
            100.0,
            99.98333740234375,
            99.95500183105469,
            100.0,
            100.0,
            99.99166870117188,
            100.0,
            99.711669921875,
            100.0,
            99.99833679199219,
            100.0,
            99.91666412353516,
            100.0,
            100.0,
            99.9816665649414,
            99.99833679199219,
            99.99833679199219
        ],