{
    "global_accuracy_history": [
        18.84,
        68.72,
        82.71,
        85.91,
        87.52,
        87.47,
        88.34,
        88.82,
        88.84,
        88.84,
        88.88,
        88.93,
        89.18,
        89.36,
        89.28,
        89.38,
        89.35,
        89.54,
        89.68,
        89.3,
        89.42,
        89.68,
        89.86,
        89.32,
        89.58,
        89.76,
        89.83,
        89.68,
        89.67,
        89.9,
        89.51,
        89.73,
        89.75,
        89.82,
        89.5,
        89.59,
        89.46,
        89.56,
        89.62,
        89.65,
        89.75,
        89.78,
        89.8,
        89.81,
        89.7,
        89.88,
        89.82,
        89.67,
        89.67,
        89.59,
        89.58,
        89.63,
        89.63,
        89.66,
        89.62,
        89.62,
        89.73,
        89.7,
        89.68,
        89.68
    ],
    "local_accuracy_histories": {
        "0": [
            57.56666666666667,
            80.74,
            89.01333333333334,
            92.98833333333333,
            95.00333333333333,
            96.05,
            96.62666666666667,
            97.43,
            98.15166666666667,
            97.965,
            98.19833333333334,
            98.53833333333333,
            98.60666666666667,
            98.71666666666667,
            98.935,
            98.83666666666667,
            98.86666666666666,
            98.96166666666667,
            99.085,
            99.17333333333333,
            99.18166666666667,
            99.31833333333333,
            99.60666666666667,
            99.42333333333333,
            99.44,
            99.37666666666667,
            99.54166666666667,
            99.63,
            99.59166666666667,
            99.69333333333333,
            99.62666666666667,
            99.67166666666667,
            99.76,
            99.76333333333334,
            99.70666666666666,
            99.80166666666666,
            99.81,
            99.88333333333334,
            99.86833333333334,
            99.97166666666666,
            99.85333333333334,
            99.98166666666667,
            99.95333333333333,
            99.96333333333334,
            99.96333333333334,
            99.98166666666667,
            100.0,
            99.97666666666667,
            99.995,
            100.0,
            99.99,
            99.99666666666667,
            99.99833333333333,
            99.99833333333333,
            100.0,
            99.99833333333333,
            99.99833333333333,
            100.0,
            100.0,
            100.0
        ],
        "1": [
            59.195,
            78.59166666666667,
            89.30166666666666,
            93.21666666666667,
            95.30333333333333,
            96.72333333333333,
            97.035,
            97.915,
            98.13166666666666,
            98.20166666666667,
            98.53833333333333,
            98.705,
            98.90833333333333,
            98.95166666666667,
            98.88333333333334,
            99.23166666666667,
            99.09666666666666,
            99.31166666666667,
            99.47333333333333,
            99.41333333333333,
            99.29,
            99.36666666666666,
            99.46333333333334,
            100.0,
            99.395,
            99.64333333333333,
            99.65833333333333,
            99.605,
            99.73166666666667,
            99.65,
            99.72666666666667,
            99.77333333333333,
            99.71666666666667,
            99.83166666666666,
            99.715,
            99.905,
            99.83833333333334,
            99.885,
            99.92666666666666,
            99.925,
            99.92833333333333,
            99.89833333333333,
            99.96333333333334,
            99.88,
            99.97666666666667,
            99.99166666666666,
            99.99,
            99.995,
            99.99333333333334,
            99.99833333333333,
            99.99666666666667,
            100.0,
            99.99833333333333,
            99.99833333333333,
            100.0,
            100.0,
            100.0,
            100.0,
            100.0,
            100.0
        ],
        "2": [
            59.041666666666664,
            80.65666666666667,
            89.12833333333333,
            92.92,
            94.95166666666667,
            95.98166666666667,
            96.49166666666666,
            97.04833333333333,
            98.32166666666667,
            97.61666666666666,
            97.97166666666666,
            98.195,
            98.32,
            98.46833333333333,
            98.53,
            98.695,
            98.79666666666667,
            99.07833333333333,
            99.03166666666667,
            99.165,
            99.115,
            99.18,
            99.10666666666667,
            99.31166666666667,
            99.35333333333334,
            99.35833333333333,
            99.42333333333333,
            99.48833333333333,
            99.52333333333333,
            99.48666666666666,
            99.59833333333333,
            99.56,
            99.71666666666667,
            99.65333333333334,
            99.73166666666667,
            99.71833333333333,
            99.67166666666667,
            99.78833333333333,
            99.79666666666667,
            99.79833333333333,
            99.83833333333334,
            99.88,
            99.75333333333333,
            99.96333333333334,
            99.92833333333333,
            99.985,
            99.975,
            99.98833333333333,
            99.995,
            99.98166666666667,
            99.99333333333334,
            99.99166666666666,
            100.0,
            99.99833333333333,
            100.0,
            100.0,
            100.0,
            100.0,
            100.0,
            100.0
        ],
        "3": [
            57.33166666666666,
            81.23166666666667,
            89.12,
            93.35833333333333,
            95.07166666666667,
            96.13833333333334,
            96.62,
            97.18,
            97.44333333333333,
            100.0,
            98.03166666666667,
            98.795,
            98.66166666666666,
            98.52833333333334,
            98.91666666666667,
            98.89833333333333,
            98.89333333333333,
            99.07,
            99.07666666666667,
            99.085,
            99.36833333333334,
            99.30833333333334,
            99.37333333333333,
            99.43833333333333,
            99.57166666666667,
            99.55166666666666,
            99.56166666666667,
            99.54166666666667,
            99.58,
            99.62333333333333,
            99.57,
            99.62,
            99.715,
            99.72333333333333,
            99.69666666666667,
            99.735,
            99.79333333333334,
            99.78833333333333,
            99.86333333333333,
            99.85166666666667,
            99.87833333333333,
            99.89,
            99.92,
            99.93166666666667,
            99.95333333333333,
            99.98333333333333,
            99.79833333333333,
            99.96333333333334,
            99.94666666666667,
            99.93666666666667,
            99.98666666666666,
            99.995,
            99.995,
            99.995,
            99.99833333333333,
            99.995,
            99.99666666666667,
            99.99166666666666,
            99.99666666666667,
            99.99833333333333
        ],