{
    "global_accuracy_history": [
        10.0,
        36.27,
        51.61,
        60.93,
        72.93
    ],
    "local_accuracy_histories": {
        "0": [
            28.80434799194336,
            35.699729919433594,
            48.3186149597168,
            59.57880401611328,
            66.27037811279297
        ],
        "1": [
            27.2078800201416,
            32.353939056396484,
            48.505435943603516,
            58.83152389526367,
            65.64198303222656
        ],
        "2": [
            29.89130401611328,
            32.40489196777344,
            48.76019287109375,
            57.31997299194336,
            65.20040893554688
        ],
        "3": [
            28.95720100402832,
            32.52377700805664,
            46.348506927490234,
            57.16712188720703,
            66.62703704833984
        ],
        "4": [
            27.8702449798584,
            34.45991897583008,
            47.333560943603516,
            58.57676696777344,
            66.86481475830078
        ],
        "5": [
            27.955163955688477,
            31.946332931518555,
            47.418479919433594,
            58.61073303222656,
            65.76087188720703
        ],
        "6": [
            27.49660301208496,
            32.880435943603516,
            47.99592590332031,
            59.39198303222656,
            65.89674377441406
        ],
        "7": [
            29.211957931518555,
            32.6936149597168,
            48.84510803222656,
            57.71059799194336,
            67.83287811279297
        ],
        "8": [
            28.3797550201416,
            33.61073303222656,
            47.044837951660156,
            57.99932098388672,
            66.93274688720703
        ],
        "9": [
            29.330842971801758,
            31.40285301208496,
            48.14877700805664,
            59.12024688720703,
            66.62703704833984
        ]
    },
    "config": {
        "data_path": "./datasets",
        "split_mode": "iid",
        "batch_select": "random",
        "client_num": 10,
        "subset_frac": 1,
        "classes_per_client": 4,
        "lr": 0.01,
        "epochs": 5,
        "local_epochs": 1,
        "bs": 128,
        "gamma": 0,
        "initial_neighbor_rate": 1,
        "participation_rate": 0.6,
        "communication_rounds": [
            1,
            1,
            1,
            1,
            1,
            1,
            1,
            1,
            1,
            1
        ],
        "test_batch_size": 32,
        "s_ratio": 1.0,
        "min_dense_params": 2048,
        "dense_keywords": [
            "bn",
            "running_mean",
            "running_var",
            "num_batches_tracked",
            "conv1",
            "fc."
        ],
        "use_fedbn": false,
        "lr_decay_step": 10,
        "lr_decay_beta": 0.9
    },
    "elapsed_seconds": 91.84831619262695,
    "elapsed_hms": "0:01:31",
    "run_params": {
        "client_num": 10,
        "local_epochs": 1
    }
}