{
    "global_accuracy_history": [
        10.01,
        14.95,
        43.73,
        85.1,
        88.51,
        89.28,
        89.69,
        90.34,
        89.4,
        90.14,
        90.42,
        90.35,
        90.62,
        90.44,
        90.79,
        91.0,
        90.44,
        90.22,
        90.98,
        91.02,
        91.39,
        91.18,
        91.35,
        91.31,
        91.04,
        91.17,
        91.34,
        91.06,
        91.64,
        91.39,
        91.16,
        91.09,
        91.53,
        91.55,
        91.09,
        91.52,
        91.46,
        91.21,
        91.12,
        91.23,
        91.19,
        91.11,
        91.27,
        91.38,
        91.15,
        91.3,
        91.34,
        91.46,
        91.38,
        91.41,
        91.44,
        91.28,
        91.31,
        91.47,
        91.43,
        91.43,
        91.45,
        91.37,
        91.49,
        91.4
    ],
    "local_accuracy_histories": {
        "0": [
            78.09333801269531,
            88.67166900634766,
            91.16999816894531,
            94.22666931152344,
            96.05999755859375,
            96.96833801269531,
            97.48333740234375,
            97.72666931152344,
            98.53166961669922,
            98.32333374023438,
            99.30833435058594,
            98.67500305175781,
            98.95500183105469,
            99.05166625976562,
            99.09166717529297,
            99.21666717529297,
            99.18499755859375,
            99.27833557128906,
            99.39666748046875,
            99.38666534423828,
            99.48500061035156,
            99.55667114257812,
            99.99666595458984,
            99.57500457763672,
            99.5999984741211,
            99.78333282470703,
            99.76667022705078,
            99.72333526611328,
            99.7750015258789,
            99.87667083740234,
            99.64833068847656,
            99.79499816894531,
            99.7750015258789,
            99.77166748046875,
            99.78833770751953,
            99.9000015258789,
            99.89666748046875,
            99.87333679199219,
            99.93000030517578,
            99.95999908447266,
            99.92500305175781,
            100.0,
            99.9566650390625,
            99.96666717529297,
            99.9433364868164,
            99.96666717529297,
            100.0,
            99.96500396728516,
            99.99833679199219,
            99.99333190917969,
            99.98333740234375,
            99.98333740234375,
            99.99333190917969,
            99.99833679199219,
            99.99833679199219,
            100.0,
            99.99833679199219,
            99.99833679199219,
            100.0,
            99.99833679199219
        ],
        "1": [
            77.0683364868164,
            88.11499786376953,
            92.34000396728516,
            94.97166442871094,
            96.26667022705078,
            97.18000030517578,
            97.85833740234375,
            98.03500366210938,
            98.38833618164062,
            98.70833587646484,
            98.76333618164062,
            98.84333801269531,
            98.9366683959961,
            99.03500366210938,
            99.25,
            99.27000427246094,
            99.42333221435547,
            99.75,
            99.41666412353516,
            99.46833801269531,
            99.59166717529297,
            99.51000213623047,
            99.53500366210938,
            99.65333557128906,
            99.68167114257812,
            99.70999908447266,
            99.82666778564453,
            99.80000305175781,
            99.90666961669922,
            99.79000091552734,
            99.84500122070312,
            99.82666778564453,
            99.82833099365234,
            99.87833404541016,
            99.91333770751953,
            99.9433364868164,
            99.88833618164062,
            99.94667053222656,
            99.99666595458984,
            99.95500183105469,
            99.93167114257812,
            99.9566650390625,
            99.961669921875,
            99.99666595458984,
            99.99666595458984,
            100.0,
            99.96333312988281,
            99.99833679199219,
            99.9866714477539,
            99.96333312988281,
            100.0,
            100.0,
            100.0,
            100.0,
            100.0,
            99.9800033569336,
            100.0,
            100.0,
            100.0,
            99.99500274658203
        ],
        "2": [
            74.97833251953125,
            87.82666778564453,
            92.02166748046875,
            94.3550033569336,
            95.87667083740234,
            96.86000061035156,
            97.70500183105469,
            97.76333618164062,
            98.4366683959961,
            98.2300033569336,
            98.80500030517578,
            98.5816650390625,
            98.73833465576172,
            98.90666961669922,
            98.96833801269531,
            99.02999877929688,
            99.14666748046875,
            99.30166625976562,
            99.1866683959961,
            99.32333374023438,
            99.336669921875,
            99.38833618164062,
            99.32666778564453,
            99.44166564941406,
            99.58333587646484,
            99.62000274658203,
            99.8316650390625,
            99.66000366210938,
            99.68499755859375,
            99.63833618164062,
            100.0,
            99.74333190917969,
            99.76333618164062,
            99.80333709716797,
            99.9383316040039,
            99.77833557128906,
            99.84166717529297,
            99.92333221435547,
            99.96833801269531,
            99.95000457763672,
            100.0,
            99.97333526611328,
            99.99500274658203,
            99.99166870117188,
            99.96666717529297,
            99.92166900634766,
            99.9749984741211,
            100.0,
            99.97333526611328,
            99.98999786376953,
            99.9866714477539,
            100.0,
            100.0,
            99.99333190917969,
            100.0,
            99.99833679199219,
            99.99666595458984,
            100.0,
            99.99833679199219,
            100.0
        ],