{
    "global_accuracy_history": [
        10.0,
        37.6,
        77.93,
        83.23,
        80.77,
        85.35,
        85.11,
        83.93,
        83.35,
        86.32,
        87.16,
        87.63,
        88.1,
        88.76,
        88.32,
        89.15,
        88.93,
        89.45,
        89.24,
        89.27,
        88.85,
        89.51,
        89.34,
        89.55,
        89.48,
        88.72,
        89.56,
        89.06,
        89.23,
        89.17,
        89.14,
        89.05,
        89.34,
        89.12,
        89.52,
        89.32,
        89.07,
        89.23,
        89.41,
        89.41,
        89.54,
        89.48,
        89.36,
        89.29,
        89.3,
        89.38,
        89.26,
        89.23,
        89.43,
        89.3,
        89.44,
        89.44,
        89.52,
        89.49,
        89.62,
        89.57,
        89.59,
        89.49,
        89.49,
        89.58
    ],
    "local_accuracy_histories": {
        "0": [
            45.92,
            65.95333333333333,
            79.76666666666667,
            85.41666666666667,
            91.96333333333334,
            90.34,
            92.51333333333334,
            94.07666666666667,
            94.02666666666667,
            94.72333333333333,
            95.24666666666667,
            96.85666666666667,
            96.12,
            96.82,
            97.48,
            97.06,
            97.1,
            97.95666666666666,
            97.98,
            99.99333333333334,
            97.96,
            98.73333333333333,
            98.43333333333334,
            98.45333333333333,
            98.75,
            98.77,
            98.8,
            98.99666666666667,
            98.91333333333333,
            99.06666666666666,
            98.88,
            99.14333333333333,
            99.80666666666667,
            99.22333333333333,
            99.57333333333334,
            99.14333333333333,
            99.26666666666667,
            99.33333333333333,
            99.41333333333333,
            99.30333333333333,
            99.5,
            100.0,
            99.47,
            99.51333333333334,
            99.55666666666667,
            99.7,
            99.61666666666666,
            99.6,
            100.0,
            99.79666666666667,
            99.74,
            99.93,
            100.0,
            99.86333333333333,
            99.96333333333334,
            100.0,
            99.98,
            99.98666666666666,
            99.99333333333334,
            99.99
        ],
        "1": [
            44.99333333333333,
            61.61,
            79.48333333333333,
            85.31,
            88.91333333333333,
            91.24,
            92.51666666666667,
            94.31666666666666,
            94.42333333333333,
            95.30666666666667,
            95.89666666666666,
            96.21666666666667,
            96.65666666666667,
            96.97666666666667,
            97.27333333333333,
            97.45333333333333,
            97.49666666666667,
            97.64,
            98.14666666666666,
            97.90333333333334,
            98.35666666666667,
            98.31333333333333,
            98.48333333333333,
            98.25666666666666,
            98.36333333333333,
            98.62666666666667,
            98.94666666666667,
            98.65,
            98.8,
            98.97,
            99.26666666666667,
            99.08,
            99.28666666666666,
            99.56666666666666,
            99.52333333333333,
            99.87333333333333,
            99.40666666666667,
            99.64333333333333,
            99.66333333333333,
            99.85333333333334,
            99.78666666666666,
            99.57,
            99.69,
            100.0,
            99.90666666666667,
            99.85,
            99.79666666666667,
            99.93,
            99.9,
            99.86,
            99.87666666666667,
            99.95,
            99.97666666666667,
            99.98666666666666,
            99.99333333333334,
            99.99,
            99.99333333333334,
            99.99333333333334,
            99.98666666666666,
            100.0
        ],
        "2": [
            43.806666666666665,
            64.07333333333334,
            79.66333333333333,
            85.52666666666667,
            88.62333333333333,
            90.80666666666667,
            92.00333333333333,
            93.62333333333333,
            94.10666666666667,
            95.10333333333334,
            94.91,
            95.47,
            96.01333333333334,
            96.2,
            97.45333333333333,
            98.16666666666667,
            97.4,
            97.55,
            97.28666666666666,
            97.43,
            97.55,
            97.71,
            97.72333333333333,
            97.84,
            98.12666666666667,
            98.28666666666666,
            98.59333333333333,
            98.56,
            98.48666666666666,
            98.92333333333333,
            98.72,
            99.01666666666667,
            98.91333333333333,
            98.94666666666667,
            98.96,
            99.11666666666666,
            99.07333333333334,
            99.2,
            99.21,
            99.28666666666666,
            99.55333333333333,
            99.63,
            99.43666666666667,
            99.51,
            99.68666666666667,
            99.59666666666666,
            99.47333333333333,
            99.61666666666666,
            99.63666666666667,
            99.82333333333334,
            99.91,
            99.87666666666667,
            99.96666666666667,
            99.79666666666667,
            99.96,
            99.81333333333333,
            99.98333333333333,
            99.93666666666667,
            100.0,
            99.99
        ],
        "3": [
            45.656666666666666,
            61.21333333333333,
            79.22333333333333,
            85.52666666666667,
            88.23666666666666,
            91.82333333333334,
            91.44,
            93.28666666666666,
            94.31,
            95.93333333333334,
            95.11666666666666,
            95.5,
            96.29666666666667,
            96.55333333333333,
            96.8,
            96.99666666666667,
            96.81333333333333,
            97.24666666666667,
            97.6,
            97.37666666666667,
            97.72,
            98.14333333333333,
            98.48333333333333,
            98.09666666666666,
            98.41666666666667,
            98.62666666666667,
            98.65,
            98.78333333333333,
            98.91666666666667,
            98.91666666666667,
            99.19333333333333,
            99.11333333333333,
            99.22333333333333,
            99.18666666666667,
            99.18666666666667,
            99.33,
            99.33,
            99.58333333333333,
            99.49666666666667,
            99.67,
            99.45,
            99.59666666666666,
            99.68333333333334,
            99.70333333333333,
            99.76666666666667,
            99.83,
            99.88666666666667,
            99.91,
            99.88666666666667,
            99.95,
            99.86,
            99.97333333333333,
            99.95,
            99.97,
            99.96333333333334,
            99.97666666666667,
            99.97,
            99.98666666666666,
            99.98333333333333,
            99.98666666666666
        ],