{
    "global_accuracy_history": [
        10.0,
        18.88,
        58.71,
        84.53,
        85.33,
        86.03,
        84.51,
        87.58,
        88.29,
        87.78,
        87.83,
        89.12,
        88.95,
        87.18,
        89.91,
        90.07,
        89.54,
        88.82,
        89.46,
        89.51,
        90.21,
        88.93,
        90.15,
        90.23,
        89.43,
        90.29,
        89.84,
        90.05,
        90.97,
        90.79,
        90.07,
        89.73,
        90.4,
        90.95,
        90.26,
        90.4,
        90.48,
        90.44,
        91.08,
        91.0,
        90.18,
        89.63,
        90.81,
        90.31,
        90.72,
        91.08,
        90.95,
        90.54,
        90.08,
        90.75,
        90.52,
        90.46,
        90.64,
        90.4,
        90.96,
        91.1,
        91.07,
        90.62,
        90.41,
        90.87
    ],
    "local_accuracy_histories": {
        "0": [
            57.266666666666666,
            74.44166666666666,
            82.25833333333334,
            86.44166666666666,
            88.04166666666667,
            88.93333333333334,
            90.15833333333333,
            90.34166666666667,
            91.09166666666667,
            91.99166666666666,
            91.86666666666666,
            92.15833333333333,
            92.71666666666667,
            95.83333333333333,
            93.50833333333334,
            93.89166666666667,
            94.31666666666666,
            93.675,
            94.41666666666667,
            95.05833333333334,
            95.29166666666667,
            95.43333333333334,
            95.31666666666666,
            95.425,
            96.15833333333333,
            95.65,
            96.10833333333333,
            95.93333333333334,
            96.425,
            96.925,
            96.375,
            97.475,
            96.88333333333334,
            96.475,
            96.775,
            96.99166666666666,
            97.49166666666666,
            97.575,
            97.95,
            98.31666666666666,
            97.84166666666667,
            97.68333333333334,
            98.025,
            98.88333333333334,
            98.48333333333333,
            98.79166666666667,
            99.125,
            98.51666666666667,
            98.375,
            98.55833333333334,
            98.88333333333334,
            98.91666666666667,
            98.35833333333333,
            98.825,
            99.09166666666667,
            99.275,
            99.25833333333334,
            99.25833333333334,
            99.36666666666666,
            99.425
        ],
        "1": [
            58.55833333333333,
            74.99166666666666,
            81.975,
            86.73333333333333,
            88.15833333333333,
            89.35,
            90.3,
            90.90833333333333,
            91.44166666666666,
            91.93333333333334,
            92.15833333333333,
            92.55833333333334,
            92.7,
            93.225,
            93.49166666666666,
            93.93333333333334,
            93.93333333333334,
            94.91666666666667,
            94.55833333333334,
            95.49166666666666,
            95.30833333333334,
            95.3,
            96.09166666666667,
            96.44166666666666,
            96.49166666666666,
            97.14166666666667,
            96.96666666666667,
            97.25,
            96.84166666666667,
            96.69166666666666,
            97.16666666666667,
            97.675,
            97.35833333333333,
            97.75833333333334,
            98.00833333333334,
            97.45833333333333,
            98.2,
            99.5,
            98.51666666666667,
            98.70833333333333,
            98.45,
            98.6,
            98.68333333333334,
            99.125,
            98.30833333333334,
            99.06666666666666,
            99.175,
            99.19166666666666,
            99.0,
            99.04166666666667,
            99.43333333333334,
            99.13333333333334,
            99.20833333333333,
            99.64166666666667,
            99.575,
            99.01666666666667,
            99.625,
            99.25,
            99.30833333333334,
            99.825
        ],
        "2": [
            56.3,
            72.08333333333333,
            82.20833333333333,
            86.0,
            88.21666666666667,
            88.91666666666667,
            89.84166666666667,
            90.45833333333333,
            90.96666666666667,
            91.44166666666666,
            91.55,
            91.84166666666667,
            92.4,
            92.75,
            92.96666666666667,
            93.53333333333333,
            93.98333333333333,
            94.36666666666666,
            94.425,
            94.43333333333334,
            94.325,
            94.88333333333334,
            96.60833333333333,
            95.225,
            95.38333333333334,
            95.74166666666666,
            96.81666666666666,
            96.45833333333333,
            96.56666666666666,
            96.70833333333333,
            97.525,
            97.35833333333333,
            96.375,
            97.675,
            97.73333333333333,
            97.925,
            96.96666666666667,
            97.91666666666667,
            97.63333333333334,
            98.7,
            97.525,
            98.46666666666667,
            98.11666666666666,
            97.88333333333334,
            98.11666666666666,
            98.76666666666667,
            99.01666666666667,
            99.08333333333333,
            98.875,
            98.89166666666667,
            98.91666666666667,
            98.88333333333334,
            99.34166666666667,
            98.71666666666667,
            99.55833333333334,
            99.23333333333333,
            99.49166666666666,
            99.39166666666667,
            99.30833333333334,
            99.19166666666666
        ],
        "3": [
            55.175,
            76.86666666666666,
            82.375,
            86.05,
            87.525,
            88.79166666666667,
            89.83333333333333,
            90.15833333333333,
            91.08333333333333,
            91.35833333333333,
            91.80833333333334,
            92.275,
            92.59166666666667,
            93.06666666666666,
            93.09166666666667,
            93.30833333333334,
            93.44166666666666,
            94.74166666666666,
            94.325,
            94.28333333333333,
            94.4,
            95.01666666666667,
            95.39166666666667,
            95.54166666666667,
            97.275,
            95.15,
            95.85833333333333,
            95.425,
            95.78333333333333,
            96.24166666666666,
            97.475,
            96.95833333333333,
            97.175,
            96.76666666666667,
            97.09166666666667,
            96.98333333333333,
            97.36666666666666,
            98.075,
            97.79166666666667,
            97.39166666666667,
            97.59166666666667,
            97.75833333333334,
            98.30833333333334,
            97.93333333333334,
            98.33333333333333,
            98.30833333333334,
            98.78333333333333,
            98.20833333333333,
            99.09166666666667,
            98.675,
            98.975,
            99.3,
            98.5,
            99.13333333333334,
            98.56666666666666,
            99.18333333333334,
            98.95,
            99.40833333333333,
            99.51666666666667,
            99.18333333333334
        ],