{
    "global_accuracy_history": [
        10.0,
        14.4,
        59.38,
        74.05,
        84.56,
        88.62,
        79.05,
        88.93,
        88.93,
        88.75,
        89.71,
        89.3,
        89.68,
        88.9,
        89.84,
        90.99,
        90.44,
        90.33,
        90.31,
        90.97,
        90.09,
        91.44,
        90.75,
        90.25,
        90.86,
        90.7,
        91.04,
        91.26,
        91.03,
        91.07,
        91.44,
        90.67,
        91.15,
        91.04,
        90.22,
        90.75,
        91.41,
        89.52,
        91.22,
        91.44,
        90.18,
        91.62,
        91.95,
        91.82,
        90.39,
        91.85,
        91.88,
        91.78,
        90.9,
        91.72,
        91.84,
        91.51,
        91.75,
        90.6,
        91.91,
        91.93,
        91.94,
        91.9,
        91.91,
        91.88
    ],
    "local_accuracy_histories": {
        "0": [
            72.6,
            88.93333333333334,
            88.37666666666667,
            91.40333333333334,
            93.29666666666667,
            94.37666666666667,
            95.03,
            95.82666666666667,
            96.32666666666667,
            96.72333333333333,
            96.96333333333334,
            97.54,
            97.32666666666667,
            97.49666666666667,
            98.03,
            98.14,
            98.33333333333333,
            98.33666666666667,
            98.64,
            98.56666666666666,
            98.68,
            99.63,
            98.49666666666667,
            98.86,
            99.08,
            99.13333333333334,
            98.94,
            99.65,
            99.17333333333333,
            99.02,
            99.08,
            99.58666666666667,
            99.48666666666666,
            99.49666666666667,
            99.69333333333333,
            99.50333333333333,
            99.82333333333334,
            99.49,
            99.5,
            99.95333333333333,
            99.27666666666667,
            99.91666666666667,
            100.0,
            99.98666666666666,
            99.42666666666666,
            99.98333333333333,
            99.99666666666667,
            99.99666666666667,
            99.31,
            99.99333333333334,
            99.99666666666667,
            99.97,
            100.0,
            99.77666666666667,
            100.0,
            100.0,
            100.0,
            100.0,
            100.0,
            100.0
        ],
        "1": [
            74.00666666666666,
            85.76333333333334,
            89.95,
            93.25333333333333,
            94.81666666666666,
            94.89,
            95.82666666666667,
            96.48,
            96.81,
            97.16,
            97.76333333333334,
            97.71333333333334,
            98.06333333333333,
            98.09333333333333,
            98.41333333333333,
            98.53333333333333,
            98.43666666666667,
            99.22,
            98.53333333333333,
            98.71333333333334,
            98.68333333333334,
            98.96666666666667,
            99.13,
            99.16333333333333,
            99.46333333333334,
            99.10666666666667,
            99.39,
            99.14,
            99.47333333333333,
            99.37333333333333,
            99.55666666666667,
            99.21333333333334,
            99.56666666666666,
            99.88333333333334,
            99.82666666666667,
            99.61666666666666,
            99.61666666666666,
            99.59,
            99.77666666666667,
            99.5,
            99.47,
            99.99666666666667,
            99.70666666666666,
            100.0,
            99.97666666666667,
            100.0,
            99.99333333333334,
            99.43666666666667,
            99.9,
            99.86,
            99.98666666666666,
            100.0,
            100.0,
            99.99666666666667,
            100.0,
            100.0,
            100.0,
            100.0,
            100.0,
            100.0
        ],
        "2": [
            71.90333333333334,
            84.95333333333333,
            89.88,
            91.96,
            93.42666666666666,
            94.32666666666667,
            95.59333333333333,
            96.24,
            96.58,
            97.05666666666667,
            97.14666666666666,
            97.49666666666667,
            97.72,
            97.78333333333333,
            97.80666666666667,
            97.97333333333333,
            98.19,
            98.28333333333333,
            98.56333333333333,
            98.78,
            98.84333333333333,
            98.73,
            98.70666666666666,
            98.97333333333333,
            98.83666666666667,
            99.31,
            99.08666666666667,
            99.2,
            99.21666666666667,
            99.43666666666667,
            99.41666666666667,
            99.29333333333334,
            99.77333333333333,
            99.21333333333334,
            99.35666666666667,
            99.99666666666667,
            99.40666666666667,
            99.89666666666666,
            99.65666666666667,
            99.43,
            99.78666666666666,
            99.59,
            99.80666666666667,
            99.93,
            99.99666666666667,
            99.45,
            99.99,
            100.0,
            100.0,
            99.21,
            100.0,
            99.99333333333334,
            100.0,
            100.0,
            100.0,
            100.0,
            100.0,
            100.0,
            100.0,
            100.0
        ],
        "3": [
            73.40333333333334,
            85.16,
            89.71666666666667,
            91.80666666666667,
            93.08333333333333,
            94.58333333333333,
            95.34,
            95.88333333333334,
            96.61666666666666,
            97.46666666666667,
            97.24333333333334,
            98.00333333333333,
            97.67,
            97.65333333333334,
            98.05,
            98.1,
            98.30333333333333,
            98.48,
            99.04,
            98.45333333333333,
            99.48333333333333,
            98.98,
            99.02666666666667,
            99.29333333333334,
            98.90666666666667,
            99.04333333333334,
            99.21,
            99.19333333333333,
            99.32666666666667,
            99.28666666666666,
            99.16333333333333,
            99.36333333333333,
            99.38,
            99.59,
            99.42666666666666,
            99.75666666666666,
            99.12333333333333,
            99.43333333333334,
            99.88333333333334,
            99.7,
            99.99,
            99.94666666666667,
            99.63,
            99.99666666666667,
            99.99333333333334,
            100.0,
            99.93666666666667,
            99.99666666666667,
            99.43333333333334,
            100.0,
            99.99333333333334,
            100.0,
            100.0,
            100.0,
            100.0,
            100.0,
            100.0,
            100.0,
            100.0,
            100.0
        ],