{
    "global_accuracy_history": [
        11.04,
        10.01,
        49.88,
        84.68,
        86.67,
        87.85,
        87.56,
        84.26,
        89.17,
        89.53,
        90.51,
        90.44,
        90.14,
        90.08,
        90.72,
        90.8,
        90.57,
        90.78,
        90.38,
        90.34,
        90.6,
        90.56,
        90.82,
        91.05,
        91.19,
        91.06,
        90.76,
        89.96,
        91.16,
        91.23,
        91.08,
        90.81,
        90.93,
        91.01,
        90.92,
        91.26,
        91.22,
        91.13,
        91.19,
        91.25,
        91.18,
        91.22,
        91.14,
        91.26,
        91.28,
        91.21,
        91.3,
        91.25,
        91.22,
        91.22,
        91.22,
        91.3,
        91.27,
        91.26,
        91.25,
        91.2,
        91.2,
        91.24,
        91.18,
        91.24
    ],
    "local_accuracy_histories": {
        "0": [
            75.82666666666667,
            86.505,
            91.365,
            94.79666666666667,
            96.24833333333333,
            97.26,
            97.73,
            98.22833333333334,
            98.52,
            98.72333333333333,
            98.93833333333333,
            99.14166666666667,
            98.965,
            99.29,
            99.36333333333333,
            99.37333333333333,
            99.37666666666667,
            99.51166666666667,
            99.64666666666666,
            99.79,
            99.62,
            99.72166666666666,
            99.63,
            99.77833333333334,
            99.905,
            99.84166666666667,
            99.94,
            99.79166666666667,
            99.835,
            99.81666666666666,
            99.98166666666667,
            99.98333333333333,
            99.99166666666666,
            99.975,
            99.94333333333333,
            99.99833333333333,
            100.0,
            100.0,
            100.0,
            100.0,
            100.0,
            100.0,
            100.0,
            100.0,
            100.0,
            100.0,
            100.0,
            100.0,
            100.0,
            100.0,
            100.0,
            100.0,
            100.0,
            100.0,
            100.0,
            100.0,
            100.0,
            100.0,
            100.0,
            100.0
        ],
        "1": [
            77.05166666666666,
            86.70833333333333,
            92.24,
            94.85166666666667,
            96.83666666666667,
            97.49,
            97.905,
            98.26666666666667,
            98.65333333333334,
            98.645,
            98.87333333333333,
            98.88833333333334,
            99.12166666666667,
            99.14666666666666,
            99.34,
            99.45166666666667,
            99.49833333333333,
            99.48333333333333,
            99.56,
            99.64166666666667,
            99.66166666666666,
            99.64333333333333,
            99.78666666666666,
            99.8,
            99.84166666666667,
            99.84833333333333,
            99.87166666666667,
            99.85833333333333,
            99.92666666666666,
            99.98,
            99.925,
            99.98,
            99.98666666666666,
            99.90333333333334,
            99.99333333333334,
            100.0,
            100.0,
            100.0,
            100.0,
            100.0,
            100.0,
            100.0,
            100.0,
            100.0,
            100.0,
            100.0,
            100.0,
            100.0,
            100.0,
            100.0,
            100.0,
            100.0,
            100.0,
            100.0,
            100.0,
            100.0,
            100.0,
            100.0,
            100.0,
            100.0
        ],
        "2": [
            76.275,
            86.99833333333333,
            91.12833333333333,
            94.355,
            95.85833333333333,
            97.085,
            97.825,
            98.085,
            98.38333333333334,
            98.6,
            98.59666666666666,
            98.94833333333334,
            99.10833333333333,
            99.035,
            99.06833333333333,
            99.34166666666667,
            99.35666666666667,
            99.39666666666666,
            99.38,
            99.505,
            99.575,
            99.54833333333333,
            99.71,
            99.62166666666667,
            99.55666666666667,
            99.67166666666667,
            99.85833333333333,
            99.69166666666666,
            99.81166666666667,
            99.79166666666667,
            99.93166666666667,
            99.88666666666667,
            100.0,
            99.83166666666666,
            99.99166666666666,
            100.0,
            100.0,
            100.0,
            100.0,
            100.0,
            100.0,
            100.0,
            100.0,
            100.0,
            100.0,
            100.0,
            100.0,
            100.0,
            100.0,
            100.0,
            100.0,
            100.0,
            100.0,
            100.0,
            100.0,
            100.0,
            100.0,
            100.0,
            100.0,
            100.0
        ],
        "3": [
            73.42833333333333,
            88.015,
            90.81166666666667,
            94.28666666666666,
            96.38666666666667,
            97.315,
            97.97333333333333,
            97.84333333333333,
            98.555,
            98.63833333333334,
            98.79,
            98.985,
            99.12833333333333,
            99.17333333333333,
            99.17666666666666,
            99.30333333333333,
            99.325,
            99.455,
            99.33333333333333,
            99.53333333333333,
            99.55166666666666,
            99.74,
            99.67666666666666,
            99.73333333333333,
            99.70166666666667,
            100.0,
            99.81333333333333,
            99.83333333333333,
            99.98666666666666,
            99.715,
            99.965,
            99.99666666666667,
            99.90666666666667,
            99.995,
            99.99833333333333,
            100.0,
            99.99833333333333,
            100.0,
            99.99833333333333,
            100.0,
            100.0,
            100.0,
            100.0,
            100.0,
            100.0,
            100.0,
            100.0,
            100.0,
            100.0,
            100.0,
            100.0,
            100.0,
            100.0,
            100.0,
            100.0,
            100.0,
            100.0,
            100.0,
            100.0,
            100.0
        ],