{
    "global_accuracy_history": [
        10.0,
        10.13,
        10.03,
        11.7,
        18.36,
        23.63,
        28.18,
        26.0,
        26.21,
        27.94,
        30.35,
        30.7,
        31.44,
        33.53,
        31.75,
        30.57,
        31.8,
        29.9,
        29.66,
        30.03,
        31.49,
        33.45,
        32.57,
        32.8,
        35.54,
        34.79,
        38.6,
        39.87,
        38.23,
        38.07,
        41.88,
        38.37,
        41.15,
        36.44,
        39.5,
        39.57,
        39.16,
        39.15,
        40.55,
        38.65,
        39.64,
        38.12,
        38.97,
        39.95,
        38.62,
        38.98,
        37.87,
        37.68,
        38.15,
        39.43
    ],
    "local_accuracy_histories": {
        "0": [
            50.19333267211914,
            63.8033332824707,
            77.14666748046875,
            82.92666625976562,
            87.00333404541016,
            90.12333679199219,
            92.5999984741211,
            94.14666748046875,
            95.85333251953125,
            97.02333068847656,
            97.50666809082031,
            97.96333312988281,
            98.27999877929688,
            99.33333587646484,
            98.86333465576172,
            98.9866714477539,
            98.34666442871094,
            99.47666931152344,
            99.15333557128906,
            99.27999877929688,
            99.42666625976562,
            99.44000244140625,
            99.4566650390625,
            99.41333770751953,
            99.48333740234375,
            99.38333129882812,
            99.79666900634766,
            99.72666931152344,
            99.4866714477539,
            99.836669921875,
            99.8133316040039,
            99.76333618164062,
            99.9000015258789,
            99.6300048828125,
            99.79666900634766,
            99.8800048828125,
            99.9366683959961,
            99.65666961669922,
            99.7366714477539,
            99.93000030517578,
            100.0,
            99.99666595458984,
            99.98333740234375,
            99.97666931152344,
            99.78333282470703,
            99.90333557128906,
            99.9866714477539,
            99.79000091552734,
            99.97333526611328,
            99.92666625976562
        ],
        "1": [
            49.606666564941406,
            71.97333526611328,
            80.2300033569336,
            84.84000396728516,
            88.49666595458984,
            91.66999816894531,
            93.64666748046875,
            95.54000091552734,
            96.81999969482422,
            97.91666412353516,
            98.09666442871094,
            98.39666748046875,
            98.79000091552734,
            98.70000457763672,
            99.22000122070312,
            99.04666900634766,
            99.4566650390625,
            99.41333770751953,
            99.33333587646484,
            99.95000457763672,
            99.71666717529297,
            99.70000457763672,
            99.70000457763672,
            99.5633316040039,
            99.57333374023438,
            99.72666931152344,
            99.86666870117188,
            99.57666778564453,
            99.83333587646484,
            99.89666748046875,
            99.78333282470703,
            99.84000396728516,
            99.78666687011719,
            99.97666931152344,
            99.86333465576172,
            99.88333129882812,
            99.97000122070312,
            99.99666595458984,
            99.97000122070312,
            99.9433364868164,
            99.93000030517578,
            99.9433364868164,
            99.92666625976562,
            100.0,
            99.97000122070312,
            99.9800033569336,
            99.98333740234375,
            99.95333099365234,
            99.96666717529297,
            99.98999786376953
        ],
        "2": [
            53.82666778564453,
            71.72000122070312,
            79.92666625976562,
            84.83333587646484,
            88.57666778564453,
            91.29000091552734,
            93.52333068847656,
            95.20999908447266,
            96.25333404541016,
            97.57333374023438,
            98.04000091552734,
            98.20000457763672,
            98.4800033569336,
            99.02000427246094,
            98.70333099365234,
            99.16666412353516,
            99.12667083740234,
            99.30999755859375,
            99.30667114257812,
            99.52666473388672,
            99.37000274658203,
            99.66333770751953,
            99.54000091552734,
            99.90333557128906,
            99.58333587646484,
            99.69667053222656,
            99.78666687011719,
            99.65666961669922,
            99.79000091552734,
            99.90666961669922,
            99.97333526611328,
            99.96666717529297,
            99.70999908447266,
            99.69667053222656,
            99.97333526611328,
            99.95333099365234,
            99.96333312988281,
            99.75666809082031,
            99.63999938964844,
            99.91333770751953,
            99.9800033569336,
            99.90333557128906,
            99.9366683959961,
            99.9566650390625,
            99.77999877929688,
            99.97666931152344,
            99.97666931152344,
            99.97000122070312,
            99.90333557128906,
            99.9866714477539
        ],
        "3": [
            51.31666564941406,
            71.97000122070312,
            80.21333312988281,
            84.95999908447266,
            90.38999938964844,
            91.26333618164062,
            93.21333312988281,
            94.83000183105469,
            97.9366683959961,
            97.45000457763672,
            97.5433349609375,
            97.95999908447266,
            98.45333099365234,
            98.6300048828125,
            99.09000396728516,
            99.01333618164062,
            99.02999877929688,
            99.2933349609375,
            100.0,
            99.59000396728516,
            99.24333190917969,
            99.49666595458984,
            99.59000396728516,
            99.6866683959961,
            99.51667022705078,
            99.48999786376953,
            99.80999755859375,
            99.63999938964844,
            99.51000213623047,
            99.8800048828125,
            99.72333526611328,
            99.84333801269531,
            99.91999816894531,
            99.76333618164062,
            99.9566650390625,
            99.81666564941406,
            99.81999969482422,
            99.87000274658203,
            99.94667053222656,
            99.9433364868164,
            99.95999908447266,
            99.77999877929688,
            99.96333312988281,
            99.9433364868164,
            99.95999908447266,
            99.99666595458984,
            99.98333740234375,
            99.92333221435547,
            99.87667083740234,
            99.99333190917969
        ],