{
    "global_accuracy_history": [
        10.0,
        10.0,
        13.26,
        10.79,
        10.33,
        10.2,
        10.17,
        10.35,
        10.14,
        10.16,
        10.17,
        10.15,
        10.17,
        10.14,
        10.45,
        10.28,
        10.29,
        10.22,
        10.29,
        10.35,
        10.31,
        10.31,
        10.26,
        10.26,
        10.23,
        10.34,
        10.24,
        10.26,
        10.36,
        10.53,
        10.51,
        10.61,
        10.59,
        10.91,
        10.76,
        10.56,
        10.74,
        10.68,
        10.73,
        10.96,
        11.22,
        11.14,
        11.28,
        11.37,
        11.41,
        11.49,
        12.96,
        12.22,
        13.17,
        11.94
    ],
    "local_accuracy_histories": {
        "0": [
            63.21833419799805,
            84.06500244140625,
            86.14500427246094,
            91.72833251953125,
            95.3116683959961,
            97.49666595458984,
            98.53833770751953,
            99.12166595458984,
            99.25,
            99.75167083740234,
            99.38333129882812,
            99.43000030517578,
            99.99166870117188,
            99.28166961669922,
            99.80667114257812,
            99.4816665649414,
            99.6866683959961,
            99.6683349609375,
            99.99833679199219,
            99.836669921875,
            99.63999938964844,
            99.8800048828125,
            99.71666717529297,
            99.91166687011719,
            99.92166900634766,
            99.99500274658203,
            99.95999908447266,
            99.73833465576172,
            99.88999938964844,
            99.99166870117188,
            99.99166870117188,
            99.99166870117188,
            99.81666564941406,
            99.9366683959961,
            99.9433364868164,
            99.8316650390625,
            99.95166778564453,
            100.0,
            99.99333190917969,
            99.99333190917969,
            99.96666717529297,
            99.99833679199219,
            99.99833679199219,
            99.99833679199219,
            99.99166870117188,
            99.97000122070312,
            99.99333190917969,
            99.99333190917969,
            99.99500274658203,
            100.0
        ],
        "1": [
            64.11499786376953,
            82.12833404541016,
            89.74833679199219,
            94.80000305175781,
            97.67500305175781,
            98.7750015258789,
            99.41666412353516,
            99.17666625976562,
            99.2933349609375,
            99.6883316040039,
            99.34833526611328,
            99.55000305175781,
            99.50666809082031,
            99.67833709716797,
            99.6116714477539,
            99.67500305175781,
            99.70500183105469,
            99.7316665649414,
            99.80000305175781,
            99.9183349609375,
            99.81999969482422,
            99.88833618164062,
            99.80000305175781,
            99.75333404541016,
            99.98333740234375,
            99.96333312988281,
            99.99333190917969,
            99.68499755859375,
            99.85333251953125,
            99.98500061035156,
            99.98833465576172,
            99.98333740234375,
            99.99500274658203,
            99.73999786376953,
            99.99166870117188,
            99.98833465576172,
            99.86000061035156,
            99.99833679199219,
            99.99833679199219,
            99.99333190917969,
            99.88833618164062,
            99.98833465576172,
            99.99333190917969,
            100.0,
            99.98999786376953,
            99.9816665649414,
            99.7750015258789,
            99.98999786376953,
            99.9866714477539,
            100.0
        ],
        "2": [
            65.67333221435547,
            82.95500183105469,
            88.8499984741211,
            93.94166564941406,
            96.15499877929688,
            97.8550033569336,
            98.7550048828125,
            98.83499908447266,
            99.26499938964844,
            99.5,
            99.4816665649414,
            99.5433349609375,
            99.44166564941406,
            99.43499755859375,
            99.5816650390625,
            99.64167022705078,
            99.74333190917969,
            99.52999877929688,
            99.87667083740234,
            99.80166625976562,
            99.74500274658203,
            99.82167053222656,
            99.87000274658203,
            99.6500015258789,
            99.79000091552734,
            99.92666625976562,
            99.84000396728516,
            99.96333312988281,
            99.90166473388672,
            99.98999786376953,
            99.97166442871094,
            99.93000030517578,
            99.98500061035156,
            99.9433364868164,
            99.77166748046875,
            99.92166900634766,
            99.99833679199219,
            99.71833801269531,
            99.96833801269531,
            99.97666931152344,
            99.99333190917969,
            99.9383316040039,
            99.9749984741211,
            99.97833251953125,
            99.92833709716797,
            99.97833251953125,
            99.99166870117188,
            99.85833740234375,
            99.99500274658203,
            99.98500061035156
        ],
        "3": [
            62.56833267211914,
            82.17166900634766,
            89.67166900634766,
            95.71500396728516,
            97.28333282470703,
            98.44166564941406,
            98.93333435058594,
            99.27000427246094,
            99.24500274658203,
            99.64833068847656,
            99.46666717529297,
            99.625,
            99.5633316040039,
            99.55999755859375,
            99.73333740234375,
            99.66333770751953,
            99.68167114257812,
            99.77833557128906,
            99.71500396728516,
            99.94833374023438,
            99.97833251953125,
            99.74666595458984,
            99.9383316040039,
            99.76166534423828,
            99.90833282470703,
            99.87667083740234,
            99.91166687011719,
            99.96833801269531,
            99.72000122070312,
            99.99833679199219,
            99.99333190917969,
            99.98999786376953,
            99.92833709716797,
            99.98833465576172,
            99.83499908447266,
            99.99833679199219,
            99.77999877929688,
            99.98833465576172,
            99.99500274658203,
            99.9749984741211,
            99.99166870117188,
            99.9816665649414,
            99.99500274658203,
            99.91666412353516,
            99.99166870117188,
            99.98999786376953,
            99.86833190917969,
            100.0,
            99.99833679199219,
            100.0
        ],