{
    "global_accuracy_history": [
        17.39,
        31.42,
        85.45,
        85.16,
        82.49,
        85.86,
        86.75,
        84.61,
        86.95,
        87.93,
        87.47,
        88.38,
        88.1,
        87.43,
        88.1,
        87.76,
        88.43,
        88.44,
        88.52,
        88.37
    ],
    "local_accuracy_histories": {
        "0": [
            73.33333587646484,
            86.78333282470703,
            92.45416259765625,
            95.73749542236328,
            96.23749542236328,
            96.62916564941406,
            97.62083435058594,
            98.32916259765625,
            98.35832977294922,
            99.28333282470703,
            99.40833282470703,
            99.26249694824219,
            99.29166412353516,
            99.01249694824219,
            99.46666717529297,
            99.14166259765625,
            99.25833129882812,
            99.25416564941406,
            99.69999694824219,
            99.8125
        ],
        "1": [
            75.0875015258789,
            87.21666717529297,
            93.69583129882812,
            96.02916717529297,
            99.29999542236328,
            96.94166564941406,
            97.35832977294922,
            97.98749542236328,
            97.94583129882812,
            98.82916259765625,
            99.2249984741211,
            99.24166870117188,
            98.99166870117188,
            99.51249694824219,
            99.24166870117188,
            99.86249542236328,
            99.7125015258789,
            99.5875015258789,
            99.69166564941406,
            99.9749984741211
        ],
        "2": [
            74.80833435058594,
            88.69999694824219,
            93.27916717529297,
            96.15833282470703,
            97.01666259765625,
            98.23332977294922,
            98.07916259765625,
            99.06666564941406,
            98.45833587646484,
            99.02083587646484,
            99.29582977294922,
            99.17082977294922,
            99.54166412353516,
            99.36666870117188,
            99.64583587646484,
            99.38749694824219,
            99.70833587646484,
            99.82499694824219,
            99.86249542236328,
            99.70416259765625
        ],
        "3": [
            73.3499984741211,
            89.9625015258789,
            92.32916259765625,
            95.39166259765625,
            96.17499542236328,
            98.00416564941406,
            97.63333129882812,
            99.07083129882812,
            98.17499542236328,
            98.85832977294922,
            99.01249694824219,
            99.19583129882812,
            99.55416870117188,
            99.40416717529297,
            99.55416870117188,
            99.57499694824219,
            99.42499542236328,
            99.80833435058594,
            99.8375015258789,
            99.62083435058594
        ],
        "4": [
            73.7125015258789,
            85.6875,
            92.10416412353516,
            95.5,
            96.97083282470703,
            99.6624984741211,
            97.69166564941406,
            98.20833587646484,
            98.6500015258789,
            99.38749694824219,
            98.94166564941406,
            99.41666412353516,
            98.95833587646484,
            99.35416412353516,
            99.10832977294922,
            99.375,
            99.19999694824219,
            99.46666717529297,
            99.80416870117188,
            99.85416412353516
        ]
    },
    "config": {
        "data_path": "./datasets",
        "client_num": 5,
        "subset_frac": 0.2,
        "lr": 0.01,
        "epochs": 20,
        "local_epochs": 1,
        "bs": 32,
        "gamma": 0,
        "initial_neighbor_rate": 1,
        "communication_rate": 0.6,
        "communication_periods": [
            1,
            1,
            1,
            1,
            1
        ],
        "test_batch_size": 32,
        "s_ratio": 1.0,
        "min_dense_params": 2048,
        "dense_keywords": [
            "bn",
            "running_mean",
            "running_var",
            "num_batches_tracked",
            "conv1",
            "fc."
        ],
        "use_fedbn": false,
        "lr_decay_step": 10,
        "lr_decay_beta": 0.9
    },
    "run_params": {
        "client_num": 5,
        "local_epochs": 10
    }
}