{
    "global_accuracy_history": [
        10.0,
        18.51,
        52.12,
        61.97,
        70.85
    ],
    "local_accuracy_histories": {
        "0": [
            36.22622299194336,
            28.447690963745117,
            44.66712188720703,
            57.64266586303711,
            67.78192901611328
        ],
        "1": [
            29.19497299194336,
            34.239131927490234,
            47.435462951660156,
            59.39198303222656,
            66.44021606445312
        ],
        "2": [
            29.619565963745117,
            31.131114959716797,
            47.095787048339844,
            57.84646987915039,
            65.13247680664062
        ],
        "3": [
            27.462636947631836,
            31.3858699798584,
            44.684104919433594,
            57.55774688720703,
            66.37228393554688
        ],
        "4": [
            29.05910301208496,
            31.504756927490234,
            45.00679397583008,
            58.96739196777344,
            66.59307098388672
        ],
        "5": [
            28.192935943603516,
            34.052310943603516,
            46.28057098388672,
            57.8125,
            67.3403549194336
        ],
        "6": [
            28.80434799194336,
            30.65557098388672,
            45.872962951660156,
            59.30706787109375,
            66.8987808227539
        ],
        "7": [
            27.802310943603516,
            32.31997299194336,
            45.0407600402832,
            58.25407791137695,
            67.2894058227539
        ],
        "8": [
            29.993207931518555,
            36.03940200805664,
            45.83899688720703,
            58.28804397583008,
            66.33831787109375
        ],
        "9": [
            31.09714698791504,
            33.3220100402832,
            45.12567901611328,
            58.72962188720703,
            66.84782409667969
        ]
    },
    "config": {
        "data_path": "./datasets",
        "split_mode": "iid",
        "batch_select": "random",
        "client_num": 10,
        "subset_frac": 1,
        "classes_per_client": 4,
        "lr": 0.01,
        "epochs": 5,
        "local_epochs": 1,
        "bs": 128,
        "gamma": 0,
        "initial_neighbor_rate": 1,
        "participation_rate": 0.6,
        "communication_rounds": [
            1,
            1,
            1,
            1,
            1,
            1,
            1,
            1,
            1,
            1
        ],
        "test_batch_size": 32,
        "s_ratio": 1.0,
        "min_dense_params": 2048,
        "dense_keywords": [
            "bn",
            "running_mean",
            "running_var",
            "num_batches_tracked",
            "conv1",
            "fc."
        ],
        "use_fedbn": false,
        "lr_decay_step": 10,
        "lr_decay_beta": 0.9
    },
    "elapsed_seconds": 90.82027173042297,
    "elapsed_hms": "0:01:30",
    "run_params": {
        "client_num": 10,
        "local_epochs": 1
    }
}