{
    "global_accuracy_history": [
        10.0,
        18.1,
        40.34,
        53.55,
        65.74,
        73.06,
        75.1,
        76.89,
        78.39,
        79.92,
        81.98,
        82.52,
        83.36,
        84.39,
        84.9,
        85.37,
        83.91,
        85.7,
        86.08,
        85.86,
        85.76,
        85.85,
        85.92,
        86.48,
        87.21,
        86.74,
        87.04,
        86.93,
        86.97,
        86.95,
        87.41,
        87.23,
        87.44,
        87.52,
        87.55,
        87.14,
        87.91,
        87.77,
        88.21,
        87.84,
        88.14,
        88.03,
        88.0,
        88.15,
        87.71,
        87.9,
        88.1,
        88.27,
        88.48,
        88.26
    ],
    "local_accuracy_histories": {
        "0": [
            29.566665649414062,
            32.56666564941406,
            43.96666717529297,
            56.016666412353516,
            58.983333587646484,
            68.58333587646484,
            74.51666259765625,
            76.58333587646484,
            78.63333129882812,
            81.58333587646484,
            82.43333435058594,
            83.1500015258789,
            85.08333587646484,
            85.01666259765625,
            85.81666564941406,
            86.13333129882812,
            86.86666870117188,
            86.98332977294922,
            87.46666717529297,
            88.68333435058594,
            88.44999694824219,
            89.3499984741211,
            88.94999694824219,
            89.56666564941406,
            89.75,
            90.75,
            90.11666870117188,
            90.66666412353516,
            90.31666564941406,
            91.46666717529297,
            92.11666870117188,
            92.44999694824219,
            92.41666412353516,
            91.6500015258789,
            92.21666717529297,
            92.36666870117188,
            92.31666564941406,
            93.01666259765625,
            92.63333129882812,
            93.36666870117188,
            92.75,
            93.6500015258789,
            93.76666259765625,
            95.04999542236328,
            94.01666259765625,
            93.83333587646484,
            94.63333129882812,
            94.0,
            94.44999694824219,
            94.4000015258789
        ],
        "1": [
            28.649999618530273,
            33.75,
            44.95000076293945,
            55.849998474121094,
            62.81666564941406,
            69.53333282470703,
            74.01666259765625,
            77.29999542236328,
            78.98332977294922,
            80.98332977294922,
            82.26666259765625,
            83.44999694824219,
            84.56666564941406,
            86.11666870117188,
            86.44999694824219,
            86.94999694824219,
            86.78333282470703,
            87.44999694824219,
            88.51666259765625,
            89.11666870117188,
            89.61666870117188,
            90.13333129882812,
            89.5,
            90.1500015258789,
            91.5,
            90.48332977294922,
            91.01666259765625,
            91.04999542236328,
            91.78333282470703,
            92.53333282470703,
            91.91666412353516,
            91.94999694824219,
            92.26666259765625,
            92.51666259765625,
            94.43333435058594,
            93.53333282470703,
            93.33333587646484,
            93.48332977294922,
            93.43333435058594,
            94.03333282470703,
            93.73332977294922,
            94.4000015258789,
            94.21666717529297,
            94.4000015258789,
            94.58333587646484,
            94.46666717529297,
            94.01666259765625,
            94.61666870117188,
            94.8499984741211,
            95.54999542236328
        ],
        "2": [
            26.983333587646484,
            32.79999923706055,
            43.41666793823242,
            55.75,
            63.599998474121094,
            69.3499984741211,
            75.33333587646484,
            76.88333129882812,
            78.79999542236328,
            81.18333435058594,
            82.96666717529297,
            84.0,
            85.06666564941406,
            85.3499984741211,
            86.25,
            86.79999542236328,
            86.5999984741211,
            87.83333587646484,
            88.58333587646484,
            88.51666259765625,
            90.01666259765625,
            89.56666564941406,
            89.54999542236328,
            90.19999694824219,
            90.66666412353516,
            90.86666870117188,
            91.04999542236328,
            91.1500015258789,
            91.51666259765625,
            91.6500015258789,
            91.6500015258789,
            91.83333587646484,
            92.0,
            91.6500015258789,
            92.4000015258789,
            92.41666412353516,
            92.61666870117188,
            92.79999542236328,
            92.93333435058594,
            93.19999694824219,
            93.43333435058594,
            93.31666564941406,
            93.79999542236328,
            93.69999694824219,
            93.53333282470703,
            94.03333282470703,
            95.06666564941406,
            93.93333435058594,
            94.36666870117188,
            94.88333129882812
        ],
        "3": [
            34.099998474121094,
            28.049999237060547,
            39.53333282470703,
            53.21666717529297,
            61.31666564941406,
            66.83333587646484,
            73.3499984741211,
            76.38333129882812,
            79.31666564941406,
            81.38333129882812,
            82.08333587646484,
            83.23332977294922,
            83.78333282470703,
            85.31666564941406,
            85.94999694824219,
            86.66666412353516,
            87.06666564941406,
            87.54999542236328,
            88.44999694824219,
            88.38333129882812,
            89.0,
            89.16666412353516,
            89.54999542236328,
            90.33333587646484,
            89.8499984741211,
            90.26666259765625,
            90.79999542236328,
            91.03333282470703,
            90.5999984741211,
            91.51666259765625,
            91.6500015258789,
            91.46666717529297,
            92.16666412353516,
            91.91666412353516,
            92.31666564941406,
            92.44999694824219,
            92.28333282470703,
            92.76666259765625,
            93.51666259765625,
            93.41666412353516,
            93.83333587646484,
            93.93333435058594,
            93.56666564941406,
            93.91666412353516,
            94.0,
            93.8499984741211,
            94.36666870117188,
            94.33333587646484,
            93.9000015258789,
            95.08333587646484
        ],