{
    "global_accuracy_history": [
        10.04,
        57.52,
        86.12,
        88.0,
        88.77,
        88.98,
        87.89,
        90.53,
        90.29,
        90.09,
        90.07,
        90.21,
        91.01,
        90.67,
        90.87,
        90.4,
        90.28,
        90.6,
        90.68,
        90.82,
        90.77,
        90.88,
        91.16,
        91.35,
        91.02,
        91.25,
        90.48,
        90.91,
        91.13,
        90.89,
        90.75,
        91.0,
        90.92,
        90.89,
        90.89,
        90.48,
        90.56,
        90.66,
        90.34,
        91.05,
        91.29,
        91.12,
        91.29,
        91.06,
        91.37,
        91.12,
        91.04,
        91.38,
        91.6,
        90.81
    ],
    "local_accuracy_histories": {
        "0": [
            75.9566650390625,
            88.59833526611328,
            92.88500213623047,
            94.94833374023438,
            95.8616714477539,
            97.24333190917969,
            97.33000183105469,
            97.67166900634766,
            98.55667114257812,
            98.1116714477539,
            98.67833709716797,
            98.79666900634766,
            98.80999755859375,
            98.91666412353516,
            98.96333312988281,
            98.91333770751953,
            99.00333404541016,
            99.17333221435547,
            99.21833801269531,
            99.38500213623047,
            99.49333190917969,
            99.39666748046875,
            99.4866714477539,
            99.48999786376953,
            99.49166870117188,
            99.52000427246094,
            99.5816650390625,
            99.84333801269531,
            99.55166625976562,
            99.64666748046875,
            99.72000122070312,
            99.72166442871094,
            99.70000457763672,
            100.0,
            99.77666473388672,
            99.76166534423828,
            100.0,
            99.82833099365234,
            99.80500030517578,
            99.89167022705078,
            99.8616714477539,
            99.89500427246094,
            99.94166564941406,
            99.92666625976562,
            99.96500396728516,
            99.91166687011719,
            99.90499877929688,
            99.91666412353516,
            99.98500061035156,
            99.88333129882812
        ],
        "1": [
            76.98500061035156,
            88.92166900634766,
            93.26333618164062,
            99.00666809082031,
            96.13833618164062,
            97.52333068847656,
            98.24166870117188,
            97.91500091552734,
            98.41999816894531,
            98.69499969482422,
            98.77666473388672,
            98.85166931152344,
            98.99833679199219,
            99.5683364868164,
            99.13166809082031,
            99.14833068847656,
            99.22833251953125,
            99.20166778564453,
            99.37166595458984,
            99.54000091552734,
            99.61666870117188,
            99.57500457763672,
            99.60333251953125,
            99.68499755859375,
            99.6066665649414,
            99.67833709716797,
            99.68167114257812,
            99.63166809082031,
            99.6683349609375,
            99.82666778564453,
            99.80333709716797,
            99.94667053222656,
            99.78166961669922,
            99.87667083740234,
            99.82167053222656,
            99.90833282470703,
            99.90333557128906,
            99.82500457763672,
            99.80500030517578,
            99.88333129882812,
            99.8616714477539,
            99.9433364868164,
            99.87333679199219,
            99.92500305175781,
            99.93333435058594,
            99.91666412353516,
            99.9183349609375,
            99.86499786376953,
            99.9800033569336,
            99.98500061035156
        ],
        "2": [
            76.5999984741211,
            88.45999908447266,
            94.99166870117188,
            94.3316650390625,
            96.27833557128906,
            96.74666595458984,
            97.41999816894531,
            97.61833190917969,
            98.13166809082031,
            98.68167114257812,
            98.49166870117188,
            98.6866683959961,
            98.73833465576172,
            98.77333068847656,
            98.92500305175781,
            99.03833770751953,
            99.04499816894531,
            99.22833251953125,
            99.20999908447266,
            99.42333221435547,
            99.37833404541016,
            99.76000213623047,
            99.33333587646484,
            99.4749984741211,
            99.45333099365234,
            99.59000396728516,
            99.59166717529297,
            99.6066665649414,
            99.60333251953125,
            99.74166870117188,
            99.73833465576172,
            99.80667114257812,
            99.70999908447266,
            99.83333587646484,
            99.81666564941406,
            99.8133316040039,
            99.71666717529297,
            99.91333770751953,
            99.83000183105469,
            99.8933334350586,
            99.91999816894531,
            99.9433364868164,
            99.87833404541016,
            99.80999755859375,
            99.98999786376953,
            99.9816665649414,
            99.86666870117188,
            99.88666534423828,
            99.88666534423828,
            99.97000122070312
        ],
        "3": [
            75.98500061035156,
            87.96500396728516,
            92.84500122070312,
            94.75,
            96.03833770751953,
            96.74333190917969,
            97.37333679199219,
            97.84166717529297,
            98.03333282470703,
            98.49166870117188,
            98.72000122070312,
            98.72833251953125,
            98.6433334350586,
            98.96833801269531,
            98.98999786376953,
            99.00833129882812,
            99.1933364868164,
            99.2066650390625,
            99.25,
            99.3933334350586,
            99.46333312988281,
            99.38666534423828,
            99.62000274658203,
            99.44833374023438,
            99.65666961669922,
            99.5683364868164,
            99.73500061035156,
            99.59333801269531,
            99.53833770751953,
            99.93499755859375,
            99.6933364868164,
            99.72833251953125,
            99.75333404541016,
            99.78833770751953,
            99.81500244140625,
            99.73999786376953,
            99.78833770751953,
            99.82666778564453,
            99.78500366210938,
            99.89666748046875,
            99.98500061035156,
            99.81666564941406,
            99.88333129882812,
            99.99666595458984,
            99.94166564941406,
            99.80999755859375,
            99.9816665649414,
            99.92333221435547,
            99.9816665649414,
            99.9866714477539
        ],