{
    "global_accuracy_history": [
        9.87,
        32.65,
        77.27,
        80.77,
        84.8,
        85.02,
        88.76,
        88.16,
        89.22,
        88.97,
        89.2,
        89.24,
        89.27,
        89.95,
        89.7,
        89.63,
        89.86,
        89.84,
        90.33,
        90.11,
        90.15,
        89.63,
        89.83,
        90.38,
        90.21,
        89.78,
        90.04,
        90.24,
        90.23,
        90.07,
        90.36,
        90.56,
        90.35,
        90.29,
        90.56,
        90.21,
        90.5,
        90.69,
        90.56,
        90.59,
        90.62,
        90.59,
        90.62,
        90.6,
        90.6,
        90.65,
        90.63,
        90.65,
        90.66,
        90.66,
        90.68,
        90.66,
        90.65,
        90.63,
        90.69,
        90.65,
        90.67,
        90.7,
        90.67,
        90.63
    ],
    "local_accuracy_histories": {
        "0": [
            71.05166666666666,
            87.705,
            92.24666666666667,
            95.33666666666667,
            96.91166666666666,
            97.25666666666666,
            97.58833333333334,
            97.77166666666666,
            98.035,
            98.40666666666667,
            98.56833333333333,
            98.71333333333334,
            98.76833333333333,
            98.85666666666667,
            99.24666666666667,
            99.11333333333333,
            99.235,
            99.51,
            99.38,
            99.80666666666667,
            99.41833333333334,
            99.59,
            99.56,
            99.535,
            99.69833333333334,
            99.65,
            99.65833333333333,
            99.72666666666667,
            100.0,
            99.82166666666667,
            99.74333333333334,
            99.98333333333333,
            99.89833333333333,
            99.855,
            99.97333333333333,
            99.82,
            99.99333333333334,
            100.0,
            100.0,
            99.99666666666667,
            100.0,
            100.0,
            100.0,
            100.0,
            100.0,
            100.0,
            100.0,
            100.0,
            100.0,
            100.0,
            100.0,
            100.0,
            100.0,
            100.0,
            100.0,
            100.0,
            100.0,
            100.0,
            100.0,
            100.0
        ],
        "1": [
            71.54333333333334,
            85.87833333333333,
            92.79833333333333,
            95.82666666666667,
            97.22,
            97.52166666666666,
            98.225,
            98.355,
            98.465,
            98.69,
            98.82833333333333,
            98.98833333333333,
            98.925,
            99.28833333333333,
            99.09,
            99.21333333333334,
            99.31833333333333,
            99.46833333333333,
            99.4,
            99.385,
            99.495,
            99.45,
            99.605,
            99.62833333333333,
            99.69166666666666,
            99.69666666666667,
            99.77333333333333,
            99.82166666666667,
            99.83833333333334,
            99.85666666666667,
            99.94,
            99.94,
            99.95666666666666,
            99.96166666666667,
            99.93166666666667,
            99.98,
            99.99666666666667,
            99.99333333333334,
            100.0,
            99.99833333333333,
            100.0,
            99.965,
            100.0,
            100.0,
            100.0,
            100.0,
            100.0,
            100.0,
            100.0,
            100.0,
            100.0,
            100.0,
            100.0,
            100.0,
            100.0,
            100.0,
            100.0,
            100.0,
            100.0,
            100.0
        ],
        "2": [
            73.07,
            85.77,
            92.45666666666666,
            96.66666666666667,
            96.52,
            97.56166666666667,
            99.99666666666667,
            98.09,
            98.50333333333333,
            98.55833333333334,
            98.87666666666667,
            98.96833333333333,
            98.98,
            99.14333333333333,
            99.24166666666666,
            99.13,
            99.37833333333333,
            99.32,
            99.43166666666667,
            99.45833333333333,
            99.59,
            99.59166666666667,
            99.64666666666666,
            99.57833333333333,
            99.78333333333333,
            99.65,
            99.84666666666666,
            99.775,
            99.83666666666667,
            99.78166666666667,
            99.81166666666667,
            99.97333333333333,
            99.95166666666667,
            99.98666666666666,
            99.99333333333334,
            99.99333333333334,
            99.99833333333333,
            99.99833333333333,
            100.0,
            100.0,
            100.0,
            100.0,
            100.0,
            100.0,
            100.0,
            100.0,
            100.0,
            100.0,
            100.0,
            100.0,
            100.0,
            100.0,
            100.0,
            100.0,
            100.0,
            100.0,
            100.0,
            100.0,
            100.0,
            100.0
        ],
        "3": [
            71.04166666666667,
            84.825,
            92.72166666666666,
            96.23833333333333,
            97.22166666666666,
            97.19,
            97.78833333333333,
            97.78666666666666,
            98.335,
            98.515,
            98.63,
            98.87,
            99.06833333333333,
            99.09,
            99.185,
            99.10666666666667,
            99.26333333333334,
            99.38333333333334,
            99.295,
            99.415,
            99.40333333333334,
            99.54833333333333,
            99.55333333333333,
            100.0,
            99.645,
            99.74,
            99.73333333333333,
            99.77,
            99.85166666666667,
            99.96833333333333,
            99.84166666666667,
            99.90833333333333,
            99.955,
            99.98166666666667,
            99.97333333333333,
            99.92333333333333,
            99.99666666666667,
            100.0,
            100.0,
            100.0,
            100.0,
            100.0,
            100.0,
            100.0,
            100.0,
            100.0,
            100.0,
            100.0,
            100.0,
            100.0,
            100.0,
            100.0,
            100.0,
            100.0,
            100.0,
            100.0,
            100.0,
            100.0,
            100.0,
            100.0
        ],