{
    "global_accuracy_history": [
        10.0,
        16.36,
        68.63,
        69.41,
        84.46,
        84.89,
        86.46,
        87.49,
        86.27,
        87.41,
        86.89,
        87.69,
        89.15,
        88.9,
        89.06,
        89.96,
        89.51,
        89.89,
        89.14,
        90.07,
        89.75,
        89.43,
        90.37,
        90.52,
        90.32,
        89.9,
        90.19,
        90.47,
        90.33,
        90.45,
        90.25,
        90.25,
        90.45,
        90.53,
        90.27,
        90.46,
        90.65,
        89.97,
        90.63,
        90.45,
        90.71,
        90.69,
        90.37,
        90.89,
        90.22,
        91.08,
        89.56,
        91.03,
        90.96,
        90.95,
        89.94,
        90.88,
        91.02,
        90.94,
        90.98,
        91.12,
        91.04,
        90.99,
        91.06,
        91.03
    ],
    "local_accuracy_histories": {
        "0": [
            70.48166666666667,
            85.33333333333333,
            92.40833333333333,
            96.96,
            95.84166666666667,
            96.88333333333334,
            97.63166666666666,
            97.67833333333333,
            98.04666666666667,
            100.0,
            98.45666666666666,
            98.73833333333333,
            98.90166666666667,
            99.15833333333333,
            99.08,
            99.20166666666667,
            99.19666666666667,
            99.24833333333333,
            99.33166666666666,
            99.36666666666666,
            99.34666666666666,
            99.49333333333334,
            99.505,
            100.0,
            99.47833333333334,
            99.52,
            99.86666666666666,
            99.475,
            99.625,
            99.60166666666667,
            99.79333333333334,
            99.965,
            99.72833333333334,
            99.875,
            99.57833333333333,
            99.71833333333333,
            99.70333333333333,
            99.78833333333333,
            99.935,
            99.72666666666667,
            99.87,
            99.99,
            99.76166666666667,
            99.99,
            99.71833333333333,
            100.0,
            99.78833333333333,
            100.0,
            100.0,
            99.99666666666667,
            99.765,
            100.0,
            100.0,
            99.99166666666666,
            100.0,
            100.0,
            100.0,
            100.0,
            100.0,
            100.0
        ],
        "1": [
            68.93666666666667,
            85.82333333333334,
            92.58166666666666,
            95.64666666666666,
            97.06333333333333,
            97.97,
            97.89666666666666,
            98.17,
            98.61,
            98.49833333333333,
            98.915,
            98.995,
            98.91166666666666,
            99.09833333333333,
            99.13,
            99.14333333333333,
            99.24,
            99.255,
            99.21166666666667,
            99.38666666666667,
            99.40333333333334,
            99.515,
            100.0,
            99.39,
            99.50166666666667,
            99.53333333333333,
            100.0,
            99.50166666666667,
            99.50666666666666,
            99.48833333333333,
            99.48666666666666,
            99.79,
            99.68333333333334,
            99.71833333333333,
            99.76,
            99.94666666666667,
            99.73833333333333,
            99.90666666666667,
            99.835,
            99.81,
            99.95666666666666,
            99.79666666666667,
            99.91166666666666,
            99.795,
            99.98166666666667,
            99.825,
            100.0,
            99.84833333333333,
            99.99833333333333,
            100.0,
            100.0,
            99.99833333333333,
            99.795,
            100.0,
            100.0,
            100.0,
            100.0,
            100.0,
            100.0,
            100.0
        ],
        "2": [
            70.23333333333333,
            85.17666666666666,
            92.18,
            97.255,
            96.6,
            97.29666666666667,
            97.81,
            98.10833333333333,
            98.355,
            98.58,
            98.62333333333333,
            98.745,
            99.155,
            99.01666666666667,
            99.125,
            99.34333333333333,
            99.18666666666667,
            99.31166666666667,
            99.29833333333333,
            99.42,
            99.40666666666667,
            99.55,
            99.48666666666666,
            99.42166666666667,
            99.48833333333333,
            99.49166666666666,
            99.60833333333333,
            99.76333333333334,
            99.66666666666667,
            99.665,
            99.635,
            99.65833333333333,
            99.85333333333334,
            99.68333333333334,
            99.655,
            99.75666666666666,
            99.90166666666667,
            99.775,
            99.84166666666667,
            99.64833333333333,
            99.99,
            99.66,
            99.94,
            99.84166666666667,
            99.98333333333333,
            99.99333333333334,
            99.94,
            99.855,
            99.99833333333333,
            100.0,
            99.78833333333333,
            99.99833333333333,
            100.0,
            100.0,
            100.0,
            99.91666666666667,
            100.0,
            100.0,
            100.0,
            100.0
        ],
        "3": [
            68.985,
            84.61833333333334,
            92.99,
            95.48166666666667,
            97.00333333333333,
            97.27166666666666,
            97.89333333333333,
            98.10333333333334,
            98.615,
            98.58,
            98.44833333333334,
            98.815,
            99.34333333333333,
            98.72833333333334,
            99.62,
            98.99833333333333,
            99.09,
            99.26833333333333,
            99.35,
            99.41333333333333,
            99.56333333333333,
            99.38,
            99.96,
            99.47666666666667,
            99.52833333333334,
            99.54,
            99.71166666666667,
            99.63666666666667,
            99.83333333333333,
            99.625,
            99.64666666666666,
            99.68333333333334,
            99.845,
            99.71333333333334,
            99.78666666666666,
            99.79833333333333,
            99.95666666666666,
            99.91833333333334,
            99.99,
            99.62166666666667,
            99.94166666666666,
            99.92833333333333,
            100.0,
            99.77333333333333,
            100.0,
            99.86,
            100.0,
            99.99166666666666,
            99.99833333333333,
            99.99666666666667,
            100.0,
            100.0,
            100.0,
            100.0,
            100.0,
            100.0,
            100.0,
            100.0,
            100.0,
            100.0
        ],