{
    "global_accuracy_history": [
        10.0,
        11.33,
        48.65,
        63.84,
        68.92
    ],
    "local_accuracy_histories": {
        "0": [
            32.9313850402832,
            34.527854919433594,
            46.654212951660156,
            58.52581787109375,
            65.0815200805664
        ],
        "1": [
            25.951087951660156,
            33.135189056396484,
            47.809104919433594,
            59.08627700805664,
            64.70787811279297
        ],
        "2": [
            28.7703800201416,
            36.73573303222656,
            46.82405090332031,
            58.763587951660156,
            64.18138885498047
        ],
        "3": [
            28.057065963745117,
            33.950408935546875,
            46.39945602416992,
            58.372962951660156,
            64.96263885498047
        ],
        "4": [
            30.18002700805664,
            37.041439056396484,
            46.33152389526367,
            59.239131927490234,
            65.43817901611328
        ],
        "5": [
            28.31182098388672,
            36.53192901611328,
            46.43342590332031,
            59.375,
            65.57405090332031
        ],
        "6": [
            27.309783935546875,
            33.848506927490234,
            46.02581787109375,
            58.848506927490234,
            65.11549377441406
        ],
        "7": [
            32.099185943603516,
            33.30502700805664,
            46.348506927490234,
            58.91644287109375,
            65.25135803222656
        ],
        "8": [
            27.93817901611328,
            35.07133102416992,
            47.486412048339844,
            58.8654899597168,
            64.53804779052734
        ],
        "9": [
            27.700408935546875,
            33.05027389526367,
            48.76019287109375,
            58.88247299194336,
            65.13247680664062
        ]
    },
    "config": {
        "data_path": "./datasets",
        "split_mode": "iid",
        "batch_select": "random",
        "client_num": 10,
        "subset_frac": 1,
        "classes_per_client": 4,
        "lr": 0.01,
        "epochs": 5,
        "local_epochs": 1,
        "bs": 128,
        "gamma": 0,
        "initial_neighbor_rate": 1,
        "participation_rate": 0.6,
        "communication_rounds": [
            1,
            1,
            1,
            1,
            1,
            1,
            1,
            1,
            1,
            1
        ],
        "test_batch_size": 32,
        "s_ratio": 1.0,
        "min_dense_params": 2048,
        "dense_keywords": [
            "bn",
            "running_mean",
            "running_var",
            "num_batches_tracked",
            "conv1",
            "fc."
        ],
        "use_fedbn": false,
        "lr_decay_step": 10,
        "lr_decay_beta": 0.9
    },
    "elapsed_seconds": 90.44455790519714,
    "elapsed_hms": "0:01:30",
    "run_params": {
        "client_num": 10,
        "local_epochs": 1
    }
}