{
    "global_accuracy_history": [
        10.0,
        16.66,
        38.93,
        46.84,
        52.9,
        54.08,
        66.32,
        72.31,
        74.18,
        77.13,
        77.03,
        79.1,
        80.8,
        77.87,
        81.01,
        81.67,
        81.66,
        82.27,
        82.92,
        84.03,
        83.18,
        83.86,
        84.96,
        83.4,
        85.18,
        85.28,
        84.16,
        84.76,
        85.1,
        85.73,
        86.36,
        85.64,
        85.77,
        86.25,
        86.64,
        85.36,
        86.41,
        85.52,
        86.87,
        86.33,
        86.33,
        87.01,
        86.74,
        86.98,
        87.21,
        86.45,
        87.18,
        86.94,
        87.29,
        86.86
    ],
    "local_accuracy_histories": {
        "0": [
            25.58333396911621,
            25.25,
            36.66666793823242,
            43.0,
            47.41666793823242,
            54.833335876464844,
            60.583335876464844,
            66.58333587646484,
            71.5,
            73.83333587646484,
            75.66667175292969,
            75.16667175292969,
            76.33333587646484,
            78.33333587646484,
            78.16667175292969,
            79.75,
            78.66667175292969,
            80.16667175292969,
            82.5,
            80.66667175292969,
            82.41667175292969,
            82.5,
            83.83333587646484,
            84.08333587646484,
            83.75,
            84.25,
            85.08333587646484,
            84.08333587646484,
            85.25,
            85.16667175292969,
            86.0,
            86.83333587646484,
            85.83333587646484,
            87.0,
            87.33333587646484,
            87.41667175292969,
            87.83333587646484,
            88.25,
            88.16667175292969,
            91.16667175292969,
            88.83333587646484,
            88.41667175292969,
            89.66667175292969,
            89.66667175292969,
            88.75,
            89.58333587646484,
            89.66667175292969,
            92.66667175292969,
            89.75,
            90.16667175292969
        ],
        "1": [
            24.0,
            27.666667938232422,
            37.5,
            43.333335876464844,
            50.5,
            53.16666793823242,
            63.0,
            67.66667175292969,
            74.66667175292969,
            74.66667175292969,
            75.5,
            78.41667175292969,
            77.91667175292969,
            78.66667175292969,
            79.58333587646484,
            80.08333587646484,
            80.66667175292969,
            82.33333587646484,
            82.5,
            84.08333587646484,
            83.83333587646484,
            85.16667175292969,
            84.91667175292969,
            85.58333587646484,
            85.33333587646484,
            86.75,
            85.58333587646484,
            85.58333587646484,
            86.91667175292969,
            87.83333587646484,
            87.58333587646484,
            88.0,
            88.58333587646484,
            88.08333587646484,
            88.33333587646484,
            89.0,
            87.5,
            87.41667175292969,
            89.08333587646484,
            89.66667175292969,
            90.25,
            90.25,
            90.16667175292969,
            90.91667175292969,
            89.33333587646484,
            92.66667175292969,
            91.66667175292969,
            91.25,
            91.33333587646484,
            93.58333587646484
        ],
        "2": [
            26.25,
            28.83333396911621,
            37.0,
            45.083335876464844,
            50.16666793823242,
            58.333335876464844,
            64.08333587646484,
            69.0,
            74.0,
            76.83333587646484,
            79.0,
            79.66667175292969,
            80.58333587646484,
            82.08333587646484,
            81.41667175292969,
            82.5,
            82.33333587646484,
            84.41667175292969,
            84.08333587646484,
            85.91667175292969,
            86.16667175292969,
            87.08333587646484,
            86.91667175292969,
            87.08333587646484,
            87.25,
            88.16667175292969,
            87.08333587646484,
            88.91667175292969,
            87.75,
            89.66667175292969,
            89.83333587646484,
            90.0,
            90.66667175292969,
            89.66667175292969,
            91.0,
            90.75,
            91.16667175292969,
            90.25,
            91.5,
            91.75,
            91.58333587646484,
            90.33333587646484,
            92.66667175292969,
            91.66667175292969,
            91.91667175292969,
            91.75,
            92.66667175292969,
            93.33333587646484,
            92.75,
            92.33333587646484
        ],
        "3": [
            26.33333396911621,
            28.0,
            37.41666793823242,
            42.333335876464844,
            48.75,
            52.25,
            60.5,
            68.41667175292969,
            72.0,
            76.41667175292969,
            76.25,
            78.16667175292969,
            77.91667175292969,
            77.5,
            81.16667175292969,
            81.0,
            82.33333587646484,
            82.83333587646484,
            83.25,
            83.5,
            83.66667175292969,
            84.5,
            85.33333587646484,
            85.25,
            86.41667175292969,
            85.33333587646484,
            87.25,
            85.83333587646484,
            87.58333587646484,
            87.91667175292969,
            86.5,
            89.0,
            88.25,
            86.91667175292969,
            89.25,
            89.0,
            89.5,
            88.33333587646484,
            87.83333587646484,
            88.41667175292969,
            89.16667175292969,
            89.83333587646484,
            91.0,
            92.66667175292969,
            91.75,
            91.5,
            91.41667175292969,
            91.08333587646484,
            91.08333587646484,
            92.75
        ],
        "4": [
            23.25,
            24.08333396911621,
            36.583335876464844,
            40.41666793823242,
            50.5,
            56.66666793823242,
            63.0,
            68.16667175292969,
            72.5,
            77.25,
            76.66667175292969,
            77.33333587646484,
            78.83333587646484,
            79.16667175292969,
            80.08333587646484,
            81.58333587646484,
            82.41667175292969,
            82.41667175292969,
            83.16667175292969,
            84.5,
            85.75,
            84.58333587646484,
            86.75,
            87.58333587646484,
            86.41667175292969,
            85.91667175292969,
            88.83333587646484,
            89.0,
            89.16667175292969,
            88.66667175292969,
            87.25,
            89.16667175292969,
            90.33333587646484,
            88.5,
            90.75,
            89.83333587646484,
            91.75,
            90.41667175292969,
            89.83333587646484,
            91.66667175292969,
            91.33333587646484,
            90.83333587646484,
            92.33333587646484,
            91.58333587646484,
            91.33333587646484,
            92.0,
            93.66667175292969,
            92.33333587646484,
            93.33333587646484,
            93.25
        ],