{
    "global_accuracy_history": [
        10.0,
        17.64,
        27.88,
        30.21,
        42.23,
        42.91,
        50.43,
        56.41,
        59.48,
        63.42,
        65.14,
        65.99,
        67.46,
        69.05,
        71.56,
        73.27,
        74.82,
        75.74,
        76.49,
        77.29,
        77.7,
        78.29,
        78.92,
        79.47,
        79.88,
        80.6,
        80.91,
        81.08,
        81.59,
        81.83,
        82.22,
        82.54,
        82.77,
        83.09,
        83.46,
        83.45,
        83.81,
        83.97,
        84.16,
        84.21,
        84.38,
        84.54,
        84.67,
        84.95,
        85.21,
        85.32,
        85.4,
        85.5,
        85.58,
        85.78,
        85.72,
        85.84,
        86.01,
        85.92,
        86.01,
        86.23,
        86.22,
        86.36,
        86.33,
        86.3
    ],
    "local_accuracy_histories": {
        "0": [
            22.783333333333335,
            26.016666666666666,
            29.216666666666665,
            31.433333333333334,
            38.63333333333333,
            42.75,
            47.46666666666667,
            54.2,
            57.516666666666666,
            60.2,
            62.483333333333334,
            65.21666666666667,
            66.73333333333333,
            68.7,
            70.86666666666666,
            72.56666666666666,
            73.7,
            75.15,
            75.56666666666666,
            76.45,
            77.33333333333333,
            78.11666666666666,
            78.58333333333333,
            79.15,
            79.63333333333334,
            80.05,
            80.18333333333334,
            80.88333333333334,
            80.98333333333333,
            81.3,
            81.73333333333333,
            82.16666666666667,
            82.43333333333334,
            82.83333333333333,
            83.18333333333334,
            84.18333333333334,
            83.55,
            84.08333333333333,
            84.41666666666667,
            84.53333333333333,
            84.63333333333334,
            85.01666666666667,
            85.11666666666666,
            85.35,
            85.5,
            85.75,
            86.01666666666667,
            86.15,
            86.15,
            86.51666666666667,
            86.51666666666667,
            86.63333333333334,
            86.78333333333333,
            86.98333333333333,
            86.98333333333333,
            87.18333333333334,
            87.33333333333333,
            87.63333333333334,
            87.65,
            88.46666666666667
        ],
        "1": [
            24.516666666666666,
            26.05,
            28.65,
            31.2,
            37.7,
            43.75,
            48.06666666666667,
            54.15,
            58.166666666666664,
            60.61666666666667,
            63.3,
            64.46666666666667,
            65.88333333333334,
            68.43333333333334,
            69.33333333333333,
            71.03333333333333,
            73.0,
            73.93333333333334,
            74.6,
            76.18333333333334,
            77.1,
            77.93333333333334,
            78.23333333333333,
            78.86666666666666,
            79.51666666666667,
            80.15,
            80.73333333333333,
            81.15,
            81.75,
            81.81666666666666,
            82.38333333333334,
            82.7,
            83.31666666666666,
            83.6,
            83.86666666666666,
            83.95,
            84.31666666666666,
            84.48333333333333,
            84.73333333333333,
            84.9,
            85.46666666666667,
            85.35,
            85.6,
            85.86666666666666,
            86.15,
            86.23333333333333,
            86.4,
            86.61666666666666,
            86.8,
            86.95,
            87.16666666666667,
            87.26666666666667,
            87.46666666666667,
            87.63333333333334,
            88.13333333333334,
            88.01666666666667,
            88.11666666666666,
            88.36666666666666,
            88.18333333333334,
            88.53333333333333
        ],
        "2": [
            25.166666666666668,
            26.916666666666668,
            29.616666666666667,
            32.21666666666667,
            36.916666666666664,
            42.68333333333333,
            47.25,
            52.516666666666666,
            57.18333333333333,
            60.583333333333336,
            62.85,
            64.73333333333333,
            65.96666666666667,
            67.66666666666667,
            69.93333333333334,
            71.53333333333333,
            73.98333333333333,
            74.15,
            75.51666666666667,
            76.3,
            77.28333333333333,
            77.96666666666667,
            78.5,
            79.21666666666667,
            79.55,
            80.26666666666667,
            80.56666666666666,
            81.2,
            81.31666666666666,
            81.76666666666667,
            82.23333333333333,
            82.31666666666666,
            82.53333333333333,
            82.73333333333333,
            83.15,
            83.4,
            83.91666666666667,
            83.9,
            84.55,
            84.35,
            84.76666666666667,
            84.81666666666666,
            85.25,
            85.38333333333334,
            85.86666666666666,
            86.01666666666667,
            86.33333333333333,
            86.33333333333333,
            86.95,
            86.76666666666667,
            87.1,
            87.08333333333333,
            87.35,
            87.45,
            87.55,
            87.55,
            87.71666666666667,
            87.73333333333333,
            87.91666666666667,
            88.13333333333334
        ],
        "3": [
            25.25,
            25.933333333333334,
            28.966666666666665,
            31.233333333333334,
            36.983333333333334,
            42.68333333333333,
            48.11666666666667,
            54.06666666666667,
            58.38333333333333,
            60.266666666666666,
            63.18333333333333,
            65.03333333333333,
            66.05,
            67.9,
            69.01666666666667,
            72.03333333333333,
            72.66666666666667,
            74.33333333333333,
            75.26666666666667,
            75.91666666666667,
            76.76666666666667,
            77.38333333333334,
            77.88333333333334,
            78.53333333333333,
            79.15,
            79.5,
            80.33333333333333,
            80.66666666666667,
            81.08333333333333,
            81.63333333333334,
            82.05,
            82.66666666666667,
            82.7,
            83.25,
            83.8,
            83.58333333333333,
            83.98333333333333,
            84.05,
            84.5,
            84.78333333333333,
            84.95,
            85.11666666666666,
            85.2,
            85.41666666666667,
            85.75,
            85.78333333333333,
            85.96666666666667,
            86.08333333333333,
            86.15,
            86.41666666666667,
            86.48333333333333,
            86.65,
            86.9,
            86.9,
            87.03333333333333,
            87.15,
            87.33333333333333,
            87.45,
            87.51666666666667,
            87.71666666666667
        ],