{
    "global_accuracy_history": [
        10.0,
        16.38,
        33.1,
        46.93,
        50.37,
        58.62,
        67.64,
        68.49,
        76.78,
        78.04,
        79.15,
        80.47,
        81.39,
        82.31,
        82.19,
        82.58,
        83.8,
        84.48,
        84.31,
        83.87,
        85.08,
        85.39,
        85.29,
        85.84,
        85.99,
        85.79,
        86.88,
        86.89,
        86.66,
        87.32
    ],
    "local_accuracy_histories": {
        "0": [
            26.933332443237305,
            28.433332443237305,
            34.099998474121094,
            43.61666488647461,
            51.75,
            58.18333435058594,
            64.81666564941406,
            68.46666717529297,
            75.03333282470703,
            76.71666717529297,
            78.76666259765625,
            79.68333435058594,
            80.63333129882812,
            81.53333282470703,
            82.54999542236328,
            83.36666870117188,
            83.98332977294922,
            84.31666564941406,
            84.56666564941406,
            85.38333129882812,
            85.94999694824219,
            85.8499984741211,
            86.38333129882812,
            87.5,
            87.26666259765625,
            86.61666870117188,
            87.25,
            87.96666717529297,
            87.68333435058594,
            87.6500015258789
        ],
        "1": [
            25.233333587646484,
            28.133333206176758,
            32.650001525878906,
            43.68333435058594,
            51.95000076293945,
            57.36666488647461,
            62.633331298828125,
            67.46666717529297,
            74.28333282470703,
            77.33333587646484,
            78.33333587646484,
            79.46666717529297,
            81.08333587646484,
            82.11666870117188,
            82.38333129882812,
            83.1500015258789,
            83.98332977294922,
            83.79999542236328,
            84.93333435058594,
            86.01666259765625,
            85.73332977294922,
            85.93333435058594,
            86.44999694824219,
            86.94999694824219,
            87.4000015258789,
            87.23332977294922,
            87.6500015258789,
            87.73332977294922,
            87.91666412353516,
            87.96666717529297
        ],
        "2": [
            25.733333587646484,
            27.933332443237305,
            34.03333282470703,
            42.45000076293945,
            51.0,
            57.766666412353516,
            63.04999923706055,
            66.41666412353516,
            72.78333282470703,
            76.73332977294922,
            78.33333587646484,
            79.0,
            80.71666717529297,
            81.21666717529297,
            81.81666564941406,
            82.75,
            83.36666870117188,
            82.98332977294922,
            85.11666870117188,
            85.6500015258789,
            85.53333282470703,
            86.26666259765625,
            86.46666717529297,
            86.29999542236328,
            87.28333282470703,
            86.68333435058594,
            87.29999542236328,
            88.04999542236328,
            87.51666259765625,
            87.98332977294922
        ],
        "3": [
            27.25,
            28.233333587646484,
            33.25,
            42.83333206176758,
            50.516666412353516,
            56.5,
            62.45000076293945,
            67.75,
            73.25,
            77.5,
            77.68333435058594,
            79.0999984741211,
            80.75,
            81.41666412353516,
            82.26666259765625,
            83.03333282470703,
            83.66666412353516,
            84.04999542236328,
            84.43333435058594,
            85.08333587646484,
            85.76666259765625,
            85.94999694824219,
            86.88333129882812,
            86.06666564941406,
            86.46666717529297,
            87.08333587646484,
            87.25,
            86.96666717529297,
            87.51666259765625,
            87.81666564941406
        ],
        "4": [
            25.600000381469727,
            27.33333396911621,
            32.93333435058594,
            43.78333282470703,
            50.79999923706055,
            57.133331298828125,
            63.5,
            67.96666717529297,
            75.19999694824219,
            77.63333129882812,
            79.41666412353516,
            80.03333282470703,
            81.01666259765625,
            81.91666412353516,
            82.94999694824219,
            83.81666564941406,
            83.63333129882812,
            84.73332977294922,
            85.03333282470703,
            85.78333282470703,
            86.68333435058594,
            86.11666870117188,
            86.71666717529297,
            87.25,
            87.48332977294922,
            87.16666412353516,
            87.43333435058594,
            87.51666259765625,
            88.04999542236328,
            88.63333129882812
        ],
        "5": [
            25.33333396911621,
            28.71666717529297,
            31.96666717529297,
            44.14999771118164,
            51.64999771118164,
            58.349998474121094,
            63.733333587646484,
            68.71666717529297,
            74.86666870117188,
            78.4000015258789,
            79.04999542236328,
            80.36666870117188,
            81.3499984741211,
            82.61666870117188,
            83.16666412353516,
            83.73332977294922,
            84.96666717529297,
            84.61666870117188,
            85.33333587646484,
            86.58333587646484,
            86.69999694824219,
            86.5,
            86.91666412353516,
            86.98332977294922,
            87.8499984741211,
            87.79999542236328,
            88.03333282470703,
            88.28333282470703,
            89.13333129882812,
            89.54999542236328
        ],
        "6": [
            26.100000381469727,
            26.850000381469727,
            33.31666564941406,
            42.483333587646484,
            52.31666564941406,
            58.20000076293945,
            64.21666717529297,
            68.69999694824219,
            74.63333129882812,
            78.06666564941406,
            79.01666259765625,
            80.23332977294922,
            81.38333129882812,
            82.19999694824219,
            82.98332977294922,
            83.5,
            84.73332977294922,
            84.69999694824219,
            85.16666412353516,
            85.6500015258789,
            86.31666564941406,
            86.5999984741211,
            86.91666412353516,
            86.8499984741211,
            87.33333587646484,
            87.6500015258789,
            88.01666259765625,
            88.11666870117188,
            88.38333129882812,
            88.69999694824219
        ],
        "7": [
            26.483333587646484,
            30.100000381469727,
            35.25,
            42.78333282470703,
            51.41666793823242,
            58.78333282470703,
            63.883331298828125,
            69.0999984741211,
            73.81666564941406,
            77.18333435058594,
            78.56666564941406,
            80.26666259765625,
            80.33333587646484,
            81.56666564941406,
            82.16666412353516,
            83.16666412353516,
            83.3499984741211,
            84.76666259765625,
            85.25,
            85.71666717529297,
            86.0999984741211,
            85.78333282470703,
            86.0,
            86.61666870117188,
            86.53333282470703,
            86.81666564941406,
            87.08333587646484,
            86.94999694824219,
            87.5999984741211,
            88.06666564941406
        ],