{
    "global_accuracy_history": [
        10.0,
        49.15,
        76.01,
        87.45,
        87.53,
        89.06,
        88.54,
        87.18,
        87.7,
        88.01,
        89.11,
        90.05,
        89.88,
        89.28,
        89.7,
        90.12,
        89.49,
        90.39,
        90.43,
        90.6,
        90.48,
        90.62,
        90.0,
        90.62,
        90.59,
        91.24,
        90.78,
        90.66,
        90.83,
        91.24,
        90.68,
        90.45,
        90.99,
        90.97,
        91.16,
        90.98,
        91.44,
        91.08,
        91.16,
        91.41,
        91.57,
        91.39,
        91.58,
        91.7,
        91.15,
        91.71,
        91.63,
        91.68,
        91.67,
        91.72,
        91.74,
        91.7,
        91.67,
        91.68,
        91.73,
        91.74,
        91.75,
        91.76,
        91.7,
        91.73
    ],
    "local_accuracy_histories": {
        "0": [
            70.9,
            84.11333333333333,
            88.71,
            91.19,
            93.3,
            94.11333333333333,
            95.09333333333333,
            96.03,
            96.93,
            97.02,
            99.64666666666666,
            97.38333333333334,
            97.72,
            97.98666666666666,
            98.29666666666667,
            98.49333333333334,
            98.62333333333333,
            98.68666666666667,
            98.86666666666666,
            98.96666666666667,
            98.98,
            100.0,
            98.96,
            99.34666666666666,
            99.22,
            99.35333333333334,
            99.49333333333334,
            99.8,
            99.4,
            99.57666666666667,
            99.70666666666666,
            99.60333333333334,
            99.90666666666667,
            99.62666666666667,
            99.82333333333334,
            99.55333333333333,
            99.98,
            99.75333333333333,
            100.0,
            99.94333333333333,
            100.0,
            99.91333333333333,
            100.0,
            100.0,
            99.86,
            100.0,
            99.99666666666667,
            100.0,
            100.0,
            100.0,
            100.0,
            100.0,
            100.0,
            100.0,
            100.0,
            100.0,
            100.0,
            100.0,
            100.0,
            100.0
        ],
        "1": [
            69.43,
            84.7,
            88.97666666666667,
            92.03,
            93.70666666666666,
            94.87333333333333,
            95.80666666666667,
            96.69666666666667,
            97.07333333333334,
            97.62,
            97.80666666666667,
            98.04666666666667,
            98.42666666666666,
            98.61,
            98.58,
            98.84,
            98.76,
            98.80333333333333,
            99.05333333333333,
            99.02333333333333,
            99.43,
            99.17333333333333,
            99.91666666666667,
            99.34666666666666,
            99.44666666666667,
            99.69666666666667,
            99.49,
            99.62333333333333,
            99.81666666666666,
            99.61,
            99.61,
            99.88333333333334,
            99.74,
            99.91,
            99.85,
            99.99,
            99.92,
            99.79666666666667,
            99.99333333333334,
            100.0,
            100.0,
            100.0,
            99.95333333333333,
            100.0,
            100.0,
            100.0,
            100.0,
            100.0,
            100.0,
            100.0,
            100.0,
            100.0,
            100.0,
            100.0,
            100.0,
            100.0,
            100.0,
            100.0,
            100.0,
            100.0
        ],
        "2": [
            73.05,
            84.33666666666667,
            89.45,
            91.24333333333334,
            92.87666666666667,
            94.08666666666667,
            95.22333333333333,
            95.42666666666666,
            95.64333333333333,
            96.45333333333333,
            97.14,
            97.35333333333334,
            97.76666666666667,
            97.81333333333333,
            97.87,
            98.48333333333333,
            98.23,
            98.26333333333334,
            98.49,
            98.60666666666667,
            98.71666666666667,
            98.93,
            98.69666666666667,
            99.17,
            99.08333333333333,
            99.31666666666666,
            99.44333333333333,
            99.42333333333333,
            99.40666666666667,
            99.88,
            99.58333333333333,
            99.73333333333333,
            99.61333333333333,
            99.86666666666666,
            99.97,
            99.90333333333334,
            99.89333333333333,
            99.96333333333334,
            99.59666666666666,
            100.0,
            99.95666666666666,
            100.0,
            100.0,
            100.0,
            100.0,
            100.0,
            100.0,
            100.0,
            100.0,
            100.0,
            100.0,
            100.0,
            100.0,
            100.0,
            100.0,
            100.0,
            100.0,
            100.0,
            100.0,
            100.0
        ],
        "3": [
            72.67666666666666,
            85.33666666666667,
            88.93,
            91.88333333333334,
            93.22666666666667,
            94.5,
            95.56,
            95.84666666666666,
            96.17,
            96.77,
            97.37,
            97.56333333333333,
            97.68666666666667,
            97.79666666666667,
            98.44666666666667,
            98.48666666666666,
            98.29333333333334,
            98.48333333333333,
            98.66333333333333,
            99.04666666666667,
            99.03,
            99.13,
            99.08,
            99.13666666666667,
            99.4,
            99.76333333333334,
            99.25333333333333,
            99.52,
            99.63666666666667,
            99.63,
            99.85666666666667,
            99.47333333333333,
            99.78333333333333,
            99.94,
            99.63666666666667,
            99.97,
            99.95666666666666,
            99.89333333333333,
            99.99333333333334,
            99.95,
            100.0,
            100.0,
            99.99666666666667,
            100.0,
            100.0,
            100.0,
            100.0,
            100.0,
            100.0,
            100.0,
            100.0,
            100.0,
            100.0,
            100.0,
            100.0,
            100.0,
            100.0,
            100.0,
            100.0,
            100.0
        ],