{
    "global_accuracy_history": [
        12.98,
        30.06,
        49.11,
        67.18,
        73.89,
        78.55,
        80.85,
        82.0,
        82.76,
        83.58,
        84.03,
        84.51,
        83.56,
        85.09,
        86.17,
        85.89,
        85.99,
        86.37,
        86.63,
        86.97,
        86.96,
        87.0,
        87.31,
        87.77,
        87.44,
        87.46,
        88.18,
        88.31,
        88.66,
        88.48,
        88.49,
        88.52,
        88.71,
        88.64,
        87.96,
        89.11,
        88.78,
        89.08,
        88.83,
        89.28,
        89.43,
        88.91,
        88.66,
        89.67,
        89.59,
        89.3,
        89.86,
        89.78,
        89.54,
        89.66,
        90.05,
        89.88,
        89.82,
        90.05,
        89.75,
        89.56,
        89.78,
        89.86,
        90.02,
        89.26
    ],
    "local_accuracy_histories": {
        "0": [
            28.616666666666667,
            40.2,
            49.15,
            64.18333333333334,
            73.5,
            76.51666666666667,
            79.38333333333334,
            81.35,
            81.96666666666667,
            83.11666666666666,
            83.95,
            84.65,
            86.48333333333333,
            85.41666666666667,
            86.2,
            86.7,
            86.93333333333334,
            87.55,
            87.51666666666667,
            88.05,
            88.23333333333333,
            90.31666666666666,
            88.88333333333334,
            88.7,
            91.5,
            89.41666666666667,
            89.56666666666666,
            89.98333333333333,
            90.41666666666667,
            90.35,
            91.01666666666667,
            90.73333333333333,
            90.95,
            91.16666666666667,
            94.0,
            91.73333333333333,
            93.28333333333333,
            92.08333333333333,
            92.31666666666666,
            92.61666666666666,
            92.58333333333333,
            92.36666666666666,
            93.8,
            93.21666666666667,
            93.06666666666666,
            93.7,
            93.73333333333333,
            93.76666666666667,
            93.78333333333333,
            93.78333333333333,
            95.76666666666667,
            93.7,
            94.26666666666667,
            94.08333333333333,
            94.28333333333333,
            94.68333333333334,
            95.81666666666666,
            94.43333333333334,
            95.16666666666667,
            94.71666666666667
        ],
        "1": [
            28.65,
            32.5,
            51.083333333333336,
            63.21666666666667,
            73.35,
            76.4,
            78.73333333333333,
            80.28333333333333,
            81.53333333333333,
            82.98333333333333,
            83.48333333333333,
            84.45,
            85.31666666666666,
            85.61666666666666,
            86.03333333333333,
            86.55,
            86.91666666666667,
            87.1,
            87.33333333333333,
            88.05,
            88.2,
            88.75,
            89.15,
            89.21666666666667,
            89.15,
            89.73333333333333,
            89.9,
            90.03333333333333,
            90.51666666666667,
            91.08333333333333,
            90.86666666666666,
            90.91666666666667,
            91.35,
            91.51666666666667,
            91.65,
            91.8,
            92.11666666666666,
            92.3,
            92.15,
            92.53333333333333,
            92.4,
            92.65,
            92.75,
            93.31666666666666,
            93.0,
            93.18333333333334,
            93.65,
            93.5,
            94.11666666666666,
            93.7,
            94.58333333333333,
            94.56666666666666,
            94.9,
            94.46666666666667,
            94.68333333333334,
            95.08333333333333,
            94.96666666666667,
            95.26666666666667,
            95.38333333333334,
            96.95
        ],
        "2": [
            29.05,
            41.45,
            49.63333333333333,
            64.11666666666666,
            73.46666666666667,
            77.18333333333334,
            78.5,
            80.3,
            81.71666666666667,
            82.43333333333334,
            83.85,
            84.8,
            85.5,
            86.16666666666667,
            86.3,
            86.91666666666667,
            87.91666666666667,
            87.66666666666667,
            87.65,
            87.85,
            88.35,
            88.15,
            88.61666666666666,
            88.78333333333333,
            89.1,
            89.0,
            89.63333333333334,
            89.96666666666667,
            90.31666666666666,
            90.46666666666667,
            90.65,
            91.16666666666667,
            91.38333333333334,
            91.33333333333333,
            91.3,
            91.63333333333334,
            91.81666666666666,
            91.66666666666667,
            92.4,
            92.18333333333334,
            92.4,
            92.26666666666667,
            93.93333333333334,
            93.03333333333333,
            93.36666666666666,
            93.38333333333334,
            93.23333333333333,
            93.43333333333334,
            93.75,
            93.56666666666666,
            93.91666666666667,
            94.21666666666667,
            93.86666666666666,
            94.58333333333333,
            94.31666666666666,
            94.85,
            94.83333333333333,
            95.1,
            95.36666666666666,
            95.53333333333333
        ],
        "3": [
            27.933333333333334,
            37.15,
            48.71666666666667,
            62.5,
            73.35,
            76.58333333333333,
            78.86666666666666,
            80.58333333333333,
            82.0,
            83.0,
            84.23333333333333,
            84.6,
            85.41666666666667,
            85.58333333333333,
            86.16666666666667,
            86.4,
            86.83333333333333,
            87.05,
            87.48333333333333,
            87.61666666666666,
            88.06666666666666,
            88.36666666666666,
            88.55,
            88.85,
            89.33333333333333,
            89.35,
            89.71666666666667,
            89.88333333333334,
            90.03333333333333,
            90.35,
            91.61666666666666,
            90.88333333333334,
            91.21666666666667,
            91.4,
            91.81666666666666,
            91.98333333333333,
            91.73333333333333,
            91.88333333333334,
            92.45,
            92.51666666666667,
            92.33333333333333,
            92.56666666666666,
            92.8,
            92.71666666666667,
            92.5,
            92.83333333333333,
            95.55,
            93.21666666666667,
            93.41666666666667,
            93.6,
            94.08333333333333,
            94.13333333333334,
            94.23333333333333,
            94.55,
            95.58333333333333,
            94.53333333333333,
            94.41666666666667,
            95.13333333333334,
            94.9,
            95.25
        ],