{
    "global_accuracy_history": [
        10.08,
        12.05,
        60.86,
        81.67,
        87.27,
        85.66,
        89.46,
        89.43,
        88.4,
        89.72,
        90.53,
        90.63,
        90.71,
        90.59,
        90.74,
        91.0,
        91.08,
        90.44,
        90.95,
        91.05,
        90.68,
        90.72,
        90.75,
        90.66,
        91.09,
        91.02,
        90.91,
        91.08,
        90.54,
        90.93,
        90.83,
        91.03,
        90.7,
        90.82,
        90.52,
        90.58,
        91.09,
        91.07,
        91.43,
        91.11,
        91.14,
        90.63,
        90.83,
        91.31,
        91.35,
        91.51,
        91.24,
        91.4,
        91.41,
        91.58,
        91.46,
        91.38,
        91.48,
        91.39,
        91.49,
        91.49,
        91.47,
        91.46,
        91.46,
        91.44
    ],
    "local_accuracy_histories": {
        "0": [
            75.40166666666667,
            87.65666666666667,
            91.33166666666666,
            94.75833333333334,
            96.55333333333333,
            96.92166666666667,
            97.35666666666667,
            97.80666666666667,
            98.365,
            98.73166666666667,
            98.58666666666667,
            98.97333333333333,
            99.05833333333334,
            99.10166666666667,
            99.3,
            99.35333333333334,
            99.3,
            99.40333333333334,
            99.44166666666666,
            99.46,
            99.57,
            99.56166666666667,
            99.5,
            99.54833333333333,
            99.575,
            100.0,
            99.66666666666667,
            99.83166666666666,
            99.65833333333333,
            99.95666666666666,
            99.705,
            99.69333333333333,
            99.735,
            99.85333333333334,
            99.74166666666666,
            99.73833333333333,
            99.98666666666666,
            99.805,
            100.0,
            99.86833333333334,
            99.99166666666666,
            99.81333333333333,
            100.0,
            99.995,
            100.0,
            99.99833333333333,
            100.0,
            100.0,
            100.0,
            100.0,
            100.0,
            100.0,
            100.0,
            100.0,
            100.0,
            100.0,
            100.0,
            100.0,
            100.0,
            100.0
        ],
        "1": [
            73.38,
            88.12666666666667,
            91.67,
            94.73666666666666,
            96.68666666666667,
            97.52333333333333,
            97.915,
            98.21166666666667,
            98.545,
            98.665,
            98.68333333333334,
            98.94666666666667,
            99.01333333333334,
            99.135,
            99.17333333333333,
            99.16333333333333,
            99.315,
            99.575,
            99.35166666666667,
            99.35333333333334,
            99.40166666666667,
            99.60333333333334,
            99.51833333333333,
            99.43333333333334,
            99.55333333333333,
            99.61166666666666,
            99.64,
            99.68833333333333,
            99.995,
            99.675,
            99.69833333333334,
            99.79,
            99.695,
            99.69833333333334,
            99.985,
            99.80166666666666,
            99.93833333333333,
            99.94833333333334,
            99.75166666666667,
            100.0,
            99.78,
            99.88833333333334,
            99.99666666666667,
            99.99833333333333,
            99.87333333333333,
            99.97,
            100.0,
            100.0,
            100.0,
            100.0,
            100.0,
            100.0,
            100.0,
            100.0,
            100.0,
            100.0,
            100.0,
            100.0,
            100.0,
            100.0
        ],
        "2": [
            74.16833333333334,
            87.05166666666666,
            90.895,
            98.11,
            95.30333333333333,
            97.28833333333333,
            97.40333333333334,
            98.10833333333333,
            98.01,
            98.435,
            98.46333333333334,
            98.73166666666667,
            98.89333333333333,
            99.00833333333334,
            99.05166666666666,
            99.12,
            99.24833333333333,
            99.75333333333333,
            99.19333333333333,
            99.305,
            99.49,
            99.36166666666666,
            99.495,
            99.475,
            99.45833333333333,
            99.67333333333333,
            99.91833333333334,
            99.52166666666666,
            99.59,
            99.64166666666667,
            99.60333333333334,
            99.695,
            99.77333333333333,
            99.99333333333334,
            99.64,
            99.54833333333333,
            99.805,
            99.89833333333333,
            99.945,
            99.97833333333334,
            99.66,
            99.99333333333334,
            99.735,
            99.995,
            99.99333333333334,
            100.0,
            99.89666666666666,
            100.0,
            99.685,
            100.0,
            99.77833333333334,
            99.985,
            100.0,
            100.0,
            100.0,
            100.0,
            100.0,
            100.0,
            100.0,
            100.0
        ],
        "3": [
            76.03,
            86.99,
            92.57666666666667,
            93.93,
            96.51333333333334,
            96.55,
            97.25666666666666,
            98.175,
            98.195,
            98.64166666666667,
            98.745,
            98.965,
            99.14666666666666,
            99.24333333333334,
            99.48666666666666,
            99.13666666666667,
            99.29666666666667,
            99.56,
            99.32333333333334,
            99.33166666666666,
            99.535,
            99.535,
            99.41666666666667,
            99.82166666666667,
            99.60333333333334,
            99.66666666666667,
            99.67333333333333,
            99.73,
            99.57166666666667,
            99.80333333333333,
            99.65166666666667,
            99.75166666666667,
            100.0,
            99.79,
            99.73666666666666,
            99.93,
            99.785,
            99.98166666666667,
            99.99833333333333,
            99.97,
            99.85,
            99.99666666666667,
            99.96,
            99.995,
            99.77666666666667,
            100.0,
            100.0,
            99.99333333333334,
            99.99666666666667,
            100.0,
            100.0,
            99.99833333333333,
            100.0,
            100.0,
            100.0,
            100.0,
            100.0,
            100.0,
            100.0,
            100.0
        ],