{
    "global_accuracy_history": [
        19.82,
        62.89,
        72.67,
        79.72,
        85.77,
        87.19,
        85.62,
        87.57,
        87.35,
        89.54,
        89.72,
        88.47,
        89.04,
        88.67,
        89.11,
        90.32,
        89.33,
        88.86,
        89.93,
        90.15,
        89.58,
        89.88,
        90.05,
        90.59,
        91.01,
        90.5,
        90.14,
        90.31,
        90.6,
        90.33,
        90.77,
        90.34,
        90.73,
        90.55,
        90.85,
        90.66,
        90.77,
        90.55,
        90.27,
        90.78,
        90.1,
        90.24,
        90.8,
        90.62,
        90.84,
        90.86,
        91.3,
        91.24,
        91.44,
        91.44,
        90.32,
        91.66,
        90.16,
        91.46,
        91.61,
        91.56,
        91.62,
        91.71,
        91.62,
        91.63
    ],
    "local_accuracy_histories": {
        "0": [
            64.27333333333333,
            83.34,
            88.41,
            91.55333333333333,
            93.68333333333334,
            94.42666666666666,
            95.44,
            95.53666666666666,
            96.2,
            96.27,
            97.28,
            96.85,
            97.44666666666667,
            97.25,
            98.8,
            97.97,
            97.97,
            98.08333333333333,
            98.39,
            98.15,
            98.49666666666667,
            98.60333333333334,
            100.0,
            98.54333333333334,
            98.83666666666667,
            98.95666666666666,
            98.79,
            98.97,
            99.62,
            98.95,
            99.01666666666667,
            99.08,
            99.7,
            99.02333333333333,
            99.25,
            98.99666666666667,
            99.39666666666666,
            99.50333333333333,
            99.50666666666666,
            99.99333333333334,
            99.36333333333333,
            99.34666666666666,
            99.62666666666667,
            99.38,
            99.72333333333333,
            99.9,
            99.96333333333334,
            99.89666666666666,
            100.0,
            100.0,
            99.76666666666667,
            100.0,
            99.38,
            100.0,
            100.0,
            100.0,
            100.0,
            100.0,
            100.0,
            100.0
        ],
        "1": [
            65.23,
            82.28666666666666,
            88.06333333333333,
            92.36333333333333,
            93.97333333333333,
            95.12333333333333,
            96.12333333333333,
            95.91,
            96.54333333333334,
            96.89666666666666,
            97.37333333333333,
            99.97333333333333,
            97.66333333333333,
            97.84,
            99.99666666666667,
            98.25,
            98.21,
            98.40333333333334,
            98.59666666666666,
            98.96666666666667,
            98.67666666666666,
            98.77,
            100.0,
            98.99666666666667,
            99.30333333333333,
            99.28333333333333,
            99.25666666666666,
            99.22666666666667,
            99.25333333333333,
            99.41,
            99.65,
            99.25666666666666,
            99.35666666666667,
            99.61333333333333,
            99.62333333333333,
            99.54,
            99.53666666666666,
            99.60666666666667,
            99.81666666666666,
            99.64,
            99.66666666666667,
            99.89,
            99.96666666666667,
            99.24333333333334,
            99.91333333333333,
            100.0,
            99.99333333333334,
            99.88333333333334,
            99.98333333333333,
            99.72666666666667,
            100.0,
            100.0,
            100.0,
            100.0,
            100.0,
            100.0,
            100.0,
            100.0,
            100.0,
            100.0
        ],
        "2": [
            66.89666666666666,
            82.49666666666667,
            88.14333333333333,
            91.77,
            93.52,
            94.51333333333334,
            95.20333333333333,
            95.93,
            96.31333333333333,
            97.08,
            97.36,
            97.31333333333333,
            97.75333333333333,
            97.95666666666666,
            97.91,
            98.22,
            98.13666666666667,
            98.42,
            98.58666666666667,
            98.63333333333334,
            98.82,
            98.82333333333334,
            99.56,
            98.79666666666667,
            98.88333333333334,
            99.04333333333334,
            98.91333333333333,
            99.33333333333333,
            99.39333333333333,
            99.49333333333334,
            99.49333333333334,
            99.28666666666666,
            99.47,
            99.49,
            99.30333333333333,
            99.53,
            99.60666666666667,
            99.53,
            99.40666666666667,
            99.55,
            99.74666666666667,
            99.66666666666667,
            99.82666666666667,
            99.97666666666667,
            99.27,
            99.91,
            99.67,
            99.97666666666667,
            99.99666666666667,
            99.51666666666667,
            99.99,
            100.0,
            100.0,
            99.95,
            100.0,
            100.0,
            100.0,
            100.0,
            100.0,
            100.0
        ],
        "3": [
            66.81,
            81.86666666666666,
            88.03,
            91.15,
            93.41666666666667,
            93.90666666666667,
            96.87,
            95.27,
            96.81,
            96.40333333333334,
            96.66333333333333,
            97.14,
            97.27,
            97.56333333333333,
            97.97666666666667,
            98.36666666666666,
            98.09666666666666,
            98.12333333333333,
            98.94,
            98.60666666666667,
            100.0,
            98.60333333333334,
            98.92,
            98.71333333333334,
            98.83333333333333,
            99.3,
            99.21333333333334,
            99.05,
            99.10333333333334,
            99.41,
            99.11,
            99.26,
            99.21666666666667,
            99.36666666666666,
            99.69,
            99.17666666666666,
            99.44333333333333,
            99.90666666666667,
            99.46,
            99.75333333333333,
            99.28333333333333,
            99.9,
            99.54,
            99.93333333333334,
            99.38333333333334,
            99.83,
            99.51333333333334,
            99.99333333333334,
            99.98,
            99.99666666666667,
            100.0,
            99.46,
            100.0,
            100.0,
            100.0,
            100.0,
            100.0,
            100.0,
            100.0,
            100.0
        ],