{
    "global_accuracy_history": [
        10.0,
        14.16,
        27.89,
        36.2,
        40.04,
        47.31,
        49.84,
        56.27,
        59.63,
        62.61,
        65.53,
        69.39,
        71.39,
        73.2,
        73.29,
        77.38,
        78.52,
        79.56,
        80.04,
        80.93,
        81.32,
        81.61,
        81.67,
        82.23,
        82.71,
        82.94,
        83.29,
        83.91,
        84.21,
        84.61,
        84.76,
        85.12,
        85.34,
        85.66,
        85.64,
        85.78,
        86.11,
        86.17,
        86.24,
        86.37,
        86.58,
        86.73,
        86.81,
        86.51,
        86.63,
        86.96,
        87.06,
        87.08,
        87.07,
        87.37,
        87.34,
        87.36,
        87.18,
        87.22,
        87.22,
        87.39,
        87.48,
        86.79,
        87.29,
        87.41
    ],
    "local_accuracy_histories": {
        "0": [
            23.616666666666667,
            29.683333333333334,
            28.916666666666668,
            34.4,
            40.666666666666664,
            45.96666666666667,
            50.1,
            53.266666666666666,
            56.63333333333333,
            59.1,
            63.016666666666666,
            65.46666666666667,
            67.63333333333334,
            71.26666666666667,
            71.46666666666667,
            74.76666666666667,
            76.61666666666666,
            78.18333333333334,
            79.28333333333333,
            80.05,
            80.41666666666667,
            81.11666666666666,
            81.5,
            82.06666666666666,
            83.41666666666667,
            83.01666666666667,
            83.45,
            84.06666666666666,
            84.71666666666667,
            84.71666666666667,
            85.11666666666666,
            85.15,
            85.48333333333333,
            85.78333333333333,
            86.08333333333333,
            87.31666666666666,
            86.58333333333333,
            86.6,
            86.98333333333333,
            87.06666666666666,
            87.06666666666666,
            87.3,
            87.58333333333333,
            88.83333333333333,
            88.0,
            88.21666666666667,
            88.43333333333334,
            88.53333333333333,
            88.63333333333334,
            88.76666666666667,
            89.05,
            89.85,
            89.11666666666666,
            89.08333333333333,
            89.7,
            89.53333333333333,
            89.65,
            90.01666666666667,
            90.18333333333334,
            90.06666666666666
        ],
        "1": [
            23.95,
            27.816666666666666,
            29.716666666666665,
            32.5,
            38.916666666666664,
            45.583333333333336,
            49.71666666666667,
            53.9,
            57.2,
            60.93333333333333,
            63.61666666666667,
            65.76666666666667,
            68.06666666666666,
            70.45,
            73.3,
            75.4,
            77.03333333333333,
            78.1,
            78.98333333333333,
            79.91666666666667,
            80.43333333333334,
            80.68333333333334,
            81.35,
            81.81666666666666,
            82.4,
            82.56666666666666,
            83.26666666666667,
            83.31666666666666,
            84.11666666666666,
            84.45,
            85.01666666666667,
            85.18333333333334,
            85.35,
            85.7,
            85.83333333333333,
            86.28333333333333,
            86.38333333333334,
            86.73333333333333,
            86.85,
            87.2,
            87.38333333333334,
            87.65,
            87.73333333333333,
            87.8,
            87.95,
            88.18333333333334,
            88.31666666666666,
            88.56666666666666,
            88.8,
            88.83333333333333,
            89.08333333333333,
            89.6,
            89.63333333333334,
            89.85,
            89.81666666666666,
            90.2,
            90.26666666666667,
            90.08333333333333,
            90.2,
            90.61666666666666
        ],
        "2": [
            24.316666666666666,
            27.4,
            30.25,
            33.833333333333336,
            39.85,
            44.8,
            49.21666666666667,
            52.96666666666667,
            57.15,
            61.28333333333333,
            62.71666666666667,
            65.36666666666666,
            68.36666666666666,
            70.13333333333334,
            74.26666666666667,
            76.23333333333333,
            77.53333333333333,
            78.5,
            79.15,
            79.98333333333333,
            80.51666666666667,
            81.11666666666666,
            81.45,
            82.05,
            82.43333333333334,
            83.01666666666667,
            83.35,
            83.71666666666667,
            84.35,
            85.5,
            85.01666666666667,
            85.3,
            85.65,
            86.01666666666667,
            86.25,
            86.51666666666667,
            86.4,
            86.75,
            86.78333333333333,
            87.18333333333334,
            87.03333333333333,
            87.6,
            87.41666666666667,
            87.58333333333333,
            87.88333333333334,
            88.01666666666667,
            87.98333333333333,
            88.06666666666666,
            88.63333333333334,
            88.6,
            88.63333333333334,
            88.76666666666667,
            89.66666666666667,
            89.36666666666666,
            89.86666666666666,
            89.68333333333334,
            89.53333333333333,
            89.78333333333333,
            90.15,
            89.95
        ],
        "3": [
            25.9,
            27.25,
            29.166666666666668,
            33.5,
            38.833333333333336,
            44.31666666666667,
            49.4,
            53.833333333333336,
            56.03333333333333,
            59.5,
            62.6,
            64.56666666666666,
            66.78333333333333,
            69.93333333333334,
            73.16666666666667,
            75.26666666666667,
            76.86666666666666,
            77.85,
            78.68333333333334,
            79.2,
            80.11666666666666,
            80.3,
            81.01666666666667,
            81.56666666666666,
            82.2,
            82.75,
            83.46666666666667,
            83.35,
            83.85,
            84.13333333333334,
            84.83333333333333,
            85.2,
            85.53333333333333,
            85.61666666666666,
            86.05,
            86.18333333333334,
            86.53333333333333,
            86.86666666666666,
            87.01666666666667,
            87.33333333333333,
            87.25,
            87.56666666666666,
            87.61666666666666,
            87.48333333333333,
            87.66666666666667,
            87.76666666666667,
            88.05,
            88.35,
            88.41666666666667,
            88.55,
            88.61666666666666,
            89.08333333333333,
            89.13333333333334,
            89.31666666666666,
            89.63333333333334,
            89.68333333333334,
            89.96666666666667,
            89.85,
            90.26666666666667,
            90.65
        ],