{
    "global_accuracy_history": [
        14.99,
        14.36,
        85.75,
        77.66,
        85.15,
        88.63,
        88.23,
        89.54,
        89.36,
        89.62,
        90.47,
        90.4,
        90.32,
        90.53,
        90.75,
        90.46,
        90.74,
        90.5,
        90.26,
        90.87,
        90.74,
        90.89,
        91.06,
        90.59,
        91.13,
        90.98,
        91.14,
        90.92,
        91.07,
        90.58,
        90.88,
        91.0,
        90.96,
        90.98,
        90.93,
        91.11,
        90.92,
        91.0,
        90.97,
        91.23,
        91.02,
        90.99,
        90.76,
        91.09,
        90.92,
        90.88,
        91.11,
        90.95,
        90.96,
        91.12,
        91.04,
        91.06,
        91.13,
        91.06,
        90.95,
        91.0,
        91.03,
        90.97,
        90.95,
        90.99
    ],
    "local_accuracy_histories": {
        "0": [
            69.70833587646484,
            90.32167053222656,
            90.65666961669922,
            94.20166778564453,
            95.49833679199219,
            97.12333679199219,
            97.02333068847656,
            97.52333068847656,
            98.9866714477539,
            98.29666900634766,
            98.39500427246094,
            98.87333679199219,
            98.9366683959961,
            99.03166961669922,
            99.0816650390625,
            99.04499816894531,
            100.0,
            99.29000091552734,
            99.26667022705078,
            99.4749984741211,
            99.34000396728516,
            99.49333190917969,
            100.0,
            99.461669921875,
            99.7933349609375,
            99.64167022705078,
            99.97833251953125,
            99.58333587646484,
            99.73500061035156,
            99.58833312988281,
            99.9866714477539,
            99.83000183105469,
            100.0,
            99.77666473388672,
            99.85333251953125,
            99.89167022705078,
            99.8800048828125,
            99.93167114257812,
            99.9383316040039,
            99.92500305175781,
            99.99166870117188,
            99.87000274658203,
            99.90499877929688,
            99.9366683959961,
            99.9800033569336,
            99.86666870117188,
            99.95166778564453,
            99.88333129882812,
            99.9433364868164,
            99.99500274658203,
            100.0,
            99.99833679199219,
            100.0,
            99.99833679199219,
            100.0,
            100.0,
            100.0,
            99.99833679199219,
            100.0,
            99.99666595458984
        ],
        "1": [
            69.47833251953125,
            85.0433349609375,
            90.73333740234375,
            94.8316650390625,
            96.36499786376953,
            97.78333282470703,
            97.7933349609375,
            98.0816650390625,
            98.52000427246094,
            98.41333770751953,
            99.43000030517578,
            98.836669921875,
            98.86499786376953,
            99.12667083740234,
            99.1050033569336,
            99.2066650390625,
            99.25666809082031,
            99.44000244140625,
            99.51667022705078,
            99.45000457763672,
            99.51667022705078,
            99.49666595458984,
            99.57333374023438,
            99.65666961669922,
            99.58833312988281,
            99.57500457763672,
            99.79166412353516,
            99.7683334350586,
            99.80667114257812,
            99.76667022705078,
            99.82167053222656,
            99.78833770751953,
            99.80333709716797,
            99.78333282470703,
            99.92333221435547,
            99.92666625976562,
            99.85833740234375,
            99.94166564941406,
            99.87667083740234,
            99.93499755859375,
            99.92166900634766,
            99.93499755859375,
            99.98333740234375,
            99.98500061035156,
            99.97833251953125,
            99.95500183105469,
            99.99833679199219,
            99.99666595458984,
            100.0,
            99.98999786376953,
            99.99333190917969,
            99.9800033569336,
            99.99333190917969,
            100.0,
            100.0,
            100.0,
            100.0,
            99.99500274658203,
            100.0,
            99.99666595458984
        ],
        "2": [
            70.60333251953125,
            84.84000396728516,
            91.63833618164062,
            94.00167083740234,
            96.39167022705078,
            96.32666778564453,
            97.2550048828125,
            97.75167083740234,
            98.00833129882812,
            98.08499908447266,
            98.30500030517578,
            98.41000366210938,
            98.52000427246094,
            98.95500183105469,
            98.96833801269531,
            99.25666809082031,
            99.07167053222656,
            99.14666748046875,
            99.28333282470703,
            99.38166809082031,
            99.29666900634766,
            99.41000366210938,
            99.5,
            99.5050048828125,
            99.5816650390625,
            99.66666412353516,
            99.65166473388672,
            99.67333221435547,
            99.65166473388672,
            99.74333190917969,
            99.7366714477539,
            99.74833679199219,
            99.88333129882812,
            99.73833465576172,
            99.88500213623047,
            99.79833221435547,
            99.961669921875,
            99.86000061035156,
            99.94667053222656,
            99.97333526611328,
            99.97166442871094,
            99.92666625976562,
            99.961669921875,
            99.98999786376953,
            99.99166870117188,
            99.94499969482422,
            99.99166870117188,
            99.99333190917969,
            99.99166870117188,
            100.0,
            99.99500274658203,
            99.99333190917969,
            99.99500274658203,
            99.99333190917969,
            100.0,
            100.0,
            99.99500274658203,
            100.0,
            100.0,
            99.99666595458984
        ],