{
    "global_accuracy_history": [
        10.07,
        31.9,
        60.49,
        71.48,
        74.78,
        77.78,
        79.77,
        79.62,
        81.61,
        82.41,
        82.39,
        82.73,
        84.73,
        85.31,
        85.59,
        86.27,
        86.4,
        86.48,
        87.15,
        87.43,
        87.81,
        87.94,
        88.15,
        88.11,
        87.8,
        88.49,
        88.22,
        88.98,
        87.81,
        88.58,
        88.83,
        89.0,
        89.04,
        88.61,
        89.16,
        88.99,
        88.4,
        88.93,
        89.28,
        88.65,
        89.2,
        89.08,
        88.63,
        89.28,
        89.25,
        89.53,
        89.71,
        89.27,
        89.4,
        89.21,
        89.92,
        89.26,
        88.99,
        89.08,
        89.68,
        89.12,
        89.56,
        89.69,
        89.33,
        89.16
    ],
    "local_accuracy_histories": {
        "0": [
            30.95,
            42.25833333333333,
            55.13333333333333,
            67.95833333333333,
            73.64166666666667,
            76.34166666666667,
            78.175,
            80.05,
            81.675,
            84.60833333333333,
            84.04166666666667,
            85.91666666666667,
            85.93333333333334,
            86.71666666666667,
            88.625,
            88.15833333333333,
            88.975,
            89.46666666666667,
            89.65833333333333,
            90.075,
            90.90833333333333,
            90.88333333333334,
            91.80833333333334,
            91.51666666666667,
            92.29166666666667,
            92.23333333333333,
            92.225,
            92.7,
            92.60833333333333,
            93.075,
            93.45,
            93.66666666666667,
            93.56666666666666,
            93.875,
            94.25833333333334,
            97.89166666666667,
            94.65833333333333,
            95.09166666666667,
            95.05833333333334,
            94.99166666666666,
            95.09166666666667,
            94.86666666666666,
            96.75833333333334,
            94.95,
            95.73333333333333,
            95.80833333333334,
            95.8,
            96.6,
            96.11666666666666,
            96.16666666666667,
            96.1,
            96.5,
            96.89166666666667,
            97.0,
            96.6,
            97.23333333333333,
            97.025,
            97.05833333333334,
            96.98333333333333,
            97.31666666666666
        ],
        "1": [
            31.516666666666666,
            38.083333333333336,
            55.40833333333333,
            66.60833333333333,
            73.15833333333333,
            76.15833333333333,
            78.45,
            80.64166666666667,
            82.16666666666667,
            83.2,
            84.36666666666666,
            85.26666666666667,
            86.15,
            87.10833333333333,
            87.64166666666667,
            88.80833333333334,
            88.94166666666666,
            89.91666666666667,
            90.53333333333333,
            90.43333333333334,
            91.28333333333333,
            91.74166666666666,
            91.60833333333333,
            91.65,
            91.88333333333334,
            92.44166666666666,
            92.83333333333333,
            93.0,
            93.80833333333334,
            94.83333333333333,
            93.86666666666666,
            94.275,
            94.825,
            94.94166666666666,
            95.35,
            96.0,
            96.90833333333333,
            95.70833333333333,
            96.09166666666667,
            96.60833333333333,
            96.74166666666666,
            99.34166666666667,
            96.18333333333334,
            96.45,
            96.65833333333333,
            96.65833333333333,
            96.71666666666667,
            97.44166666666666,
            97.23333333333333,
            97.875,
            97.63333333333334,
            97.30833333333334,
            97.96666666666667,
            98.675,
            97.875,
            97.88333333333334,
            98.4,
            99.725,
            98.11666666666666,
            98.575
        ],
        "2": [
            33.71666666666667,
            39.291666666666664,
            56.291666666666664,
            67.71666666666667,
            74.025,
            76.66666666666667,
            78.65833333333333,
            80.30833333333334,
            81.80833333333334,
            83.06666666666666,
            84.50833333333334,
            85.18333333333334,
            86.275,
            87.15,
            87.85,
            88.33333333333333,
            89.225,
            89.725,
            90.16666666666667,
            90.48333333333333,
            90.95833333333333,
            91.53333333333333,
            91.99166666666666,
            92.05833333333334,
            92.56666666666666,
            93.21666666666667,
            92.9,
            92.91666666666667,
            93.60833333333333,
            93.64166666666667,
            93.48333333333333,
            93.85833333333333,
            94.53333333333333,
            95.76666666666667,
            94.36666666666666,
            95.0,
            94.91666666666667,
            95.075,
            95.11666666666666,
            95.35,
            95.55,
            95.83333333333333,
            95.48333333333333,
            97.23333333333333,
            96.20833333333333,
            96.05833333333334,
            96.63333333333334,
            96.70833333333333,
            97.35,
            96.73333333333333,
            97.26666666666667,
            96.875,
            97.20833333333333,
            97.46666666666667,
            98.2,
            97.31666666666666,
            96.94166666666666,
            97.7,
            97.325,
            97.89166666666667
        ],
        "3": [
            29.383333333333333,
            40.8,
            53.983333333333334,
            66.45833333333333,
            72.91666666666667,
            76.35833333333333,
            78.725,
            80.43333333333334,
            81.95,
            83.46666666666667,
            84.16666666666667,
            85.0,
            86.04166666666667,
            86.91666666666667,
            87.63333333333334,
            88.35833333333333,
            88.86666666666666,
            89.68333333333334,
            90.14166666666667,
            90.375,
            90.75833333333334,
            91.55,
            92.45833333333333,
            91.975,
            92.33333333333333,
            92.825,
            92.325,
            93.06666666666666,
            93.18333333333334,
            93.525,
            93.61666666666666,
            93.75,
            94.20833333333333,
            93.86666666666666,
            94.61666666666666,
            95.03333333333333,
            94.76666666666667,
            95.45,
            95.01666666666667,
            95.65,
            95.65833333333333,
            95.725,
            95.14166666666667,
            96.15833333333333,
            97.16666666666667,
            95.51666666666667,
            96.38333333333334,
            96.00833333333334,
            96.725,
            96.35833333333333,
            96.09166666666667,
            96.44166666666666,
            96.50833333333334,
            96.625,
            96.70833333333333,
            96.9,
            97.05833333333334,
            97.00833333333334,
            97.74166666666666,
            97.85833333333333
        ],