{
    "global_accuracy_history": [
        10.0,
        28.58,
        64.53,
        80.64,
        84.92,
        87.98,
        88.41,
        88.83,
        88.88,
        89.09,
        88.99,
        89.62,
        90.35,
        90.12,
        90.01,
        90.05,
        90.25,
        89.78,
        89.66,
        90.69,
        90.98,
        91.22,
        91.28,
        91.08,
        90.83,
        91.38,
        90.94,
        90.97,
        90.89,
        91.05,
        91.13,
        91.22,
        90.96,
        90.62,
        90.83,
        91.5,
        90.66,
        91.52,
        91.37,
        91.79,
        90.63,
        91.53,
        91.66,
        91.45,
        91.59,
        91.78,
        91.81,
        91.78,
        91.69,
        91.72,
        91.77,
        91.71,
        91.79,
        91.79,
        91.82,
        91.8,
        91.78,
        91.8,
        91.78,
        91.76
    ],
    "local_accuracy_histories": {
        "0": [
            80.26333333333334,
            84.29,
            87.93666666666667,
            91.1,
            96.06,
            93.87666666666667,
            94.72666666666667,
            96.26,
            95.69666666666667,
            96.7,
            99.29,
            97.21333333333334,
            97.42333333333333,
            97.59,
            97.76333333333334,
            98.37,
            99.97666666666667,
            98.28666666666666,
            98.22666666666667,
            98.8,
            99.99666666666667,
            98.70333333333333,
            99.78,
            98.87333333333333,
            99.12,
            99.35666666666667,
            99.36,
            99.19333333333333,
            99.64333333333333,
            99.22,
            99.62666666666667,
            99.79666666666667,
            99.37666666666667,
            99.32666666666667,
            99.99333333333334,
            99.91,
            99.50333333333333,
            99.97666666666667,
            99.90666666666667,
            99.99666666666667,
            99.32,
            100.0,
            100.0,
            99.88,
            99.97,
            100.0,
            100.0,
            100.0,
            100.0,
            100.0,
            100.0,
            100.0,
            100.0,
            100.0,
            100.0,
            100.0,
            100.0,
            100.0,
            100.0,
            100.0
        ],
        "1": [
            79.98666666666666,
            86.13333333333334,
            88.91333333333333,
            91.51666666666667,
            93.24,
            94.27333333333333,
            95.34333333333333,
            96.49666666666667,
            96.99333333333334,
            96.78,
            97.25666666666666,
            97.33666666666667,
            98.31333333333333,
            97.94,
            97.99333333333334,
            98.42333333333333,
            98.56666666666666,
            98.49666666666667,
            98.66333333333333,
            98.67666666666666,
            98.93333333333334,
            98.94333333333333,
            98.72,
            98.84333333333333,
            99.29666666666667,
            99.4,
            99.75666666666666,
            98.96333333333334,
            99.30666666666667,
            99.28666666666666,
            99.18333333333334,
            99.51666666666667,
            99.3,
            99.52333333333333,
            99.78666666666666,
            99.89333333333333,
            99.98,
            99.98333333333333,
            99.13,
            99.99666666666667,
            100.0,
            99.25666666666666,
            99.99666666666667,
            99.99,
            99.77,
            100.0,
            100.0,
            100.0,
            99.8,
            100.0,
            100.0,
            100.0,
            100.0,
            100.0,
            100.0,
            100.0,
            100.0,
            100.0,
            100.0,
            100.0
        ],
        "2": [
            79.27666666666667,
            84.99333333333334,
            87.68666666666667,
            90.67333333333333,
            92.87,
            93.71,
            94.80333333333333,
            95.34666666666666,
            96.06,
            96.64,
            96.98333333333333,
            97.11,
            97.15,
            97.73333333333333,
            98.14666666666666,
            98.34333333333333,
            98.49333333333334,
            98.42666666666666,
            98.51333333333334,
            98.59333333333333,
            98.94666666666667,
            98.67333333333333,
            98.77666666666667,
            99.16,
            99.07666666666667,
            99.27666666666667,
            99.24333333333334,
            99.27333333333333,
            99.29333333333334,
            100.0,
            99.32666666666667,
            99.60666666666667,
            99.54333333333334,
            99.64666666666666,
            99.97333333333333,
            99.52,
            99.95,
            99.7,
            99.9,
            99.87666666666667,
            99.98666666666666,
            98.94666666666667,
            99.95333333333333,
            100.0,
            100.0,
            100.0,
            100.0,
            100.0,
            100.0,
            100.0,
            100.0,
            100.0,
            100.0,
            100.0,
            100.0,
            100.0,
            100.0,
            100.0,
            100.0,
            100.0
        ],
        "3": [
            79.36333333333333,
            83.75333333333333,
            87.96666666666667,
            90.61666666666666,
            92.82,
            93.54333333333334,
            94.36,
            95.57,
            95.52333333333333,
            96.39333333333333,
            96.85333333333334,
            97.57666666666667,
            97.59,
            98.09333333333333,
            97.92,
            98.22333333333333,
            98.39666666666666,
            98.44333333333333,
            98.66666666666667,
            98.52333333333333,
            98.76333333333334,
            98.97333333333333,
            98.94333333333333,
            98.91,
            99.25333333333333,
            99.15,
            99.17666666666666,
            99.49,
            99.37,
            99.57333333333334,
            99.24333333333334,
            99.89333333333333,
            99.09333333333333,
            99.97666666666667,
            99.34,
            99.85,
            99.39,
            99.30333333333333,
            99.93666666666667,
            100.0,
            99.2,
            99.85666666666667,
            99.73,
            99.97666666666667,
            99.99666666666667,
            100.0,
            99.62666666666667,
            100.0,
            100.0,
            100.0,
            100.0,
            100.0,
            100.0,
            100.0,
            100.0,
            100.0,
            100.0,
            100.0,
            100.0,
            100.0
        ],