{
    "global_accuracy_history": [
        13.26,
        45.74,
        76.76,
        84.14,
        86.29,
        85.95,
        83.23,
        85.09,
        86.15,
        86.14,
        87.8,
        86.8,
        88.37,
        88.22,
        88.72,
        88.86,
        88.74,
        89.35,
        90.44,
        88.52,
        90.5,
        89.31,
        87.14,
        89.67,
        88.04,
        88.46,
        89.5,
        88.94,
        89.6,
        90.2,
        90.79,
        90.26,
        90.64,
        89.51,
        90.38,
        90.35,
        89.48,
        90.76,
        90.46,
        90.88,
        90.85,
        90.44,
        91.3,
        91.11,
        90.86,
        90.9,
        90.61,
        90.93,
        90.89,
        90.69,
        91.12,
        91.16,
        90.87,
        91.01,
        90.55,
        89.4,
        90.31,
        90.2,
        91.06,
        90.09
    ],
    "local_accuracy_histories": {
        "0": [
            59.55,
            75.84166666666667,
            82.45833333333333,
            85.69166666666666,
            87.725,
            89.975,
            89.19166666666666,
            90.65,
            90.61666666666666,
            91.18333333333334,
            92.03333333333333,
            92.08333333333333,
            93.09166666666667,
            93.50833333333334,
            93.75,
            93.8,
            95.975,
            94.45833333333333,
            94.70833333333333,
            96.20833333333333,
            95.24166666666666,
            95.85,
            95.24166666666666,
            96.025,
            95.95833333333333,
            95.98333333333333,
            95.71666666666667,
            96.24166666666666,
            96.46666666666667,
            96.81666666666666,
            96.91666666666667,
            96.85833333333333,
            97.30833333333334,
            96.99166666666666,
            97.70833333333333,
            97.8,
            97.675,
            97.975,
            98.01666666666667,
            97.95833333333333,
            98.03333333333333,
            97.68333333333334,
            98.08333333333333,
            99.01666666666667,
            98.2,
            98.49166666666666,
            98.7,
            98.8,
            98.025,
            98.81666666666666,
            99.125,
            98.89166666666667,
            98.96666666666667,
            98.48333333333333,
            98.975,
            98.5,
            99.10833333333333,
            98.68333333333334,
            99.5,
            99.35833333333333
        ],
        "1": [
            59.475,
            77.15833333333333,
            82.725,
            86.89166666666667,
            88.025,
            89.3,
            90.04166666666667,
            90.8,
            91.46666666666667,
            92.1,
            92.49166666666666,
            93.03333333333333,
            93.35,
            93.95833333333333,
            95.05833333333334,
            94.00833333333334,
            95.91666666666667,
            95.06666666666666,
            95.325,
            95.10833333333333,
            96.325,
            95.05833333333334,
            95.975,
            96.34166666666667,
            96.58333333333333,
            98.30833333333334,
            96.55833333333334,
            96.975,
            97.025,
            97.28333333333333,
            97.24166666666666,
            97.41666666666667,
            97.70833333333333,
            97.79166666666667,
            98.00833333333334,
            97.7,
            98.35,
            98.11666666666666,
            99.14166666666667,
            98.39166666666667,
            98.34166666666667,
            98.875,
            98.79166666666667,
            98.74166666666666,
            99.0,
            99.25833333333334,
            98.96666666666667,
            99.23333333333333,
            98.95833333333333,
            99.45,
            99.26666666666667,
            98.69166666666666,
            99.89166666666667,
            99.225,
            99.19166666666666,
            99.23333333333333,
            99.24166666666666,
            99.86666666666666,
            99.88333333333334,
            99.275
        ],
        "2": [
            56.30833333333333,
            77.64166666666667,
            82.88333333333334,
            85.78333333333333,
            87.9,
            89.075,
            89.625,
            89.89166666666667,
            90.69166666666666,
            91.025,
            91.93333333333334,
            94.05833333333334,
            92.51666666666667,
            92.68333333333334,
            97.63333333333334,
            93.275,
            94.36666666666666,
            94.16666666666667,
            94.375,
            94.68333333333334,
            95.075,
            94.90833333333333,
            96.3,
            95.53333333333333,
            95.96666666666667,
            97.1,
            96.51666666666667,
            96.48333333333333,
            96.70833333333333,
            96.7,
            96.93333333333334,
            97.38333333333334,
            97.55833333333334,
            97.34166666666667,
            97.10833333333333,
            97.51666666666667,
            97.56666666666666,
            97.575,
            97.75833333333334,
            97.48333333333333,
            98.50833333333334,
            97.99166666666666,
            98.3,
            97.58333333333333,
            98.2,
            98.475,
            97.95833333333333,
            99.11666666666666,
            98.425,
            99.26666666666667,
            98.78333333333333,
            98.93333333333334,
            99.38333333333334,
            99.44166666666666,
            99.35833333333333,
            98.96666666666667,
            99.68333333333334,
            98.95833333333333,
            99.48333333333333,
            98.76666666666667
        ],
        "3": [
            58.525,
            77.41666666666667,
            81.76666666666667,
            85.80833333333334,
            87.51666666666667,
            88.85833333333333,
            89.41666666666667,
            90.33333333333333,
            91.50833333333334,
            91.5,
            92.1,
            92.625,
            93.16666666666667,
            93.375,
            93.425,
            93.66666666666667,
            94.11666666666666,
            94.1,
            95.13333333333334,
            95.0,
            95.15833333333333,
            95.11666666666666,
            96.21666666666667,
            96.83333333333333,
            96.19166666666666,
            97.60833333333333,
            96.43333333333334,
            97.09166666666667,
            96.975,
            96.825,
            97.34166666666667,
            97.36666666666666,
            97.38333333333334,
            98.16666666666667,
            98.11666666666666,
            97.98333333333333,
            97.51666666666667,
            98.525,
            97.925,
            99.30833333333334,
            98.825,
            97.75833333333334,
            98.65833333333333,
            99.15,
            98.94166666666666,
            98.63333333333334,
            98.80833333333334,
            99.275,
            98.55833333333334,
            99.15833333333333,
            98.45833333333333,
            99.34166666666667,
            99.3,
            98.575,
            99.4,
            98.58333333333333,
            99.6,
            99.90833333333333,
            99.55833333333334,
            99.60833333333333
        ],