{
    "global_accuracy_history": [
        15.46,
        34.66,
        75.32,
        84.76,
        85.73,
        86.68,
        87.22,
        87.86,
        87.75,
        88.3,
        88.8,
        88.52,
        88.23,
        88.77,
        88.67,
        89.08,
        88.96,
        88.57,
        88.84,
        88.87,
        89.18,
        88.88,
        89.0,
        89.32,
        89.29,
        89.1,
        89.05,
        89.24,
        89.23,
        89.54,
        89.2,
        89.26,
        89.62,
        89.18,
        88.96,
        89.34,
        89.79,
        89.2,
        89.42,
        89.35,
        89.22,
        89.49,
        89.24,
        89.37,
        89.58,
        89.8,
        89.78,
        89.39,
        89.36,
        89.82,
        88.56,
        89.62,
        89.36,
        89.97,
        89.91,
        89.19,
        89.89,
        90.09,
        89.51,
        90.24
    ],
    "local_accuracy_histories": {
        "0": [
            61.585,
            78.44333333333333,
            88.67333333333333,
            93.33,
            95.99833333333333,
            96.48,
            96.96166666666667,
            97.34666666666666,
            97.575,
            98.085,
            98.21,
            98.38833333333334,
            98.725,
            98.815,
            100.0,
            98.865,
            99.04166666666667,
            99.09833333333333,
            99.15333333333334,
            99.07833333333333,
            99.36666666666666,
            99.49333333333334,
            99.29166666666667,
            99.43666666666667,
            99.44,
            99.37666666666667,
            99.50333333333333,
            99.455,
            99.66,
            99.59833333333333,
            99.56,
            99.67833333333333,
            99.62833333333333,
            99.525,
            99.775,
            99.59166666666667,
            99.55,
            99.77833333333334,
            99.86333333333333,
            99.77166666666666,
            99.825,
            99.75166666666667,
            99.87166666666667,
            99.79,
            99.745,
            99.92833333333333,
            99.95333333333333,
            99.78333333333333,
            99.77333333333333,
            99.98666666666666,
            99.64833333333333,
            100.0,
            99.83,
            99.99333333333334,
            99.995,
            99.72666666666667,
            99.85,
            100.0,
            99.86166666666666,
            100.0
        ],
        "1": [
            62.778333333333336,
            77.55666666666667,
            89.41166666666666,
            93.865,
            96.25166666666667,
            98.63166666666666,
            97.335,
            98.09166666666667,
            98.21666666666667,
            98.28833333333333,
            98.61,
            98.56333333333333,
            98.71666666666667,
            98.73666666666666,
            98.96833333333333,
            98.98666666666666,
            99.13333333333334,
            99.625,
            99.225,
            99.20333333333333,
            99.29833333333333,
            99.48,
            99.37166666666667,
            99.455,
            99.44666666666667,
            99.425,
            99.50166666666667,
            99.50166666666667,
            99.47666666666667,
            99.52666666666667,
            99.58666666666667,
            99.69,
            99.68166666666667,
            99.66666666666667,
            99.72666666666667,
            99.72,
            99.79166666666667,
            99.75166666666667,
            99.77666666666667,
            99.855,
            99.91166666666666,
            99.75,
            99.76833333333333,
            99.78833333333333,
            99.83333333333333,
            99.94,
            99.97833333333334,
            99.88666666666667,
            99.89333333333333,
            99.93666666666667,
            99.99,
            99.93,
            99.71833333333333,
            99.82666666666667,
            99.99333333333334,
            99.98166666666667,
            100.0,
            99.77833333333334,
            99.985,
            99.995
        ],
        "2": [
            63.236666666666665,
            78.25,
            88.65666666666667,
            93.69166666666666,
            95.46666666666667,
            96.7,
            97.34166666666667,
            97.47,
            97.63666666666667,
            98.14,
            98.52,
            98.28333333333333,
            98.55166666666666,
            98.68333333333334,
            98.67833333333333,
            98.975,
            99.08833333333334,
            99.06166666666667,
            99.22166666666666,
            99.13666666666667,
            99.695,
            99.075,
            99.26333333333334,
            99.27833333333334,
            99.26833333333333,
            99.22,
            99.515,
            99.285,
            99.44333333333333,
            99.32833333333333,
            99.365,
            99.76333333333334,
            99.41166666666666,
            99.525,
            99.63666666666667,
            99.595,
            99.53666666666666,
            99.76833333333333,
            99.53833333333333,
            99.705,
            99.82166666666667,
            99.6,
            99.75333333333333,
            99.76333333333334,
            99.75,
            99.905,
            99.59166666666667,
            99.92333333333333,
            99.70166666666667,
            99.74333333333334,
            99.79166666666667,
            99.94666666666667,
            100.0,
            99.63833333333334,
            99.77666666666667,
            99.965,
            99.99833333333333,
            99.68166666666667,
            99.94166666666666,
            99.67166666666667
        ],
        "3": [
            59.67666666666667,
            78.55333333333333,
            89.53333333333333,
            93.69166666666666,
            95.50666666666666,
            96.405,
            97.025,
            97.52166666666666,
            97.89333333333333,
            98.20666666666666,
            98.695,
            98.27833333333334,
            99.25833333333334,
            98.405,
            98.915,
            98.80166666666666,
            98.81666666666666,
            98.945,
            99.005,
            99.095,
            99.265,
            99.07666666666667,
            99.15,
            99.25666666666666,
            99.20333333333333,
            99.8,
            99.285,
            99.33833333333334,
            99.39833333333333,
            99.47833333333334,
            99.46333333333334,
            99.49166666666666,
            99.4,
            99.51,
            99.58166666666666,
            99.50833333333334,
            99.69166666666666,
            99.69666666666667,
            99.59666666666666,
            99.64166666666667,
            99.66,
            100.0,
            99.75833333333334,
            99.67,
            99.89333333333333,
            99.905,
            99.78166666666667,
            99.945,
            99.79833333333333,
            99.69833333333334,
            99.75666666666666,
            99.825,
            99.715,
            99.98666666666666,
            99.805,
            99.925,
            99.76166666666667,
            99.975,
            99.98666666666666,
            100.0
        ],