{
    "global_accuracy_history": [
        10.0,
        10.94,
        70.6,
        86.3,
        88.16,
        89.22,
        88.56,
        90.42,
        90.6,
        90.48,
        91.05,
        91.03,
        90.01,
        90.96,
        90.33,
        91.81,
        91.17,
        91.25,
        91.11,
        91.82,
        92.0,
        91.79,
        91.56,
        91.75,
        91.71,
        91.93,
        91.59,
        91.7,
        91.9,
        91.92,
        91.75,
        91.68,
        91.74,
        91.89,
        91.57,
        91.8,
        91.83,
        91.59,
        91.78,
        91.88,
        91.93,
        91.73,
        92.16,
        92.0,
        91.99,
        91.88,
        91.97,
        91.95,
        91.85,
        92.05,
        91.82,
        91.84,
        91.9,
        91.92,
        91.92,
        92.07,
        92.04,
        91.95,
        92.03,
        92.05
    ],
    "local_accuracy_histories": {
        "0": [
            85.25666809082031,
            88.30000305175781,
            91.27000427246094,
            93.27333068847656,
            95.63500213623047,
            96.16000366210938,
            97.35333251953125,
            97.66000366210938,
            98.22333526611328,
            98.39167022705078,
            99.08833312988281,
            98.59333801269531,
            98.92166900634766,
            99.1933364868164,
            99.0616683959961,
            99.21500396728516,
            99.24166870117188,
            99.40666961669922,
            99.49500274658203,
            99.55500030517578,
            99.5683364868164,
            99.47666931152344,
            99.54666900634766,
            99.70000457763672,
            99.6433334350586,
            99.69000244140625,
            99.6866683959961,
            99.60833740234375,
            99.77000427246094,
            99.79499816894531,
            99.836669921875,
            99.85166931152344,
            99.80500030517578,
            99.8316650390625,
            99.86000061035156,
            99.93333435058594,
            99.9749984741211,
            99.81500244140625,
            99.9800033569336,
            99.95000457763672,
            99.93000030517578,
            99.99166870117188,
            99.99666595458984,
            99.99333190917969,
            99.99833679199219,
            99.98999786376953,
            99.9749984741211,
            99.98999786376953,
            99.99833679199219,
            100.0,
            99.99333190917969,
            99.98999786376953,
            99.98333740234375,
            100.0,
            99.99833679199219,
            99.99833679199219,
            100.0,
            100.0,
            100.0,
            100.0
        ],
        "1": [
            85.36499786376953,
            88.60833740234375,
            91.52833557128906,
            94.12166595458984,
            95.76166534423828,
            96.80500030517578,
            97.5633316040039,
            98.16000366210938,
            98.95000457763672,
            98.55333709716797,
            98.44499969482422,
            98.8183364868164,
            98.87667083740234,
            99.32333374023438,
            99.16500091552734,
            99.18000030517578,
            99.3116683959961,
            99.52666473388672,
            99.45833587646484,
            99.52166748046875,
            99.49666595458984,
            99.54666900634766,
            99.54166412353516,
            99.74500274658203,
            99.73333740234375,
            99.75167083740234,
            99.65499877929688,
            99.73333740234375,
            99.77666473388672,
            99.8800048828125,
            99.79833221435547,
            99.84333801269531,
            99.87000274658203,
            99.91166687011719,
            99.91500091552734,
            99.83833312988281,
            99.88833618164062,
            99.98500061035156,
            99.98999786376953,
            99.9000015258789,
            99.9816665649414,
            99.87667083740234,
            99.90499877929688,
            99.9000015258789,
            99.99666595458984,
            99.9383316040039,
            99.9749984741211,
            99.97166442871094,
            100.0,
            99.98833465576172,
            99.99833679199219,
            99.98833465576172,
            100.0,
            99.92333221435547,
            99.99500274658203,
            99.99833679199219,
            100.0,
            100.0,
            100.0,
            100.0
        ],
        "2": [
            85.55000305175781,
            87.92333221435547,
            95.50666809082031,
            93.17333221435547,
            98.0683364868164,
            95.65166473388672,
            97.08000183105469,
            97.35166931152344,
            97.93167114257812,
            98.49333190917969,
            98.30833435058594,
            98.52166748046875,
            98.82500457763672,
            98.95500183105469,
            99.13333129882812,
            99.33499908447266,
            99.12000274658203,
            99.27666473388672,
            99.3316650390625,
            99.46333312988281,
            99.58833312988281,
            99.55000305175781,
            99.55333709716797,
            99.6066665649414,
            99.875,
            99.6866683959961,
            99.66333770751953,
            99.73333740234375,
            99.84500122070312,
            99.78500366210938,
            99.76333618164062,
            99.8183364868164,
            99.83000183105469,
            99.9366683959961,
            99.90499877929688,
            99.90666961669922,
            99.92166900634766,
            99.99833679199219,
            99.97000122070312,
            99.961669921875,
            99.87000274658203,
            99.99333190917969,
            99.90666961669922,
            99.91999816894531,
            99.99333190917969,
            99.98500061035156,
            99.99833679199219,
            99.99500274658203,
            100.0,
            99.95000457763672,
            99.99666595458984,
            99.99833679199219,
            100.0,
            99.99333190917969,
            100.0,
            99.99666595458984,
            100.0,
            99.97666931152344,
            100.0,
            100.0
        ],