{
    "global_accuracy_history": [
        10.01,
        20.3,
        51.21,
        81.19,
        85.47,
        85.79,
        86.81,
        87.88,
        88.21,
        87.91,
        87.81,
        88.28,
        88.5,
        88.8,
        88.8,
        88.95,
        89.31,
        89.48,
        89.42,
        89.23,
        89.6,
        89.36,
        89.46,
        89.23,
        89.71,
        89.32,
        89.04,
        89.61,
        89.36,
        89.37,
        89.53,
        89.55,
        89.31,
        89.68,
        89.01,
        89.29,
        89.59,
        89.29,
        89.6,
        89.38,
        89.56,
        89.32,
        89.56,
        89.46,
        89.42,
        89.36,
        89.4,
        89.26,
        89.46,
        89.16,
        89.36,
        89.33,
        89.49,
        89.39,
        89.48,
        89.46,
        89.48,
        89.44,
        89.49,
        89.55
    ],
    "local_accuracy_histories": {
        "0": [
            63.89833333333333,
            71.23,
            88.16666666666667,
            92.72166666666666,
            95.5,
            96.60166666666667,
            97.99666666666667,
            97.045,
            97.60333333333334,
            98.07166666666667,
            98.33666666666667,
            98.54,
            98.76166666666667,
            98.71166666666667,
            99.04,
            98.87333333333333,
            100.0,
            99.16,
            98.99833333333333,
            99.055,
            99.165,
            99.14333333333333,
            100.0,
            99.365,
            99.36833333333334,
            99.40166666666667,
            99.435,
            99.80166666666666,
            99.52333333333333,
            99.59833333333333,
            99.74666666666667,
            99.65333333333334,
            99.64333333333333,
            99.67833333333333,
            99.72166666666666,
            99.68,
            99.93,
            99.78666666666666,
            99.815,
            99.75833333333334,
            99.98666666666666,
            99.85166666666667,
            99.99166666666666,
            99.86333333333333,
            99.99833333333333,
            99.84833333333333,
            99.905,
            99.87833333333333,
            99.94,
            99.95,
            99.98833333333333,
            99.91666666666667,
            99.99333333333334,
            99.97333333333333,
            99.99333333333334,
            99.995,
            99.99666666666667,
            99.99666666666667,
            100.0,
            100.0
        ],
        "1": [
            59.18666666666667,
            78.095,
            88.435,
            94.35833333333333,
            95.80166666666666,
            97.04666666666667,
            97.295,
            97.98833333333333,
            97.89333333333333,
            98.235,
            98.38166666666666,
            98.60666666666667,
            98.60166666666667,
            98.89,
            98.90666666666667,
            99.25,
            99.09333333333333,
            99.08333333333333,
            99.10333333333334,
            99.125,
            99.37,
            99.37166666666667,
            99.39333333333333,
            99.39333333333333,
            99.45,
            99.62666666666667,
            99.67666666666666,
            99.66,
            99.6,
            99.665,
            99.80833333333334,
            99.64,
            99.72333333333333,
            99.77833333333334,
            99.80166666666666,
            99.765,
            99.94833333333334,
            99.93166666666667,
            99.94166666666666,
            99.89166666666667,
            99.895,
            99.95,
            99.95166666666667,
            99.97333333333333,
            99.98666666666666,
            99.98333333333333,
            100.0,
            99.99166666666666,
            99.985,
            99.995,
            99.99166666666666,
            99.99833333333333,
            99.985,
            100.0,
            99.995,
            99.99833333333333,
            100.0,
            99.99666666666667,
            100.0,
            100.0
        ],
        "2": [
            60.178333333333335,
            76.415,
            88.15166666666667,
            93.06,
            95.57666666666667,
            96.39166666666667,
            97.72166666666666,
            97.26,
            97.76,
            98.00833333333334,
            98.29333333333334,
            98.36166666666666,
            98.53666666666666,
            98.78,
            98.70166666666667,
            98.885,
            98.80333333333333,
            98.93833333333333,
            99.17166666666667,
            99.22333333333333,
            99.31,
            99.41833333333334,
            99.355,
            99.64166666666667,
            99.46833333333333,
            99.615,
            99.75166666666667,
            99.54333333333334,
            99.67,
            99.61166666666666,
            99.63166666666666,
            99.605,
            99.705,
            99.74,
            99.765,
            99.79666666666667,
            99.785,
            99.9,
            99.89166666666667,
            99.87,
            99.84833333333333,
            99.86,
            99.89333333333333,
            99.96,
            99.95833333333333,
            99.97166666666666,
            99.98833333333333,
            99.985,
            99.99333333333334,
            99.97333333333333,
            99.99333333333334,
            99.97166666666666,
            99.99666666666667,
            99.99833333333333,
            100.0,
            100.0,
            100.0,
            100.0,
            100.0,
            99.99833333333333
        ],
        "3": [
            60.916666666666664,
            77.135,
            87.82166666666667,
            93.34166666666667,
            95.70333333333333,
            96.08,
            97.33,
            97.50333333333333,
            97.98,
            98.175,
            98.33833333333334,
            98.53,
            98.725,
            98.66333333333333,
            98.81666666666666,
            98.835,
            98.80666666666667,
            99.06833333333333,
            99.07,
            99.17166666666667,
            99.23166666666667,
            99.33666666666667,
            99.41,
            99.42833333333333,
            99.40666666666667,
            99.60166666666667,
            99.50166666666667,
            99.56333333333333,
            99.50166666666667,
            99.50166666666667,
            99.585,
            99.67833333333333,
            99.61166666666666,
            99.72,
            99.58833333333334,
            99.69166666666666,
            99.81666666666666,
            99.69,
            99.92166666666667,
            99.82166666666667,
            99.795,
            99.75833333333334,
            99.93833333333333,
            99.81333333333333,
            99.90833333333333,
            99.89833333333333,
            99.94666666666667,
            99.96166666666667,
            99.97666666666667,
            100.0,
            99.935,
            99.98666666666666,
            99.99666666666667,
            99.985,
            99.98833333333333,
            100.0,
            99.99166666666666,
            100.0,
            99.99833333333333,
            100.0
        ],