{
    "global_accuracy_history": [
        12.73,
        24.83,
        80.42,
        86.03,
        82.66,
        87.03,
        88.48,
        89.7,
        88.91,
        89.01,
        89.39,
        90.13,
        89.87,
        90.43,
        90.07,
        90.04,
        90.19,
        90.79,
        90.99,
        90.58,
        90.5,
        90.85,
        91.04,
        90.76,
        90.77,
        90.98,
        90.79,
        91.1,
        91.39,
        91.25,
        90.81,
        90.73,
        90.93,
        90.74,
        91.02,
        91.11,
        91.34,
        91.15,
        91.23,
        91.13,
        91.29,
        91.23,
        91.28,
        91.26,
        91.31,
        91.23,
        91.29,
        91.2,
        91.26,
        91.3,
        91.3,
        91.28,
        91.27,
        91.32,
        91.31,
        91.33,
        91.29,
        91.3,
        91.32,
        91.29
    ],
    "local_accuracy_histories": {
        "0": [
            66.66666666666667,
            82.13333333333334,
            88.09333333333333,
            91.37,
            93.79,
            94.22666666666667,
            95.37333333333333,
            95.90333333333334,
            96.13333333333334,
            96.80666666666667,
            97.11,
            97.51666666666667,
            97.69666666666667,
            97.74,
            98.4,
            98.13333333333334,
            99.99666666666667,
            98.54333333333334,
            98.43666666666667,
            98.73,
            98.69,
            98.66666666666667,
            98.98,
            99.20666666666666,
            99.09666666666666,
            99.22666666666667,
            99.33333333333333,
            99.26333333333334,
            99.61666666666666,
            99.20666666666666,
            99.50666666666666,
            100.0,
            99.71666666666667,
            99.75666666666666,
            99.91333333333333,
            99.95333333333333,
            99.96666666666667,
            99.74,
            99.97666666666667,
            99.97,
            100.0,
            100.0,
            100.0,
            100.0,
            100.0,
            100.0,
            100.0,
            100.0,
            100.0,
            100.0,
            100.0,
            100.0,
            100.0,
            100.0,
            100.0,
            100.0,
            100.0,
            100.0,
            100.0,
            100.0
        ],
        "1": [
            67.26333333333334,
            81.37333333333333,
            88.52333333333333,
            91.95666666666666,
            93.76,
            95.75333333333333,
            96.2,
            96.33666666666667,
            96.94,
            97.37333333333333,
            97.42,
            97.98666666666666,
            97.84,
            98.67333333333333,
            98.33333333333333,
            98.57333333333334,
            98.84333333333333,
            98.68333333333334,
            98.74,
            98.99,
            99.65333333333334,
            99.10333333333334,
            99.36,
            99.05333333333333,
            99.23,
            99.34333333333333,
            99.54,
            99.44333333333333,
            99.72333333333333,
            99.7,
            99.88,
            99.91,
            99.65,
            99.88333333333334,
            99.88333333333334,
            99.94333333333333,
            99.89666666666666,
            99.99666666666667,
            99.97,
            99.97666666666667,
            100.0,
            100.0,
            100.0,
            100.0,
            100.0,
            100.0,
            100.0,
            100.0,
            100.0,
            100.0,
            100.0,
            100.0,
            100.0,
            100.0,
            100.0,
            100.0,
            100.0,
            100.0,
            100.0,
            100.0
        ],
        "2": [
            68.45666666666666,
            81.01333333333334,
            87.95666666666666,
            91.93333333333334,
            93.84333333333333,
            94.83,
            95.82,
            96.18333333333334,
            96.63,
            97.03333333333333,
            97.50333333333333,
            97.78333333333333,
            98.19,
            97.99,
            98.45666666666666,
            98.36666666666666,
            98.40333333333334,
            98.60333333333334,
            98.90333333333334,
            99.12,
            99.06666666666666,
            98.81,
            99.59666666666666,
            99.09,
            99.49666666666667,
            99.31666666666666,
            99.25,
            99.66,
            99.58666666666667,
            99.67666666666666,
            99.70666666666666,
            99.83333333333333,
            99.58666666666667,
            99.78333333333333,
            99.99666666666667,
            99.92,
            99.71333333333334,
            99.96666666666667,
            99.85666666666667,
            100.0,
            100.0,
            100.0,
            100.0,
            100.0,
            100.0,
            100.0,
            100.0,
            100.0,
            100.0,
            100.0,
            100.0,
            100.0,
            100.0,
            100.0,
            100.0,
            100.0,
            100.0,
            100.0,
            100.0,
            100.0
        ],
        "3": [
            67.7,
            82.31666666666666,
            87.63666666666667,
            90.95,
            94.05,
            95.43666666666667,
            95.27333333333333,
            95.36,
            97.12,
            96.45,
            96.72333333333333,
            97.28,
            97.39,
            97.56,
            98.28333333333333,
            98.36,
            98.36666666666666,
            98.78666666666666,
            98.84,
            98.77666666666667,
            98.73333333333333,
            99.01333333333334,
            99.01666666666667,
            99.90666666666667,
            98.92,
            99.65333333333334,
            99.10333333333334,
            99.17666666666666,
            99.44666666666667,
            99.61333333333333,
            99.75666666666666,
            99.69,
            99.62333333333333,
            99.68,
            99.88,
            99.61333333333333,
            99.69333333333333,
            99.97333333333333,
            99.99666666666667,
            99.97666666666667,
            99.99333333333334,
            100.0,
            100.0,
            100.0,
            100.0,
            100.0,
            100.0,
            100.0,
            100.0,
            100.0,
            100.0,
            100.0,
            100.0,
            100.0,
            100.0,
            100.0,
            100.0,
            100.0,
            100.0,
            100.0
        ],