{
    "global_accuracy_history": [
        10.81,
        41.06,
        73.39,
        79.85,
        82.21,
        83.74,
        84.18,
        85.09,
        86.15,
        86.11,
        86.1,
        86.87,
        87.61,
        87.56,
        87.5,
        87.82,
        88.5,
        88.77,
        87.89,
        88.49,
        88.84,
        89.03,
        89.24,
        89.41,
        89.49,
        89.15,
        89.53,
        89.66,
        89.32,
        89.58,
        89.56,
        89.6,
        89.64,
        89.72,
        89.86,
        89.77,
        89.9,
        89.5,
        89.91,
        89.61,
        89.89,
        89.69,
        89.9,
        89.65,
        89.93,
        89.73,
        89.9,
        89.78,
        89.89,
        89.93,
        89.71,
        89.97,
        89.81,
        89.95,
        90.1,
        89.71,
        89.79,
        89.86,
        89.79,
        90.0
    ],
    "local_accuracy_histories": {
        "0": [
            38.541666666666664,
            54.025,
            70.3,
            78.375,
            81.59166666666667,
            83.91666666666667,
            85.35833333333333,
            87.00833333333334,
            87.54166666666667,
            88.48333333333333,
            88.825,
            89.625,
            89.79166666666667,
            90.5,
            90.59166666666667,
            91.38333333333334,
            91.7,
            92.475,
            96.60833333333333,
            92.95,
            94.09166666666667,
            93.68333333333334,
            94.25,
            94.45,
            94.35833333333333,
            95.19166666666666,
            94.94166666666666,
            95.54166666666667,
            95.06666666666666,
            95.725,
            96.28333333333333,
            95.6,
            96.175,
            96.93333333333334,
            96.25,
            96.65,
            97.33333333333333,
            97.36666666666666,
            96.775,
            97.60833333333333,
            97.55,
            99.41666666666667,
            97.89166666666667,
            98.09166666666667,
            98.125,
            98.26666666666667,
            98.46666666666667,
            98.26666666666667,
            98.76666666666667,
            99.85,
            98.55833333333334,
            99.65833333333333,
            99.24166666666666,
            99.06666666666666,
            99.91666666666667,
            99.14166666666667,
            99.64166666666667,
            99.725,
            99.28333333333333,
            99.49166666666666
        ],
        "1": [
            38.05,
            54.1,
            70.28333333333333,
            78.06666666666666,
            81.275,
            83.51666666666667,
            85.66666666666667,
            86.95,
            88.33333333333333,
            89.38333333333334,
            89.50833333333334,
            90.26666666666667,
            91.03333333333333,
            91.60833333333333,
            91.99166666666666,
            92.6,
            92.925,
            93.50833333333334,
            93.8,
            93.95,
            94.38333333333334,
            98.41666666666667,
            94.58333333333333,
            94.8,
            95.11666666666666,
            95.24166666666666,
            95.8,
            95.6,
            96.10833333333333,
            96.13333333333334,
            99.46666666666667,
            96.61666666666666,
            99.58333333333333,
            96.29166666666667,
            96.81666666666666,
            97.50833333333334,
            97.2,
            99.64166666666667,
            97.84166666666667,
            98.1,
            97.93333333333334,
            98.25,
            98.5,
            98.21666666666667,
            98.675,
            98.9,
            98.9,
            98.94166666666666,
            99.0,
            99.025,
            98.86666666666666,
            98.925,
            99.26666666666667,
            99.08333333333333,
            99.525,
            99.3,
            99.71666666666667,
            99.36666666666666,
            99.43333333333334,
            99.93333333333334
        ],
        "2": [
            39.708333333333336,
            54.2,
            71.54166666666667,
            78.35,
            82.24166666666666,
            83.28333333333333,
            85.125,
            86.45833333333333,
            87.69166666666666,
            88.425,
            89.2,
            89.71666666666667,
            90.56666666666666,
            91.3,
            91.775,
            92.475,
            92.00833333333334,
            92.76666666666667,
            92.64166666666667,
            92.8,
            94.18333333333334,
            94.11666666666666,
            94.825,
            94.35,
            94.81666666666666,
            95.175,
            95.05833333333334,
            95.525,
            96.28333333333333,
            95.85833333333333,
            96.18333333333334,
            96.58333333333333,
            96.58333333333333,
            98.29166666666667,
            96.49166666666666,
            96.675,
            97.21666666666667,
            97.4,
            96.95,
            97.575,
            97.66666666666667,
            97.95,
            97.5,
            97.78333333333333,
            98.15833333333333,
            97.75,
            98.175,
            98.20833333333333,
            98.55833333333334,
            98.5,
            98.90833333333333,
            98.76666666666667,
            99.00833333333334,
            99.13333333333334,
            99.50833333333334,
            98.975,
            99.075,
            99.54166666666667,
            99.08333333333333,
            99.40833333333333
        ],
        "3": [
            39.25,
            52.75833333333333,
            70.51666666666667,
            78.05833333333334,
            81.175,
            83.55,
            84.75833333333334,
            86.44166666666666,
            87.49166666666666,
            88.35,
            89.15833333333333,
            90.125,
            90.675,
            91.25833333333334,
            91.6,
            91.96666666666667,
            92.14166666666667,
            92.91666666666667,
            93.46666666666667,
            93.55,
            93.49166666666666,
            94.13333333333334,
            94.43333333333334,
            94.54166666666667,
            95.01666666666667,
            95.51666666666667,
            95.46666666666667,
            95.45,
            96.15833333333333,
            96.15833333333333,
            96.375,
            96.5,
            96.65833333333333,
            96.54166666666667,
            96.93333333333334,
            97.49166666666666,
            97.28333333333333,
            97.85833333333333,
            98.14166666666667,
            98.125,
            97.94166666666666,
            98.51666666666667,
            99.0,
            99.15,
            98.60833333333333,
            98.75,
            98.975,
            99.08333333333333,
            99.01666666666667,
            99.28333333333333,
            99.275,
            99.35833333333333,
            99.28333333333333,
            99.475,
            99.6,
            99.45833333333333,
            99.59166666666667,
            99.63333333333334,
            99.70833333333333,
            99.66666666666667
        ],