{
    "global_accuracy_history": [
        10.38,
        39.4,
        67.25,
        79.01,
        81.52,
        82.11,
        83.24,
        84.05,
        85.24,
        85.42,
        86.2,
        86.08,
        84.96,
        85.45,
        87.16,
        86.51,
        87.4,
        87.15,
        87.84,
        88.43,
        87.98,
        88.32,
        88.87,
        88.58,
        88.91,
        88.81,
        88.43,
        89.0,
        89.44,
        89.59,
        89.58,
        89.24,
        89.02,
        89.96,
        89.74,
        89.44,
        89.84,
        90.0,
        90.1,
        89.86,
        90.17,
        89.88,
        89.64,
        89.81,
        90.2,
        89.98,
        90.01,
        90.12,
        90.09,
        89.78,
        89.65,
        89.98,
        90.02,
        89.5,
        89.43,
        89.93,
        89.32,
        89.22,
        89.92,
        89.75
    ],
    "local_accuracy_histories": {
        "0": [
            36.61666666666667,
            49.166666666666664,
            68.81666666666666,
            77.55,
            79.6,
            81.86666666666666,
            82.28333333333333,
            83.71666666666667,
            84.31666666666666,
            84.8,
            85.68333333333334,
            86.58333333333333,
            86.98333333333333,
            89.51666666666667,
            87.58333333333333,
            88.26666666666667,
            91.2,
            88.71666666666667,
            89.08333333333333,
            89.1,
            89.7,
            89.9,
            89.98333333333333,
            90.05,
            90.28333333333333,
            91.23333333333333,
            90.93333333333334,
            93.55,
            91.53333333333333,
            91.73333333333333,
            91.78333333333333,
            92.48333333333333,
            95.28333333333333,
            92.83333333333333,
            93.15,
            93.7,
            93.75,
            93.96666666666667,
            93.8,
            93.88333333333334,
            94.08333333333333,
            94.91666666666667,
            94.46666666666667,
            95.96666666666667,
            95.0,
            95.91666666666667,
            95.43333333333334,
            95.78333333333333,
            95.51666666666667,
            95.65,
            96.25,
            98.05,
            96.28333333333333,
            96.46666666666667,
            97.0,
            96.73333333333333,
            96.63333333333334,
            96.96666666666667,
            97.08333333333333,
            97.16666666666667
        ],
        "1": [
            35.61666666666667,
            51.05,
            67.98333333333333,
            77.51666666666667,
            80.2,
            81.88333333333334,
            83.23333333333333,
            84.48333333333333,
            85.08333333333333,
            85.91666666666667,
            86.5,
            86.55,
            87.56666666666666,
            88.06666666666666,
            88.43333333333334,
            88.81666666666666,
            89.21666666666667,
            89.48333333333333,
            90.13333333333334,
            90.98333333333333,
            90.66666666666667,
            91.2,
            91.4,
            91.4,
            91.93333333333334,
            92.1,
            92.25,
            92.85,
            92.71666666666667,
            92.58333333333333,
            93.1,
            93.15,
            93.36666666666666,
            93.88333333333334,
            94.08333333333333,
            93.83333333333333,
            94.36666666666666,
            94.6,
            95.05,
            94.76666666666667,
            95.58333333333333,
            95.38333333333334,
            95.43333333333334,
            96.16666666666667,
            96.0,
            96.1,
            95.93333333333334,
            96.43333333333334,
            96.1,
            96.66666666666667,
            97.31666666666666,
            96.81666666666666,
            97.21666666666667,
            97.7,
            97.88333333333334,
            98.13333333333334,
            98.26666666666667,
            98.36666666666666,
            98.43333333333334,
            98.35
        ],
        "2": [
            40.18333333333333,
            51.266666666666666,
            67.01666666666667,
            76.78333333333333,
            79.86666666666666,
            81.38333333333334,
            83.68333333333334,
            84.38333333333334,
            84.88333333333334,
            85.65,
            86.35,
            86.66666666666667,
            87.23333333333333,
            87.61666666666666,
            88.25,
            88.3,
            88.6,
            88.95,
            88.98333333333333,
            89.48333333333333,
            89.75,
            89.91666666666667,
            90.23333333333333,
            90.68333333333334,
            90.61666666666666,
            90.46666666666667,
            91.01666666666667,
            91.3,
            91.81666666666666,
            92.65,
            92.03333333333333,
            91.7,
            93.48333333333333,
            92.3,
            92.0,
            92.96666666666667,
            92.61666666666666,
            92.85,
            95.7,
            93.5,
            94.03333333333333,
            94.26666666666667,
            94.4,
            94.75,
            94.58333333333333,
            95.25,
            97.18333333333334,
            94.83333333333333,
            95.25,
            96.11666666666666,
            95.81666666666666,
            96.23333333333333,
            95.96666666666667,
            96.36666666666666,
            96.36666666666666,
            96.15,
            96.1,
            96.66666666666667,
            96.48333333333333,
            96.88333333333334
        ],
        "3": [
            34.333333333333336,
            47.8,
            68.11666666666666,
            76.86666666666666,
            79.58333333333333,
            81.51666666666667,
            82.73333333333333,
            83.8,
            84.68333333333334,
            84.88333333333334,
            85.41666666666667,
            85.8,
            86.71666666666667,
            87.0,
            87.53333333333333,
            87.76666666666667,
            88.16666666666667,
            88.7,
            88.63333333333334,
            89.31666666666666,
            89.75,
            89.35,
            90.58333333333333,
            90.3,
            90.68333333333334,
            90.96666666666667,
            91.23333333333333,
            91.28333333333333,
            91.51666666666667,
            92.01666666666667,
            91.93333333333334,
            92.25,
            92.66666666666667,
            92.35,
            93.06666666666666,
            93.45,
            94.48333333333333,
            94.0,
            94.13333333333334,
            94.15,
            96.58333333333333,
            94.85,
            94.38333333333334,
            95.23333333333333,
            95.05,
            95.15,
            95.41666666666667,
            95.73333333333333,
            95.85,
            95.93333333333334,
            96.33333333333333,
            96.11666666666666,
            96.26666666666667,
            96.46666666666667,
            96.91666666666667,
            97.05,
            97.21666666666667,
            97.2,
            97.55,
            97.71666666666667
        ],