{
    "global_accuracy_history": [
        10.0,
        10.0,
        10.0,
        10.0,
        10.0
    ],
    "local_accuracy_histories": {
        "0": [
            15.25,
            25.633333206176758,
            19.183332443237305,
            25.16666603088379,
            26.133333206176758
        ],
        "1": [
            19.08333396911621,
            18.28333282470703,
            21.883333206176758,
            24.766666412353516,
            26.44999885559082
        ],
        "2": [
            18.266666412353516,
            18.25,
            24.049999237060547,
            26.19999885559082,
            27.233333587646484
        ],
        "3": [
            17.91666603088379,
            19.866666793823242,
            24.649999618530273,
            26.266666412353516,
            26.933332443237305
        ],
        "4": [
            18.28333282470703,
            20.233333587646484,
            21.899999618530273,
            27.850000381469727,
            26.69999885559082
        ],
        "5": [
            17.483333587646484,
            19.350000381469727,
            24.383333206176758,
            26.366666793823242,
            27.53333282470703
        ],
        "6": [
            16.25,
            21.0,
            22.366666793823242,
            25.816665649414062,
            27.21666717529297
        ],
        "7": [
            16.850000381469727,
            23.233333587646484,
            21.799999237060547,
            25.0,
            26.66666603088379
        ],
        "8": [
            15.300000190734863,
            20.983333587646484,
            23.233333587646484,
            25.649999618530273,
            27.933332443237305
        ],
        "9": [
            17.633333206176758,
            20.616666793823242,
            24.933332443237305,
            25.733333587646484,
            26.549999237060547
        ]
    },
    "config": {
        "data_path": "./datasets",
        "split_mode": "iid",
        "batch_select": "random",
        "client_num": 10,
        "subset_frac": 1,
        "classes_per_client": 4,
        "lr": 0.01,
        "epochs": 5,
        "local_epochs": 1,
        "bs": 2048,
        "gamma": 0,
        "initial_neighbor_rate": 1,
        "participation_rate": 0.6,
        "communication_rounds": [
            1,
            1,
            1,
            1,
            1,
            1,
            1,
            1,
            1,
            1
        ],
        "test_batch_size": 32,
        "s_ratio": 1.0,
        "min_dense_params": 2048,
        "dense_keywords": [
            "bn",
            "running_mean",
            "running_var",
            "num_batches_tracked",
            "conv1",
            "fc."
        ],
        "use_fedbn": false,
        "lr_decay_step": 10,
        "lr_decay_beta": 0.9
    },
    "elapsed_seconds": 133.07459092140198,
    "elapsed_hms": "0:02:13",
    "run_params": {
        "client_num": 10,
        "local_epochs": 1
    }
}