{
    "global_accuracy_history": [
        10.07,
        27.95,
        70.19,
        80.68,
        77.02,
        83.58,
        83.13,
        86.93,
        86.62,
        88.06,
        88.48,
        88.62,
        86.56,
        89.63,
        89.89,
        89.71,
        89.81,
        90.18,
        89.65,
        89.13,
        90.2,
        89.98,
        90.67,
        90.26,
        90.68,
        90.49,
        90.43,
        89.71,
        90.42,
        89.31,
        89.88,
        90.76,
        90.43,
        90.86,
        90.29,
        90.49,
        90.57,
        91.06,
        90.4,
        90.61,
        90.66,
        90.97,
        90.79,
        90.23,
        90.86,
        90.48,
        90.87,
        89.71,
        90.24,
        89.76,
        90.29,
        90.8,
        90.82,
        90.61,
        90.72,
        91.06,
        90.87,
        91.15,
        90.85,
        91.31
    ],
    "local_accuracy_histories": {
        "0": [
            40.641666666666666,
            65.40833333333333,
            77.275,
            82.69166666666666,
            85.38333333333334,
            87.00833333333334,
            88.19166666666666,
            89.425,
            90.10833333333333,
            90.45833333333333,
            90.85,
            91.30833333333334,
            91.625,
            92.51666666666667,
            92.51666666666667,
            93.81666666666666,
            92.975,
            93.48333333333333,
            93.88333333333334,
            94.0,
            94.25833333333334,
            94.65,
            95.04166666666667,
            94.66666666666667,
            94.75833333333334,
            95.0,
            95.83333333333333,
            95.4,
            95.875,
            96.45833333333333,
            96.34166666666667,
            96.525,
            96.70833333333333,
            96.91666666666667,
            97.1,
            98.775,
            97.15833333333333,
            96.94166666666666,
            97.55,
            97.68333333333334,
            97.8,
            98.10833333333333,
            98.03333333333333,
            99.375,
            97.73333333333333,
            98.80833333333334,
            98.075,
            98.79166666666667,
            98.26666666666667,
            98.44166666666666,
            98.23333333333333,
            98.98333333333333,
            98.0,
            99.34166666666667,
            97.81666666666666,
            99.025,
            97.98333333333333,
            98.46666666666667,
            98.8,
            98.875
        ],
        "1": [
            39.891666666666666,
            64.65833333333333,
            77.53333333333333,
            82.99166666666666,
            86.48333333333333,
            88.11666666666666,
            89.14166666666667,
            89.9,
            90.15,
            91.39166666666667,
            91.04166666666667,
            92.10833333333333,
            92.39166666666667,
            93.13333333333334,
            93.10833333333333,
            93.875,
            94.34166666666667,
            93.85,
            94.1,
            95.04166666666667,
            94.54166666666667,
            95.13333333333334,
            95.275,
            95.775,
            95.45,
            95.90833333333333,
            96.75,
            96.35,
            96.34166666666667,
            96.65,
            97.11666666666666,
            97.49166666666666,
            97.61666666666666,
            97.2,
            98.05833333333334,
            98.01666666666667,
            98.10833333333333,
            98.4,
            98.25,
            98.01666666666667,
            98.44166666666666,
            98.74166666666666,
            98.93333333333334,
            98.10833333333333,
            98.48333333333333,
            98.1,
            98.74166666666666,
            98.55,
            98.65,
            99.19166666666666,
            99.03333333333333,
            99.4,
            99.23333333333333,
            99.3,
            99.13333333333334,
            99.45,
            98.60833333333333,
            99.64166666666667,
            99.63333333333334,
            99.55833333333334
        ],
        "2": [
            39.71666666666667,
            62.15,
            77.525,
            82.925,
            85.35833333333333,
            87.69166666666666,
            88.18333333333334,
            89.29166666666667,
            92.73333333333333,
            90.10833333333333,
            91.06666666666666,
            91.73333333333333,
            91.83333333333333,
            92.58333333333333,
            92.76666666666667,
            92.65,
            92.875,
            93.8,
            94.08333333333333,
            94.11666666666666,
            94.325,
            94.71666666666667,
            94.76666666666667,
            95.01666666666667,
            95.11666666666666,
            95.125,
            95.59166666666667,
            95.69166666666666,
            96.075,
            96.21666666666667,
            96.60833333333333,
            96.425,
            97.275,
            96.20833333333333,
            97.66666666666667,
            96.76666666666667,
            97.31666666666666,
            97.61666666666666,
            98.0,
            96.94166666666666,
            98.01666666666667,
            97.78333333333333,
            97.51666666666667,
            98.53333333333333,
            97.69166666666666,
            98.76666666666667,
            97.9,
            98.15833333333333,
            97.23333333333333,
            98.3,
            98.15833333333333,
            98.61666666666666,
            98.39166666666667,
            98.94166666666666,
            98.80833333333334,
            98.53333333333333,
            98.225,
            98.83333333333333,
            99.175,
            98.79166666666667
        ],
        "3": [
            44.333333333333336,
            61.733333333333334,
            75.34166666666667,
            82.64166666666667,
            85.74166666666666,
            87.31666666666666,
            88.51666666666667,
            89.44166666666666,
            92.63333333333334,
            90.69166666666666,
            91.54166666666667,
            91.80833333333334,
            92.36666666666666,
            92.38333333333334,
            92.54166666666667,
            93.13333333333334,
            94.08333333333333,
            93.53333333333333,
            94.20833333333333,
            93.90833333333333,
            94.39166666666667,
            95.10833333333333,
            95.59166666666667,
            95.55,
            96.96666666666667,
            95.575,
            95.775,
            95.85,
            95.875,
            95.975,
            96.35,
            96.41666666666667,
            97.31666666666666,
            96.30833333333334,
            97.2,
            97.35,
            96.93333333333334,
            97.50833333333334,
            97.46666666666667,
            97.44166666666666,
            97.53333333333333,
            97.76666666666667,
            98.01666666666667,
            97.75833333333334,
            98.01666666666667,
            97.84166666666667,
            98.0,
            98.34166666666667,
            98.54166666666667,
            98.65,
            99.18333333333334,
            98.51666666666667,
            98.53333333333333,
            98.24166666666666,
            98.975,
            98.96666666666667,
            98.85,
            98.80833333333334,
            99.15833333333333,
            99.54166666666667
        ],