{
    "global_accuracy_history": [
        10.0,
        9.99,
        12.45,
        23.22,
        32.71
    ],
    "local_accuracy_histories": {
        "0": [
            22.94999885559082,
            25.83333396911621,
            30.266666412353516,
            34.08333206176758,
            36.516666412353516
        ],
        "1": [
            23.016666412353516,
            25.350000381469727,
            29.71666717529297,
            31.91666603088379,
            36.78333282470703
        ],
        "2": [
            24.19999885559082,
            26.53333282470703,
            29.75,
            32.61666488647461,
            37.75
        ],
        "3": [
            24.03333282470703,
            28.33333396911621,
            28.299999237060547,
            33.233333587646484,
            36.45000076293945
        ],
        "4": [
            22.350000381469727,
            25.71666717529297,
            30.516666412353516,
            33.91666793823242,
            36.61666488647461
        ],
        "5": [
            22.78333282470703,
            26.616666793823242,
            29.183332443237305,
            32.79999923706055,
            37.28333282470703
        ],
        "6": [
            23.399999618530273,
            25.233333587646484,
            29.600000381469727,
            32.53333282470703,
            37.233333587646484
        ],
        "7": [
            22.516666412353516,
            26.799999237060547,
            29.16666603088379,
            34.733333587646484,
            37.58333206176758
        ],
        "8": [
            22.683332443237305,
            26.049999237060547,
            29.649999618530273,
            33.599998474121094,
            36.5
        ],
        "9": [
            22.91666603088379,
            26.46666717529297,
            29.733333587646484,
            33.66666793823242,
            37.46666717529297
        ]
    },
    "config": {
        "data_path": "./datasets",
        "split_mode": "iid",
        "batch_select": "random",
        "client_num": 10,
        "subset_frac": 1,
        "classes_per_client": 4,
        "lr": 0.01,
        "epochs": 5,
        "local_epochs": 1,
        "bs": 512,
        "gamma": 0,
        "initial_neighbor_rate": 1,
        "participation_rate": 0.6,
        "communication_rounds": [
            1,
            1,
            1,
            1,
            1,
            1,
            1,
            1,
            1,
            1
        ],
        "test_batch_size": 32,
        "s_ratio": 1.0,
        "min_dense_params": 2048,
        "dense_keywords": [
            "bn",
            "running_mean",
            "running_var",
            "num_batches_tracked",
            "conv1",
            "fc."
        ],
        "use_fedbn": false,
        "lr_decay_step": 10,
        "lr_decay_beta": 0.9
    },
    "elapsed_seconds": 149.95463681221008,
    "elapsed_hms": "0:02:29",
    "run_params": {
        "client_num": 10,
        "local_epochs": 1
    }
}