{
    "global_accuracy_history": [
        10.0,
        22.96
    ],
    "local_accuracy_histories": {
        "0": [
            34.20000076293945,
            44.89999771118164
        ],
        "1": [
            35.36666488647461,
            44.61666488647461
        ],
        "2": [
            33.06666564941406,
            41.18333435058594
        ],
        "3": [
            33.516666412353516,
            41.599998474121094
        ],
        "4": [
            33.68333435058594,
            42.349998474121094
        ],
        "5": [
            35.53333282470703,
            45.75
        ],
        "6": [
            38.45000076293945,
            37.91666793823242
        ],
        "7": [
            32.36666488647461,
            43.099998474121094
        ],
        "8": [
            32.81666564941406,
            41.68333435058594
        ],
        "9": [
            35.599998474121094,
            50.43333435058594
        ]
    },
    "config": {
        "data_path": "./datasets",
        "split_mode": "iid",
        "dominant_frac": 0.7,
        "client_num": 10,
        "subset_frac": 1,
        "lr": 0.01,
        "epochs": 2,
        "local_epochs": 1,
        "bs": 64,
        "gamma": 0,
        "initial_neighbor_rate": 1.0,
        "communication_rate": 0.8,
        "communication_periods": [
            1,
            1,
            1,
            1,
            1,
            1,
            1,
            1,
            1,
            1
        ],
        "test_batch_size": 32,
        "s_ratio": 0.7,
        "min_dense_params": 2048,
        "dense_keywords": [
            "bn",
            "running_mean",
            "running_var",
            "num_batches_tracked",
            "conv1",
            "fc."
        ],
        "use_fedbn": "true",
        "lr_decay_step": 10,
        "lr_decay_beta": 0.9
    },
    "elapsed_seconds": 65.25799608230591,
    "elapsed_hms": "0:01:05",
    "run_params": {
        "client_num": 10,
        "local_epochs": 1
    }
}