{
    "global_accuracy_history": [
        11.71,
        20.24,
        47.22,
        67.67,
        75.48,
        78.72,
        81.44,
        77.51,
        78.24,
        79.95,
        83.03,
        81.09,
        84.99,
        84.8,
        82.7,
        84.36,
        87.09,
        86.13,
        85.84,
        86.68,
        87.41,
        87.58,
        87.79,
        88.47,
        88.41,
        86.9,
        86.92,
        88.18,
        88.37,
        88.04,
        87.49,
        88.18,
        86.54,
        87.67,
        87.98,
        87.46,
        87.47,
        86.61,
        88.15,
        87.41,
        87.2,
        87.73,
        86.81,
        87.82,
        88.03,
        86.93,
        87.23,
        86.49,
        88.23,
        87.42
    ],
    "local_accuracy_histories": {
        "0": [
            57.86333465576172,
            70.91999816894531,
            82.78666687011719,
            87.50666809082031,
            90.25666809082031,
            92.45333099365234,
            93.95333099365234,
            98.42666625976562,
            95.77333068847656,
            98.28666687011719,
            97.1933364868164,
            97.04666900634766,
            97.83333587646484,
            98.1866683959961,
            97.81999969482422,
            97.80333709716797,
            97.84333801269531,
            98.22333526611328,
            98.02666473388672,
            99.97666931152344,
            98.55999755859375,
            98.66666412353516,
            98.66000366210938,
            98.62000274658203,
            98.65333557128906,
            98.62333679199219,
            98.8933334350586,
            98.90666961669922,
            99.98999786376953,
            99.34333801269531,
            99.0633316040039,
            99.83333587646484,
            98.78333282470703,
            100.0,
            99.05333709716797,
            98.95000457763672,
            99.11333465576172,
            99.59666442871094,
            98.77999877929688,
            99.74666595458984,
            99.51000213623047,
            99.13999938964844,
            99.65666961669922,
            99.10333251953125,
            99.78333282470703,
            99.91999816894531,
            99.02333068847656,
            99.44000244140625,
            99.4000015258789,
            99.82333374023438
        ],
        "1": [
            56.470001220703125,
            71.81999969482422,
            83.13999938964844,
            87.70333099365234,
            90.66333770751953,
            92.68333435058594,
            94.11666870117188,
            95.39666748046875,
            96.2300033569336,
            96.93000030517578,
            97.08333587646484,
            97.30667114257812,
            97.6066665649414,
            97.80999755859375,
            97.97333526611328,
            98.1500015258789,
            98.23333740234375,
            98.30333709716797,
            98.33000183105469,
            98.74333190917969,
            100.0,
            98.84000396728516,
            98.77333068847656,
            98.81999969482422,
            98.52999877929688,
            98.78666687011719,
            99.01667022705078,
            98.6933364868164,
            99.04666900634766,
            99.46333312988281,
            99.23333740234375,
            99.06666564941406,
            99.16000366210938,
            99.37000274658203,
            99.30999755859375,
            99.31999969482422,
            99.45999908447266,
            99.34333801269531,
            99.49666595458984,
            99.69667053222656,
            99.75,
            99.11333465576172,
            99.89666748046875,
            99.3566665649414,
            99.82666778564453,
            99.77000427246094,
            99.32333374023438,
            99.7933349609375,
            99.24333190917969,
            99.88999938964844
        ],
        "2": [
            52.686668395996094,
            70.59000396728516,
            83.16333770751953,
            87.6066665649414,
            90.30000305175781,
            95.59666442871094,
            93.81999969482422,
            94.75666809082031,
            98.6300048828125,
            96.8800048828125,
            96.83000183105469,
            96.97666931152344,
            97.6933364868164,
            97.5,
            97.63333129882812,
            97.95000457763672,
            98.36000061035156,
            98.16333770751953,
            97.95000457763672,
            98.91000366210938,
            98.55333709716797,
            98.59666442871094,
            98.72666931152344,
            98.80000305175781,
            98.54666900634766,
            98.7933349609375,
            98.68000030517578,
            98.83000183105469,
            98.9000015258789,
            99.38666534423828,
            99.8800048828125,
            98.8800048828125,
            98.8933334350586,
            99.47333526611328,
            98.86333465576172,
            98.9800033569336,
            99.30000305175781,
            99.74333190917969,
            98.96333312988281,
            99.66333770751953,
            99.11666870117188,
            99.81666564941406,
            99.33000183105469,
            99.6500015258789,
            99.47333526611328,
            99.6866683959961,
            99.04666900634766,
            99.71666717529297,
            99.8800048828125,
            99.96333312988281
        ],
        "3": [
            52.746665954589844,
            70.5999984741211,
            85.29666900634766,
            86.70333099365234,
            90.12667083740234,
            92.836669921875,
            94.04000091552734,
            95.09000396728516,
            96.16333770751953,
            96.70000457763672,
            97.30333709716797,
            98.40666961669922,
            97.42666625976562,
            97.77000427246094,
            97.9433364868164,
            97.97000122070312,
            98.1066665649414,
            97.99666595458984,
            97.88999938964844,
            98.90333557128906,
            98.58333587646484,
            98.75666809082031,
            98.91333770751953,
            98.40333557128906,
            98.8800048828125,
            98.9566650390625,
            98.8933334350586,
            98.75666809082031,
            98.89666748046875,
            99.35333251953125,
            99.66333770751953,
            98.82666778564453,
            99.31666564941406,
            99.2066650390625,
            99.04000091552734,
            99.32333374023438,
            99.1300048828125,
            99.63999938964844,
            98.99666595458984,
            99.80667114257812,
            99.32666778564453,
            99.73333740234375,
            99.20999908447266,
            99.77000427246094,
            99.4866714477539,
            99.41000366210938,
            99.5,
            99.5433349609375,
            99.19000244140625,
            99.94667053222656
        ],