{
    "global_accuracy_history": [
        10.0,
        45.42,
        60.58,
        65.35,
        74.68
    ],
    "local_accuracy_histories": {
        "0": [
            29.399999618530273,
            37.71666717529297,
            53.16666793823242,
            60.03333282470703,
            68.28333282470703
        ],
        "1": [
            27.366666793823242,
            35.0,
            51.79999923706055,
            60.599998474121094,
            66.71666717529297
        ],
        "2": [
            29.049999237060547,
            34.56666564941406,
            49.21666717529297,
            61.349998474121094,
            68.0
        ],
        "3": [
            29.633333206176758,
            37.41666793823242,
            49.21666717529297,
            60.58333206176758,
            67.91666412353516
        ],
        "4": [
            26.850000381469727,
            36.733333587646484,
            49.21666717529297,
            60.233333587646484,
            67.16666412353516
        ],
        "5": [
            28.75,
            37.70000076293945,
            50.733333587646484,
            61.71666717529297,
            67.8499984741211
        ],
        "6": [
            26.649999618530273,
            33.31666564941406,
            50.33333206176758,
            62.08333206176758,
            65.9000015258789
        ],
        "7": [
            27.483333587646484,
            37.25,
            50.95000076293945,
            60.54999923706055,
            67.94999694824219
        ],
        "8": [
            28.733333587646484,
            33.25,
            50.71666717529297,
            60.633331298828125,
            67.83333587646484
        ],
        "9": [
            28.71666717529297,
            36.483333587646484,
            52.36666488647461,
            58.349998474121094,
            68.69999694824219
        ]
    },
    "config": {
        "data_path": "./datasets",
        "split_mode": "iid",
        "batch_select": "random",
        "client_num": 10,
        "subset_frac": 1,
        "classes_per_client": 4,
        "lr": 0.01,
        "epochs": 5,
        "local_epochs": 1,
        "bs": 128,
        "gamma": 0,
        "initial_neighbor_rate": 1,
        "participation_rate": 0.6,
        "communication_rounds": [
            1,
            1,
            1,
            1,
            1,
            1,
            1,
            1,
            1,
            1
        ],
        "test_batch_size": 32,
        "s_ratio": 1.0,
        "min_dense_params": 2048,
        "dense_keywords": [
            "bn",
            "running_mean",
            "running_var",
            "num_batches_tracked",
            "conv1",
            "fc."
        ],
        "use_fedbn": false,
        "lr_decay_step": 10,
        "lr_decay_beta": 0.9
    },
    "elapsed_seconds": 192.280366897583,
    "elapsed_hms": "0:03:12",
    "run_params": {
        "client_num": 10,
        "local_epochs": 1
    }
}