{
    "global_accuracy_history": [
        9.93,
        34.81,
        76.91,
        82.46,
        83.87,
        85.89,
        86.45,
        87.03,
        87.6,
        87.87,
        88.26,
        87.65,
        88.09,
        88.47,
        88.5,
        89.08,
        88.83,
        89.41,
        89.1,
        89.06,
        89.36,
        89.13,
        89.83,
        89.64,
        89.7,
        89.84,
        89.89,
        89.19,
        89.52,
        89.88,
        89.13,
        89.86,
        89.83,
        90.06,
        89.51,
        89.9,
        90.3,
        89.84,
        89.89,
        89.92,
        90.29,
        89.85,
        90.2,
        90.16,
        90.07,
        90.01,
        90.29,
        90.24,
        89.94,
        90.07,
        90.05,
        90.38,
        90.43,
        90.34,
        89.66,
        89.95,
        90.47,
        90.11,
        90.39,
        90.62
    ],
    "local_accuracy_histories": {
        "0": [
            41.833333333333336,
            58.53666666666667,
            78.92666666666666,
            84.85,
            88.08,
            91.14333333333333,
            91.01333333333334,
            93.79,
            93.47,
            94.07666666666667,
            98.08666666666667,
            94.52666666666667,
            95.71333333333334,
            96.28,
            96.67333333333333,
            99.79,
            96.61333333333333,
            97.18,
            97.27666666666667,
            97.60666666666667,
            97.73333333333333,
            98.15666666666667,
            97.74666666666667,
            97.99666666666667,
            98.0,
            98.32,
            98.29,
            97.98333333333333,
            98.20333333333333,
            98.17333333333333,
            98.32,
            98.43666666666667,
            98.55666666666667,
            98.74,
            98.69666666666667,
            98.84,
            98.82,
            98.97666666666667,
            98.86,
            98.89333333333333,
            99.14666666666666,
            99.29333333333334,
            99.02666666666667,
            99.04,
            99.18666666666667,
            98.94666666666667,
            99.2,
            99.6,
            99.08666666666667,
            99.28666666666666,
            99.18,
            99.54333333333334,
            99.56,
            99.59,
            99.62,
            99.37333333333333,
            99.32,
            99.56333333333333,
            99.38,
            99.94666666666667
        ],
        "1": [
            45.906666666666666,
            62.63,
            79.53,
            85.14666666666666,
            88.36,
            90.11333333333333,
            92.09333333333333,
            93.25666666666666,
            94.31666666666666,
            94.59666666666666,
            95.44333333333333,
            95.70333333333333,
            95.74,
            96.43666666666667,
            96.84,
            96.96666666666667,
            97.26666666666667,
            97.69666666666667,
            97.61,
            97.91,
            97.96333333333334,
            98.1,
            98.41666666666667,
            98.23,
            98.21666666666667,
            100.0,
            98.35,
            98.71,
            99.19666666666667,
            98.97,
            99.05333333333333,
            99.16,
            99.20666666666666,
            99.13,
            99.02666666666667,
            99.19,
            98.91333333333333,
            98.96,
            99.48333333333333,
            100.0,
            99.17666666666666,
            99.46333333333334,
            99.12333333333333,
            99.27,
            99.34333333333333,
            99.43,
            99.40666666666667,
            99.47333333333333,
            99.50333333333333,
            99.43,
            99.83,
            99.52333333333333,
            99.36333333333333,
            99.90333333333334,
            99.72333333333333,
            99.43666666666667,
            99.75333333333333,
            99.95666666666666,
            99.61,
            99.86333333333333
        ],
        "2": [
            40.23,
            59.04333333333334,
            79.09333333333333,
            84.7,
            88.06333333333333,
            90.08333333333333,
            91.79666666666667,
            93.30666666666667,
            93.73666666666666,
            94.07333333333334,
            94.77333333333333,
            95.40666666666667,
            95.18,
            95.76666666666667,
            96.28,
            96.93,
            97.67666666666666,
            97.11,
            97.24666666666667,
            97.64333333333333,
            97.63,
            99.02666666666667,
            97.72666666666667,
            97.88666666666667,
            98.32333333333334,
            98.47666666666667,
            98.49666666666667,
            98.58,
            98.44333333333333,
            98.76666666666667,
            98.43666666666667,
            98.74333333333334,
            98.86666666666666,
            98.92,
            98.91,
            99.24666666666667,
            99.16,
            99.04,
            99.17333333333333,
            98.98,
            99.54666666666667,
            99.42,
            99.31333333333333,
            99.22333333333333,
            99.30666666666667,
            99.57,
            99.43666666666667,
            99.26333333333334,
            99.63,
            99.32666666666667,
            99.55333333333333,
            99.5,
            99.14333333333333,
            99.58333333333333,
            99.32,
            99.73333333333333,
            99.78666666666666,
            99.57666666666667,
            99.36,
            99.83666666666667
        ],
        "3": [
            43.233333333333334,
            62.63666666666666,
            78.55333333333333,
            84.75666666666666,
            88.22333333333333,
            90.73,
            91.56333333333333,
            92.77,
            93.38,
            94.42666666666666,
            94.75666666666666,
            95.64,
            95.94333333333333,
            96.5,
            96.5,
            96.6,
            96.75,
            97.15333333333334,
            97.11666666666666,
            97.8,
            97.52,
            97.86666666666666,
            97.58333333333333,
            97.99,
            98.11,
            98.04666666666667,
            98.08,
            98.40666666666667,
            98.36333333333333,
            98.27,
            98.43,
            98.74,
            98.62,
            98.73,
            99.03,
            98.72666666666667,
            98.91333333333333,
            99.03,
            99.17666666666666,
            99.21,
            99.31666666666666,
            99.27,
            98.90666666666667,
            99.43333333333334,
            99.6,
            99.15,
            99.56333333333333,
            99.33,
            99.04,
            99.71,
            99.47333333333333,
            99.77,
            99.24666666666667,
            99.80333333333333,
            99.07666666666667,
            99.69,
            99.41,
            99.69,
            99.24333333333334,
            99.94666666666667
        ],