{
    "global_accuracy_history": [
        10.0,
        24.73,
        53.81,
        72.13,
        77.56,
        79.3,
        79.79,
        81.16,
        84.38,
        84.08,
        84.2,
        83.92,
        85.17,
        86.03,
        86.11,
        85.19,
        85.34,
        86.98,
        85.75,
        86.32,
        86.39,
        86.53,
        86.66,
        86.28,
        86.4,
        86.82,
        87.39,
        87.2,
        86.22,
        87.12,
        87.55,
        87.82,
        87.19,
        87.51,
        87.43,
        87.78,
        87.05,
        86.03,
        87.35,
        86.18,
        87.46,
        87.82,
        87.92,
        87.82,
        86.84,
        87.45,
        88.76,
        88.46,
        87.61,
        87.76
    ],
    "local_accuracy_histories": {
        "0": [
            33.733333587646484,
            42.633331298828125,
            59.95000076293945,
            73.41666412353516,
            77.61666870117188,
            79.5999984741211,
            80.8499984741211,
            82.23332977294922,
            83.53333282470703,
            84.94999694824219,
            85.44999694824219,
            86.36666870117188,
            87.19999694824219,
            86.5999984741211,
            87.6500015258789,
            88.08333587646484,
            88.08333587646484,
            88.69999694824219,
            88.4000015258789,
            89.3499984741211,
            89.63333129882812,
            89.28333282470703,
            89.38333129882812,
            90.6500015258789,
            90.06666564941406,
            90.48332977294922,
            90.06666564941406,
            90.63333129882812,
            91.18333435058594,
            91.23332977294922,
            91.58333587646484,
            91.21666717529297,
            93.0999984741211,
            91.54999542236328,
            91.6500015258789,
            91.78333282470703,
            92.56666564941406,
            92.03333282470703,
            92.26666259765625,
            92.88333129882812,
            93.21666717529297,
            93.0,
            93.38333129882812,
            93.01666259765625,
            93.5,
            93.18333435058594,
            93.53333282470703,
            93.4000015258789,
            93.54999542236328,
            94.28333282470703
        ],
        "1": [
            33.96666717529297,
            40.599998474121094,
            59.666664123535156,
            72.04999542236328,
            77.81666564941406,
            80.13333129882812,
            82.0999984741211,
            82.96666717529297,
            83.5999984741211,
            85.13333129882812,
            86.31666564941406,
            86.13333129882812,
            87.31666564941406,
            87.48332977294922,
            87.53333282470703,
            89.79999542236328,
            88.48332977294922,
            89.54999542236328,
            89.71666717529297,
            89.73332977294922,
            89.83333587646484,
            90.43333435058594,
            90.5999984741211,
            90.9000015258789,
            90.73332977294922,
            90.83333587646484,
            91.23332977294922,
            91.18333435058594,
            91.5999984741211,
            92.19999694824219,
            91.73332977294922,
            92.78333282470703,
            92.19999694824219,
            92.63333129882812,
            92.73332977294922,
            93.03333282470703,
            92.6500015258789,
            93.21666717529297,
            92.83333587646484,
            93.33333587646484,
            93.51666259765625,
            93.51666259765625,
            93.81666564941406,
            93.61666870117188,
            94.21666717529297,
            94.3499984741211,
            93.94999694824219,
            94.69999694824219,
            95.0,
            94.96666717529297
        ],
        "2": [
            31.833332061767578,
            44.43333435058594,
            57.516666412353516,
            73.44999694824219,
            77.66666412353516,
            79.6500015258789,
            81.1500015258789,
            83.5999984741211,
            83.81666564941406,
            85.5,
            85.8499984741211,
            86.46666717529297,
            86.86666870117188,
            87.98332977294922,
            87.08333587646484,
            87.54999542236328,
            87.88333129882812,
            87.94999694824219,
            88.31666564941406,
            90.61666870117188,
            89.6500015258789,
            90.06666564941406,
            89.56666564941406,
            90.4000015258789,
            90.11666870117188,
            90.33333587646484,
            90.53333282470703,
            90.56666564941406,
            91.04999542236328,
            91.33333587646484,
            91.13333129882812,
            92.69999694824219,
            91.53333282470703,
            92.21666717529297,
            92.33333587646484,
            92.25,
            91.54999542236328,
            92.0,
            92.98332977294922,
            92.56666564941406,
            92.51666259765625,
            92.93333435058594,
            93.0,
            94.31666564941406,
            93.18333435058594,
            93.1500015258789,
            93.3499984741211,
            93.3499984741211,
            93.61666870117188,
            94.69999694824219
        ],
        "3": [
            31.53333282470703,
            41.68333435058594,
            58.20000076293945,
            73.19999694824219,
            76.9000015258789,
            79.69999694824219,
            81.26666259765625,
            83.31666564941406,
            83.44999694824219,
            84.78333282470703,
            85.83333587646484,
            86.26666259765625,
            86.4000015258789,
            87.04999542236328,
            87.48332977294922,
            88.03333282470703,
            88.23332977294922,
            88.0,
            88.33333587646484,
            89.18333435058594,
            89.5999984741211,
            89.54999542236328,
            89.8499984741211,
            89.78333282470703,
            90.23332977294922,
            90.25,
            90.68333435058594,
            90.94999694824219,
            90.16666412353516,
            91.68333435058594,
            91.38333129882812,
            91.51666259765625,
            91.91666412353516,
            91.5999984741211,
            91.61666870117188,
            91.58333587646484,
            92.13333129882812,
            92.23332977294922,
            91.81666564941406,
            93.11666870117188,
            92.88333129882812,
            92.56666564941406,
            93.04999542236328,
            93.38333129882812,
            92.88333129882812,
            93.18333435058594,
            93.71666717529297,
            93.26666259765625,
            93.33333587646484,
            94.03333282470703
        ],