{
    "global_accuracy_history": [
        17.58,
        71.02,
        84.95,
        86.62,
        87.23,
        88.79,
        89.4,
        89.58,
        90.54,
        89.41,
        90.39,
        90.53,
        91.1,
        90.82,
        90.7,
        90.79,
        89.81,
        91.26,
        91.07,
        91.2,
        91.61,
        91.17,
        90.92,
        91.22,
        91.03,
        91.29,
        91.35,
        91.38,
        91.07,
        91.28,
        91.05,
        91.13,
        91.52,
        91.44,
        91.3,
        91.01,
        91.41,
        91.22,
        91.39,
        91.33,
        91.17,
        91.47,
        91.18,
        91.28,
        91.31,
        91.43,
        91.28,
        91.19,
        91.11,
        91.34
    ],
    "local_accuracy_histories": {
        "0": [
            65.86000061035156,
            82.55333709716797,
            87.37999725341797,
            89.97000122070312,
            91.40333557128906,
            92.75333404541016,
            93.71333312988281,
            94.29000091552734,
            94.77666473388672,
            95.7300033569336,
            96.30000305175781,
            96.77000427246094,
            96.87333679199219,
            97.31999969482422,
            97.16000366210938,
            97.62333679199219,
            97.54666900634766,
            97.836669921875,
            98.06999969482422,
            98.49333190917969,
            98.72000122070312,
            98.70333099365234,
            98.6066665649414,
            98.71666717529297,
            98.68333435058594,
            99.99666595458984,
            98.66666412353516,
            99.98333740234375,
            99.07666778564453,
            99.34666442871094,
            99.11666870117188,
            99.33000183105469,
            99.1300048828125,
            99.34000396728516,
            99.43333435058594,
            99.3133316040039,
            99.47666931152344,
            99.43333435058594,
            99.6433334350586,
            99.6500015258789,
            99.72666931152344,
            99.61000061035156,
            99.6500015258789,
            99.72333526611328,
            99.586669921875,
            99.69000244140625,
            99.69667053222656,
            99.78666687011719,
            99.46333312988281,
            99.91999816894531
        ],
        "1": [
            65.74666595458984,
            83.69000244140625,
            88.13999938964844,
            90.9433364868164,
            92.34000396728516,
            93.37999725341797,
            94.03666687011719,
            95.17333221435547,
            95.49666595458984,
            96.30667114257812,
            96.66666412353516,
            97.10333251953125,
            96.95999908447266,
            97.47000122070312,
            97.86333465576172,
            97.84000396728516,
            98.15333557128906,
            98.12667083740234,
            98.1933364868164,
            98.50666809082031,
            98.34333801269531,
            98.57333374023438,
            98.64666748046875,
            98.72000122070312,
            98.9566650390625,
            98.88999938964844,
            98.91000366210938,
            99.05000305175781,
            99.17666625976562,
            99.30000305175781,
            99.27000427246094,
            99.37667083740234,
            98.98333740234375,
            99.31666564941406,
            99.30667114257812,
            99.41666412353516,
            99.40333557128906,
            99.66999816894531,
            99.37667083740234,
            99.74666595458984,
            99.75,
            99.70999908447266,
            99.66999816894531,
            99.61000061035156,
            99.70000457763672,
            99.5433349609375,
            99.81666564941406,
            99.9366683959961,
            99.82666778564453,
            99.88333129882812
        ],
        "2": [
            65.51333618164062,
            82.6433334350586,
            87.8133316040039,
            90.30333709716797,
            91.98333740234375,
            92.92666625976562,
            93.7933349609375,
            94.34000396728516,
            94.79666900634766,
            95.62999725341797,
            95.98999786376953,
            96.17666625976562,
            96.61333465576172,
            98.15666961669922,
            96.9866714477539,
            97.52000427246094,
            97.7366714477539,
            97.66666412353516,
            97.96666717529297,
            99.1500015258789,
            98.49333190917969,
            98.6433334350586,
            98.4566650390625,
            98.69000244140625,
            98.74666595458984,
            98.85333251953125,
            98.7933349609375,
            99.02333068847656,
            98.93000030517578,
            99.4800033569336,
            99.56666564941406,
            99.28666687011719,
            99.05333709716797,
            99.4000015258789,
            99.5433349609375,
            99.28666687011719,
            99.31999969482422,
            99.41666412353516,
            99.32333374023438,
            99.73333740234375,
            99.69667053222656,
            99.91666412353516,
            99.62000274658203,
            99.46666717529297,
            99.76000213623047,
            99.95333099365234,
            99.73333740234375,
            99.75666809082031,
            99.77999877929688,
            99.8133316040039
        ],
        "3": [
            67.69000244140625,
            82.56666564941406,
            87.86666870117188,
            90.37000274658203,
            91.90333557128906,
            93.36000061035156,
            93.84333801269531,
            96.37000274658203,
            95.60333251953125,
            96.22000122070312,
            96.68333435058594,
            96.83333587646484,
            97.12667083740234,
            97.11333465576172,
            97.34666442871094,
            97.47666931152344,
            97.81666564941406,
            98.08000183105469,
            98.25333404541016,
            98.61000061035156,
            98.45999908447266,
            98.55999755859375,
            98.67333221435547,
            98.84333801269531,
            98.90333557128906,
            99.09666442871094,
            98.92333221435547,
            99.11333465576172,
            98.95999908447266,
            99.3800048828125,
            99.36333465576172,
            99.44667053222656,
            99.31666564941406,
            99.27999877929688,
            100.0,
            99.66000366210938,
            99.77333068847656,
            99.56666564941406,
            99.41000366210938,
            99.84333801269531,
            99.69667053222656,
            99.80999755859375,
            99.97000122070312,
            99.836669921875,
            99.59666442871094,
            99.6433334350586,
            99.58000183105469,
            99.74666595458984,
            99.8499984741211,
            99.91666412353516
        ],