{
    "global_accuracy_history": [
        10.01,
        19.43,
        41.05,
        48.5,
        53.5
    ],
    "local_accuracy_histories": {
        "0": [
            24.33333396911621,
            31.25,
            34.833335876464844,
            41.75,
            50.833335876464844
        ],
        "1": [
            23.0,
            26.25,
            35.91666793823242,
            44.41666793823242,
            51.16666793823242
        ],
        "2": [
            23.0,
            25.83333396911621,
            36.91666793823242,
            44.16666793823242,
            50.333335876464844
        ],
        "3": [
            23.916667938232422,
            26.75,
            34.66666793823242,
            44.25,
            51.75
        ],
        "4": [
            21.5,
            26.33333396911621,
            36.16666793823242,
            44.0,
            49.583335876464844
        ],
        "5": [
            22.166667938232422,
            28.166667938232422,
            36.75,
            43.0,
            50.25
        ],
        "6": [
            21.166667938232422,
            27.58333396911621,
            35.333335876464844,
            43.41666793823242,
            50.66666793823242
        ],
        "7": [
            27.58333396911621,
            26.416667938232422,
            37.16666793823242,
            44.0,
            51.333335876464844
        ],
        "8": [
            23.916667938232422,
            27.666667938232422,
            37.91666793823242,
            44.833335876464844,
            50.583335876464844
        ],
        "9": [
            25.08333396911621,
            31.166667938232422,
            35.333335876464844,
            46.333335876464844,
            53.0
        ]
    },
    "config": {
        "data_path": "./datasets",
        "split_mode": "iid",
        "batch_select": "random",
        "client_num": 10,
        "subset_frac": 0.2,
        "classes_per_client": 4,
        "lr": 0.01,
        "epochs": 5,
        "local_epochs": 1,
        "bs": 32,
        "gamma": 0,
        "initial_neighbor_rate": 1,
        "participation_rate": 0.6,
        "communication_rounds": [
            1,
            1,
            1,
            1,
            1,
            1,
            1,
            1,
            1,
            1
        ],
        "test_batch_size": 32,
        "s_ratio": 1.0,
        "min_dense_params": 2048,
        "dense_keywords": [
            "bn",
            "running_mean",
            "running_var",
            "num_batches_tracked",
            "conv1",
            "fc."
        ],
        "use_fedbn": false,
        "lr_decay_step": 10,
        "lr_decay_beta": 0.9
    },
    "elapsed_seconds": 67.52674603462219,
    "elapsed_hms": "0:01:07",
    "run_params": {
        "client_num": 10,
        "local_epochs": 1
    }
}