{
    "global_accuracy_history": [
        10.02,
        10.68,
        41.64,
        82.57,
        65.79,
        84.6,
        84.9,
        86.92,
        88.79,
        89.28,
        90.28,
        89.04,
        88.97,
        89.47,
        89.44,
        89.3,
        90.13,
        90.74,
        89.7,
        90.48,
        90.66,
        90.23,
        90.54,
        90.33,
        90.23,
        90.32,
        90.1,
        90.76,
        90.96,
        90.57,
        91.21,
        91.38,
        90.61,
        91.37,
        91.23,
        91.26,
        91.63,
        91.27,
        91.47,
        91.59,
        91.63,
        91.68,
        91.58,
        91.54,
        91.59,
        91.56,
        91.65,
        91.57,
        91.57,
        91.58,
        91.62,
        91.61,
        91.59,
        91.58,
        91.65,
        91.68,
        91.6,
        91.69,
        91.57,
        91.63
    ],
    "local_accuracy_histories": {
        "0": [
            78.54333333333334,
            85.97333333333333,
            88.79333333333334,
            91.53666666666666,
            93.60666666666667,
            94.11666666666666,
            94.79333333333334,
            95.90333333333334,
            95.91666666666667,
            96.44666666666667,
            96.92,
            97.24666666666667,
            97.15666666666667,
            97.35333333333334,
            98.17333333333333,
            98.31666666666666,
            98.36666666666666,
            99.98333333333333,
            98.52333333333333,
            98.74666666666667,
            99.02666666666667,
            98.97333333333333,
            98.97666666666667,
            99.12333333333333,
            99.10666666666667,
            99.8,
            99.22666666666667,
            99.60333333333334,
            99.46,
            99.40333333333334,
            99.65333333333334,
            99.74,
            99.74,
            99.9,
            99.84,
            99.94333333333333,
            99.94666666666667,
            99.81,
            99.99333333333334,
            99.99666666666667,
            100.0,
            100.0,
            100.0,
            100.0,
            100.0,
            100.0,
            100.0,
            100.0,
            100.0,
            100.0,
            100.0,
            100.0,
            100.0,
            100.0,
            100.0,
            100.0,
            100.0,
            100.0,
            100.0,
            100.0
        ],
        "1": [
            77.31333333333333,
            85.30333333333333,
            89.10666666666667,
            91.64333333333333,
            93.66333333333333,
            95.20666666666666,
            95.37,
            95.93666666666667,
            96.93,
            97.24666666666667,
            97.42333333333333,
            97.58666666666667,
            97.87,
            97.93666666666667,
            98.13666666666667,
            98.65333333333334,
            98.49,
            98.76,
            98.65666666666667,
            98.94,
            98.93,
            99.03333333333333,
            99.21,
            99.23,
            99.30333333333333,
            99.41333333333333,
            99.23333333333333,
            99.58666666666667,
            99.53333333333333,
            99.54333333333334,
            99.65666666666667,
            99.94666666666667,
            99.97666666666667,
            99.63666666666667,
            99.91,
            99.76666666666667,
            99.99,
            99.98666666666666,
            99.99333333333334,
            99.99666666666667,
            100.0,
            100.0,
            100.0,
            100.0,
            100.0,
            100.0,
            100.0,
            100.0,
            100.0,
            100.0,
            100.0,
            100.0,
            100.0,
            100.0,
            100.0,
            100.0,
            100.0,
            100.0,
            100.0,
            100.0
        ],
        "2": [
            78.32666666666667,
            85.30666666666667,
            88.97666666666667,
            91.76666666666667,
            93.47666666666667,
            94.29,
            95.26,
            95.67666666666666,
            96.23,
            97.05666666666667,
            97.28666666666666,
            97.39333333333333,
            97.64333333333333,
            97.86666666666666,
            98.09333333333333,
            98.52,
            98.43666666666667,
            98.42666666666666,
            99.07,
            98.81333333333333,
            98.74666666666667,
            99.02,
            98.98333333333333,
            99.64333333333333,
            99.27,
            99.21666666666667,
            99.25,
            99.23666666666666,
            99.64,
            99.49333333333334,
            99.76333333333334,
            99.72333333333333,
            99.84666666666666,
            99.66333333333333,
            99.82333333333334,
            99.75666666666666,
            99.94333333333333,
            100.0,
            99.95333333333333,
            100.0,
            100.0,
            100.0,
            100.0,
            100.0,
            100.0,
            100.0,
            100.0,
            100.0,
            100.0,
            100.0,
            100.0,
            100.0,
            100.0,
            100.0,
            100.0,
            100.0,
            100.0,
            100.0,
            100.0,
            100.0
        ],
        "3": [
            76.71,
            84.99,
            88.82666666666667,
            91.57,
            92.87,
            94.03333333333333,
            94.93,
            95.88,
            96.40666666666667,
            96.48,
            96.66666666666667,
            97.43333333333334,
            97.49333333333334,
            98.0,
            97.95,
            98.29333333333334,
            98.30666666666667,
            98.70333333333333,
            98.59333333333333,
            98.74333333333334,
            98.90666666666667,
            98.93666666666667,
            98.99666666666667,
            99.28666666666666,
            99.15666666666667,
            99.55666666666667,
            99.44,
            99.59666666666666,
            99.47,
            99.47666666666667,
            99.59,
            99.73,
            99.68666666666667,
            99.88,
            99.97666666666667,
            99.92666666666666,
            99.98333333333333,
            99.98666666666666,
            99.99666666666667,
            99.99666666666667,
            100.0,
            100.0,
            100.0,
            100.0,
            100.0,
            100.0,
            100.0,
            100.0,
            100.0,
            100.0,
            100.0,
            100.0,
            100.0,
            100.0,
            100.0,
            100.0,
            100.0,
            100.0,
            100.0,
            100.0
        ],