{
    "global_accuracy_history": [
        10.0,
        10.0,
        10.0,
        14.45,
        24.09
    ],
    "local_accuracy_histories": {
        "0": [
            23.33333396911621,
            24.58333396911621,
            28.5,
            28.0,
            30.58333396911621
        ],
        "1": [
            21.25,
            25.166667938232422,
            26.666667938232422,
            29.33333396911621,
            30.25
        ],
        "2": [
            22.0,
            25.75,
            28.5,
            31.666667938232422,
            27.33333396911621
        ],
        "3": [
            23.416667938232422,
            26.416667938232422,
            27.33333396911621,
            29.33333396911621,
            29.916667938232422
        ],
        "4": [
            21.166667938232422,
            24.08333396911621,
            28.5,
            27.08333396911621,
            29.25
        ],
        "5": [
            20.666667938232422,
            24.83333396911621,
            25.666667938232422,
            27.5,
            30.08333396911621
        ],
        "6": [
            19.5,
            22.416667938232422,
            26.666667938232422,
            31.25,
            29.33333396911621
        ],
        "7": [
            22.0,
            24.25,
            27.25,
            30.916667938232422,
            32.66666793823242
        ],
        "8": [
            22.666667938232422,
            24.83333396911621,
            28.33333396911621,
            29.08333396911621,
            30.33333396911621
        ],
        "9": [
            26.33333396911621,
            23.75,
            25.75,
            28.75,
            30.25
        ]
    },
    "config": {
        "data_path": "./datasets",
        "split_mode": "iid",
        "batch_select": "random",
        "client_num": 10,
        "subset_frac": 0.2,
        "classes_per_client": 4,
        "lr": 0.01,
        "epochs": 5,
        "local_epochs": 1,
        "bs": 128,
        "gamma": 0,
        "initial_neighbor_rate": 1,
        "participation_rate": 0.6,
        "communication_rounds": [
            1,
            1,
            1,
            1,
            1,
            1,
            1,
            1,
            1,
            1
        ],
        "test_batch_size": 32,
        "s_ratio": 1.0,
        "min_dense_params": 2048,
        "dense_keywords": [
            "bn",
            "running_mean",
            "running_var",
            "num_batches_tracked",
            "conv1",
            "fc."
        ],
        "use_fedbn": false,
        "lr_decay_step": 10,
        "lr_decay_beta": 0.9
    },
    "elapsed_seconds": 84.75565218925476,
    "elapsed_hms": "0:01:24",
    "run_params": {
        "client_num": 10,
        "local_epochs": 1
    }
}