{
    "global_accuracy_history": [
        10.0,
        10.0,
        10.0,
        10.01,
        23.34
    ],
    "local_accuracy_histories": {
        "0": [
            21.166667938232422,
            28.08333396911621,
            26.25,
            27.75,
            28.75
        ],
        "1": [
            21.58333396911621,
            22.83333396911621,
            26.58333396911621,
            28.916667938232422,
            30.33333396911621
        ],
        "2": [
            21.416667938232422,
            25.166667938232422,
            28.25,
            29.83333396911621,
            31.25
        ],
        "3": [
            22.75,
            24.58333396911621,
            25.08333396911621,
            28.5,
            30.416667938232422
        ],
        "4": [
            21.416667938232422,
            23.58333396911621,
            25.08333396911621,
            27.916667938232422,
            28.916667938232422
        ],
        "5": [
            23.666667938232422,
            21.58333396911621,
            25.666667938232422,
            26.08333396911621,
            29.83333396911621
        ],
        "6": [
            21.58333396911621,
            23.25,
            25.666667938232422,
            26.666667938232422,
            29.08333396911621
        ],
        "7": [
            23.33333396911621,
            26.58333396911621,
            26.83333396911621,
            27.916667938232422,
            30.666667938232422
        ],
        "8": [
            23.83333396911621,
            23.916667938232422,
            26.916667938232422,
            29.916667938232422,
            31.666667938232422
        ],
        "9": [
            22.25,
            23.5,
            27.416667938232422,
            29.25,
            32.083335876464844
        ]
    },
    "config": {
        "data_path": "./datasets",
        "split_mode": "iid",
        "batch_select": "random",
        "client_num": 10,
        "subset_frac": 0.2,
        "classes_per_client": 4,
        "lr": 0.01,
        "epochs": 5,
        "local_epochs": 1,
        "bs": 128,
        "gamma": 0,
        "initial_neighbor_rate": 1,
        "participation_rate": 0.6,
        "communication_rounds": [
            1,
            1,
            1,
            1,
            1,
            1,
            1,
            1,
            1,
            1
        ],
        "test_batch_size": 32,
        "s_ratio": 1.0,
        "min_dense_params": 2048,
        "dense_keywords": [
            "bn",
            "running_mean",
            "running_var",
            "num_batches_tracked",
            "conv1",
            "fc."
        ],
        "use_fedbn": false,
        "lr_decay_step": 10,
        "lr_decay_beta": 0.9
    },
    "elapsed_seconds": 53.20210385322571,
    "elapsed_hms": "0:00:53",
    "run_params": {
        "client_num": 10,
        "local_epochs": 1
    }
}