{
    "global_accuracy_history": [
        10.0,
        38.1,
        58.59,
        87.04,
        88.51,
        90.24,
        90.75,
        90.93,
        90.12,
        90.57,
        91.05,
        90.57,
        90.58,
        91.37,
        91.24,
        91.86,
        91.85,
        91.67,
        91.67,
        91.79,
        91.43,
        91.73,
        91.69,
        91.67,
        92.08,
        91.67,
        91.82,
        91.68,
        91.92,
        91.84,
        91.7,
        91.73,
        91.69,
        91.84,
        91.84,
        91.53,
        92.11,
        91.64,
        91.84,
        91.79,
        91.82,
        91.88,
        92.03,
        91.85,
        91.97,
        92.19,
        91.91,
        92.0,
        91.65,
        92.04,
        92.08,
        92.04,
        91.98,
        91.94,
        92.08,
        91.9,
        91.91,
        92.03,
        91.94,
        91.97
    ],
    "local_accuracy_histories": {
        "0": [
            82.91666412353516,
            88.91333770751953,
            91.13500213623047,
            94.41166687011719,
            95.32666778564453,
            97.24333190917969,
            97.38500213623047,
            97.86333465576172,
            98.19499969482422,
            98.5050048828125,
            99.37166595458984,
            98.65333557128906,
            98.82500457763672,
            99.15666961669922,
            100.0,
            99.11333465576172,
            99.33000183105469,
            99.26499938964844,
            100.0,
            99.40666961669922,
            99.48999786376953,
            99.45166778564453,
            100.0,
            99.56999969482422,
            99.63833618164062,
            99.58499908447266,
            99.6933364868164,
            99.7300033569336,
            99.74833679199219,
            99.76000213623047,
            99.75666809082031,
            99.78333282470703,
            99.84666442871094,
            99.80166625976562,
            99.97833251953125,
            99.83499908447266,
            99.9566650390625,
            99.961669921875,
            100.0,
            99.95166778564453,
            99.90166473388672,
            99.9000015258789,
            100.0,
            99.95000457763672,
            100.0,
            100.0,
            99.98500061035156,
            99.9749984741211,
            99.9566650390625,
            100.0,
            99.99833679199219,
            100.0,
            99.99833679199219,
            99.99666595458984,
            100.0,
            99.99666595458984,
            100.0,
            100.0,
            100.0,
            100.0
        ],
        "1": [
            83.92333221435547,
            89.5683364868164,
            92.3566665649414,
            94.95500183105469,
            95.95333099365234,
            97.00333404541016,
            98.3183364868164,
            98.3499984741211,
            98.57833099365234,
            99.02833557128906,
            99.99833679199219,
            99.0683364868164,
            99.31666564941406,
            99.19499969482422,
            99.28333282470703,
            99.42833709716797,
            99.46666717529297,
            99.46500396728516,
            99.6050033569336,
            99.61333465576172,
            99.5999984741211,
            99.71333312988281,
            99.72333526611328,
            99.70333099365234,
            99.76333618164062,
            99.84500122070312,
            99.86000061035156,
            99.82167053222656,
            99.86666870117188,
            99.80333709716797,
            99.81999969482422,
            99.86499786376953,
            99.88500213623047,
            99.91666412353516,
            99.84166717529297,
            99.97833251953125,
            99.9866714477539,
            99.99833679199219,
            99.92500305175781,
            99.98833465576172,
            100.0,
            99.97166442871094,
            99.99666595458984,
            99.93333435058594,
            99.98999786376953,
            99.96833801269531,
            99.99166870117188,
            100.0,
            99.99500274658203,
            99.97000122070312,
            99.99666595458984,
            99.99833679199219,
            99.98333740234375,
            99.99166870117188,
            100.0,
            100.0,
            100.0,
            99.99333190917969,
            100.0,
            100.0
        ],
        "2": [
            83.82666778564453,
            88.51667022705078,
            91.82666778564453,
            94.12333679199219,
            96.03333282470703,
            97.24166870117188,
            97.15166473388672,
            97.91166687011719,
            98.41500091552734,
            98.63833618164062,
            98.72333526611328,
            98.80667114257812,
            99.15333557128906,
            99.30333709716797,
            99.2683334350586,
            99.43000030517578,
            99.39500427246094,
            99.41666412353516,
            99.54833221435547,
            99.625,
            99.65499877929688,
            99.58000183105469,
            99.6300048828125,
            99.66500091552734,
            99.77333068847656,
            99.77333068847656,
            99.80000305175781,
            99.70333099365234,
            99.83499908447266,
            99.81666564941406,
            99.87000274658203,
            99.83833312988281,
            99.92500305175781,
            99.84000396728516,
            99.91666412353516,
            99.91500091552734,
            99.83833312988281,
            99.98999786376953,
            99.99166870117188,
            99.91000366210938,
            99.9566650390625,
            99.97000122070312,
            99.97000122070312,
            99.99166870117188,
            99.96500396728516,
            100.0,
            99.99666595458984,
            99.97166442871094,
            100.0,
            100.0,
            99.91500091552734,
            100.0,
            100.0,
            100.0,
            99.99666595458984,
            100.0,
            100.0,
            100.0,
            100.0,
            100.0
        ],
        "3": [
            83.73333740234375,
            88.55166625976562,
            92.2933349609375,
            94.95500183105469,
            95.9383316040039,
            97.28666687011719,
            97.9816665649414,
            98.20500183105469,
            98.57500457763672,
            98.54499816894531,
            98.78333282470703,
            99.23833465576172,
            99.09000396728516,
            99.17666625976562,
            99.39167022705078,
            99.28833770751953,
            99.44833374023438,
            99.47000122070312,
            99.44499969482422,
            99.51499938964844,
            99.61000061035156,
            99.62667083740234,
            99.62000274658203,
            99.75833129882812,
            99.70999908447266,
            99.69499969482422,
            99.8116683959961,
            99.8116683959961,
            99.8316650390625,
            99.82666778564453,
            99.86000061035156,
            99.8499984741211,
            100.0,
            99.83833312988281,
            99.93000030517578,
            99.93333435058594,
            99.96500396728516,
            99.84500122070312,
            99.99833679199219,
            99.96333312988281,
            99.93000030517578,
            99.9800033569336,
            99.95333099365234,
            99.99500274658203,
            99.9800033569336,
            99.87333679199219,
            100.0,
            100.0,
            99.99833679199219,
            99.98833465576172,
            100.0,
            100.0,
            99.9816665649414,
            100.0,
            99.99500274658203,
            100.0,
            100.0,
            100.0,
            100.0,
            100.0
        ],