{
    "global_accuracy_history": [
        10.0,
        12.92,
        32.95,
        85.97,
        86.44,
        87.83,
        88.48,
        86.34,
        88.18,
        89.31,
        89.8,
        89.91,
        90.37,
        90.39,
        90.47,
        90.31,
        90.7,
        90.68,
        91.66,
        91.08,
        90.81,
        91.24,
        90.87,
        91.15,
        91.46,
        91.14,
        90.96,
        91.43,
        91.14,
        91.0,
        91.14,
        90.8,
        90.15,
        91.67,
        91.21,
        91.34,
        91.57,
        91.71,
        91.51,
        91.95,
        91.76,
        91.81,
        91.74,
        91.73,
        91.73,
        91.72,
        91.66,
        91.65,
        91.71,
        91.72,
        91.69,
        91.69,
        91.69,
        91.73,
        91.74,
        91.75,
        91.65,
        91.62,
        91.65,
        91.67
    ],
    "local_accuracy_histories": {
        "0": [
            80.3,
            84.72,
            88.85666666666667,
            91.67333333333333,
            93.43,
            94.28,
            95.21666666666667,
            95.92666666666666,
            95.95666666666666,
            96.54666666666667,
            96.79333333333334,
            97.54,
            97.42666666666666,
            97.8,
            99.89,
            98.1,
            98.35,
            99.99333333333334,
            98.73333333333333,
            98.8,
            98.85333333333334,
            99.08666666666667,
            98.84666666666666,
            99.07666666666667,
            99.61,
            99.36333333333333,
            99.28666666666666,
            99.76333333333334,
            99.43333333333334,
            99.63333333333334,
            100.0,
            99.55,
            99.53333333333333,
            99.92,
            99.56,
            99.98,
            99.96666666666667,
            99.99666666666667,
            99.96,
            100.0,
            100.0,
            100.0,
            100.0,
            100.0,
            100.0,
            100.0,
            100.0,
            100.0,
            100.0,
            100.0,
            100.0,
            100.0,
            100.0,
            100.0,
            100.0,
            100.0,
            100.0,
            100.0,
            100.0,
            100.0
        ],
        "1": [
            80.19,
            85.84,
            89.49333333333334,
            92.03666666666666,
            93.61666666666666,
            97.70333333333333,
            95.11666666666666,
            96.24333333333334,
            97.17333333333333,
            97.65333333333334,
            97.58,
            97.74,
            97.97,
            98.22,
            98.44,
            98.43,
            98.52,
            99.03333333333333,
            99.02,
            99.11333333333333,
            99.10666666666667,
            99.29,
            99.30666666666667,
            99.46666666666667,
            99.29333333333334,
            99.71333333333334,
            99.77,
            99.89333333333333,
            99.45333333333333,
            99.98333333333333,
            99.92333333333333,
            99.57666666666667,
            99.86333333333333,
            99.89,
            100.0,
            99.97666666666667,
            100.0,
            100.0,
            100.0,
            100.0,
            100.0,
            100.0,
            100.0,
            100.0,
            100.0,
            100.0,
            100.0,
            100.0,
            100.0,
            100.0,
            100.0,
            100.0,
            100.0,
            100.0,
            100.0,
            100.0,
            100.0,
            100.0,
            100.0,
            100.0
        ],
        "2": [
            80.3,
            85.67666666666666,
            88.47333333333333,
            91.49,
            93.40333333333334,
            94.21,
            95.22,
            95.74333333333334,
            96.40333333333334,
            96.69666666666667,
            97.08333333333333,
            97.54,
            98.01333333333334,
            98.09666666666666,
            98.23666666666666,
            98.43333333333334,
            98.59666666666666,
            98.77333333333333,
            98.84333333333333,
            98.85333333333334,
            98.7,
            99.21,
            99.24,
            99.58666666666667,
            99.60333333333334,
            99.39,
            99.41333333333333,
            99.45666666666666,
            99.96333333333334,
            99.66,
            99.82,
            99.98333333333333,
            99.8,
            99.87,
            99.97666666666667,
            99.91333333333333,
            99.98666666666666,
            99.97,
            100.0,
            100.0,
            100.0,
            100.0,
            100.0,
            100.0,
            100.0,
            100.0,
            100.0,
            100.0,
            100.0,
            100.0,
            100.0,
            100.0,
            100.0,
            100.0,
            100.0,
            100.0,
            100.0,
            100.0,
            100.0,
            100.0
        ],
        "3": [
            79.82333333333334,
            84.64,
            88.42,
            91.30666666666667,
            93.19,
            94.20333333333333,
            95.07333333333334,
            96.13666666666667,
            96.46333333333334,
            97.04,
            97.27666666666667,
            97.48666666666666,
            97.84,
            98.03333333333333,
            98.43333333333334,
            98.50666666666666,
            98.72666666666667,
            98.71,
            98.92,
            99.37333333333333,
            99.13333333333334,
            99.04333333333334,
            99.14333333333333,
            99.29333333333334,
            99.25666666666666,
            99.64333333333333,
            99.62,
            99.55666666666667,
            99.84666666666666,
            99.62,
            99.65333333333334,
            99.74333333333334,
            99.97333333333333,
            99.85666666666667,
            100.0,
            99.87666666666667,
            99.99333333333334,
            99.95333333333333,
            100.0,
            99.53333333333333,
            99.73666666666666,
            99.98333333333333,
            99.98,
            100.0,
            99.98666666666666,
            100.0,
            99.99333333333334,
            100.0,
            100.0,
            100.0,
            100.0,
            100.0,
            100.0,
            100.0,
            100.0,
            100.0,
            100.0,
            100.0,
            100.0,
            100.0
        ],