{
    "global_accuracy_history": [
        10.0,
        31.63,
        79.07,
        54.79,
        88.06,
        86.54,
        86.88,
        89.16,
        88.96,
        90.16,
        88.37,
        90.18,
        89.6,
        90.52,
        90.26,
        89.73,
        90.64,
        90.0,
        90.05,
        90.61,
        89.16,
        90.37,
        90.45,
        89.82,
        90.69,
        90.76,
        90.72,
        90.8,
        90.6,
        90.88,
        90.68,
        90.1,
        90.7,
        91.04,
        91.23,
        90.7,
        90.76,
        90.95,
        91.33,
        91.25,
        91.2,
        91.31,
        91.27,
        91.07,
        91.47,
        90.55,
        91.31,
        91.57,
        91.58,
        91.34,
        91.4,
        91.5,
        91.53,
        91.56,
        91.53,
        91.61,
        91.55,
        91.59,
        91.61,
        91.58
    ],
    "local_accuracy_histories": {
        "0": [
            79.37166666666667,
            89.65,
            95.04666666666667,
            95.77666666666667,
            96.57833333333333,
            97.445,
            98.10833333333333,
            98.01666666666667,
            98.43333333333334,
            98.39666666666666,
            98.695,
            99.225,
            98.88,
            99.17166666666667,
            99.03666666666666,
            99.16333333333333,
            99.20166666666667,
            99.38833333333334,
            99.30333333333333,
            99.41666666666667,
            99.39333333333333,
            99.56666666666666,
            99.77333333333333,
            99.51666666666667,
            99.60333333333334,
            99.93,
            99.79,
            99.62833333333333,
            99.73666666666666,
            99.82333333333334,
            99.825,
            99.89333333333333,
            99.775,
            99.99833333333333,
            100.0,
            99.59166666666667,
            100.0,
            99.86666666666666,
            100.0,
            99.94,
            100.0,
            100.0,
            99.975,
            99.98833333333333,
            100.0,
            99.735,
            99.995,
            100.0,
            100.0,
            100.0,
            100.0,
            100.0,
            100.0,
            100.0,
            100.0,
            100.0,
            100.0,
            100.0,
            100.0,
            100.0
        ],
        "1": [
            76.44833333333334,
            90.05333333333333,
            94.46666666666667,
            96.66833333333334,
            97.03166666666667,
            97.915,
            98.76333333333334,
            98.37666666666667,
            98.70666666666666,
            98.97166666666666,
            98.98166666666667,
            99.10166666666667,
            99.20666666666666,
            99.20833333333333,
            99.32333333333334,
            99.47833333333334,
            99.34666666666666,
            99.42,
            99.35,
            99.47166666666666,
            99.57333333333334,
            99.53,
            99.53166666666667,
            99.52333333333333,
            99.47666666666667,
            99.645,
            99.60833333333333,
            99.59166666666667,
            99.72666666666667,
            99.68,
            99.59166666666667,
            99.70833333333333,
            99.825,
            99.82333333333334,
            99.78,
            99.83,
            99.82,
            100.0,
            99.73833333333333,
            99.98833333333333,
            99.98666666666666,
            99.71166666666667,
            99.9,
            99.995,
            99.95666666666666,
            100.0,
            100.0,
            100.0,
            100.0,
            100.0,
            100.0,
            100.0,
            100.0,
            100.0,
            100.0,
            100.0,
            100.0,
            100.0,
            100.0,
            100.0
        ],
        "2": [
            78.115,
            89.42833333333333,
            94.38166666666666,
            96.57166666666667,
            96.61833333333334,
            97.64333333333333,
            98.01666666666667,
            98.395,
            98.73,
            98.725,
            99.06166666666667,
            100.0,
            99.155,
            99.3,
            99.315,
            99.605,
            99.22666666666667,
            99.36333333333333,
            99.43166666666667,
            99.47333333333333,
            99.405,
            99.63166666666666,
            99.46,
            99.59833333333333,
            99.49166666666666,
            99.60166666666667,
            99.94333333333333,
            99.645,
            99.71833333333333,
            99.70833333333333,
            99.63166666666666,
            99.79,
            99.64333333333333,
            99.775,
            99.95,
            99.95,
            99.73666666666666,
            99.985,
            99.855,
            99.72166666666666,
            99.94666666666667,
            100.0,
            99.76833333333333,
            100.0,
            99.995,
            99.98333333333333,
            100.0,
            100.0,
            100.0,
            100.0,
            100.0,
            100.0,
            100.0,
            100.0,
            100.0,
            100.0,
            100.0,
            100.0,
            100.0,
            100.0
        ],
        "3": [
            77.43,
            88.97833333333334,
            94.27166666666666,
            95.81,
            96.81666666666666,
            98.685,
            97.885,
            98.09833333333333,
            98.57833333333333,
            98.71,
            98.825,
            98.85333333333334,
            100.0,
            99.04333333333334,
            99.09333333333333,
            99.13166666666666,
            99.31,
            99.29333333333334,
            99.35666666666667,
            99.37333333333333,
            99.38666666666667,
            99.455,
            99.705,
            99.51166666666667,
            99.51166666666667,
            99.605,
            99.72666666666667,
            99.70166666666667,
            99.69,
            99.65166666666667,
            99.91666666666667,
            99.65,
            99.815,
            99.84,
            99.92833333333333,
            99.85833333333333,
            99.82166666666667,
            99.92166666666667,
            99.695,
            99.99166666666666,
            99.855,
            99.99333333333334,
            99.99666666666667,
            99.87833333333333,
            99.92666666666666,
            99.99666666666667,
            100.0,
            100.0,
            100.0,
            100.0,
            100.0,
            100.0,
            100.0,
            100.0,
            100.0,
            100.0,
            100.0,
            100.0,
            100.0,
            100.0
        ],