{
    "global_accuracy_history": [
        10.0,
        10.0,
        10.0,
        14.93,
        25.69
    ],
    "local_accuracy_histories": {
        "0": [
            23.863637924194336,
            22.86931800842285,
            27.13068199157715,
            31.51633644104004,
            33.504974365234375
        ],
        "1": [
            23.473012924194336,
            24.98224449157715,
            27.02414894104004,
            29.598722457885742,
            34.6058235168457
        ],
        "2": [
            22.194602966308594,
            25.621450424194336,
            28.515625,
            28.924007415771484,
            33.416194915771484
        ],
        "3": [
            23.52627944946289,
            24.04119300842285,
            27.1484375,
            28.746450424194336,
            33.64701843261719
        ],
        "4": [
            23.952415466308594,
            24.62713050842285,
            29.066051483154297,
            30.36221694946289,
            33.73579788208008
        ],
        "5": [
            22.567472457885742,
            24.520597457885742,
            27.059659957885742,
            28.7109375,
            33.504974365234375
        ],
        "6": [
            20.79190444946289,
            27.166194915771484,
            26.811080932617188,
            28.249290466308594,
            33.611507415771484
        ],
        "7": [
            22.54971694946289,
            24.715909957885742,
            28.21377944946289,
            30.184659957885742,
            34.499290466308594
        ],
        "8": [
            23.91690444946289,
            24.715909957885742,
            27.9296875,
            29.261363983154297,
            32.36861038208008
        ],
        "9": [
            24.0234375,
            24.28977394104004,
            28.160512924194336,
            30.717330932617188,
            32.546165466308594
        ]
    },
    "config": {
        "data_path": "./datasets",
        "split_mode": "iid",
        "batch_select": "random",
        "client_num": 10,
        "subset_frac": 1,
        "classes_per_client": 4,
        "lr": 0.01,
        "epochs": 5,
        "local_epochs": 1,
        "bs": 512,
        "gamma": 0,
        "initial_neighbor_rate": 1,
        "participation_rate": 0.6,
        "communication_rounds": [
            1,
            1,
            1,
            1,
            1,
            1,
            1,
            1,
            1,
            1
        ],
        "test_batch_size": 32,
        "s_ratio": 1.0,
        "min_dense_params": 2048,
        "dense_keywords": [
            "bn",
            "running_mean",
            "running_var",
            "num_batches_tracked",
            "conv1",
            "fc."
        ],
        "use_fedbn": false,
        "lr_decay_step": 10,
        "lr_decay_beta": 0.9
    },
    "elapsed_seconds": 73.96900272369385,
    "elapsed_hms": "0:01:13",
    "run_params": {
        "client_num": 10,
        "local_epochs": 1
    }
}