{
    "global_accuracy_history": [
        17.18,
        44.98,
        68.53,
        81.62,
        83.13,
        84.86,
        85.52,
        86.99,
        86.61,
        86.9,
        86.96,
        87.57,
        87.58,
        87.81,
        88.13,
        88.9,
        88.94,
        87.9,
        89.54,
        88.64,
        89.81,
        89.29,
        88.64,
        90.1,
        89.94,
        89.43,
        89.53,
        90.46,
        90.45,
        90.78,
        90.27,
        90.71,
        90.61,
        90.53,
        90.2,
        90.69,
        90.0,
        89.75,
        90.51,
        90.22,
        89.01,
        89.58,
        89.81,
        90.24,
        89.77,
        90.2,
        88.98,
        90.17,
        90.08,
        90.06,
        90.49,
        90.71,
        89.98,
        90.43,
        90.45,
        90.51,
        90.91,
        90.84,
        89.95,
        90.14
    ],
    "local_accuracy_histories": {
        "0": [
            42.13333333333333,
            60.733333333333334,
            76.46666666666667,
            79.48333333333333,
            81.66666666666667,
            82.98333333333333,
            84.28333333333333,
            85.48333333333333,
            86.23333333333333,
            86.85,
            87.43333333333334,
            88.03333333333333,
            87.85,
            90.83333333333333,
            88.28333333333333,
            89.75,
            92.33333333333333,
            90.15,
            90.65,
            90.48333333333333,
            90.75,
            91.01666666666667,
            91.61666666666666,
            91.3,
            91.71666666666667,
            91.63333333333334,
            91.58333333333333,
            94.65,
            92.45,
            93.11666666666666,
            93.35,
            93.26666666666667,
            93.53333333333333,
            93.31666666666666,
            94.96666666666667,
            94.11666666666666,
            94.33333333333333,
            94.66666666666667,
            95.16666666666667,
            95.2,
            95.46666666666667,
            95.25,
            95.3,
            96.25,
            95.53333333333333,
            95.38333333333334,
            95.28333333333333,
            95.71666666666667,
            95.15,
            95.83333333333333,
            96.05,
            95.81666666666666,
            95.93333333333334,
            96.91666666666667,
            97.31666666666666,
            96.35,
            96.5,
            97.0,
            97.21666666666667,
            97.56666666666666
        ],
        "1": [
            40.4,
            63.983333333333334,
            76.48333333333333,
            79.5,
            82.15,
            83.43333333333334,
            84.43333333333334,
            85.6,
            86.96666666666667,
            87.16666666666667,
            87.83333333333333,
            88.48333333333333,
            88.58333333333333,
            88.81666666666666,
            89.58333333333333,
            90.0,
            90.1,
            90.55,
            90.51666666666667,
            91.06666666666666,
            91.23333333333333,
            91.7,
            92.15,
            91.91666666666667,
            91.78333333333333,
            92.66666666666667,
            92.33333333333333,
            93.31666666666666,
            92.93333333333334,
            93.2,
            93.51666666666667,
            93.26666666666667,
            93.7,
            93.68333333333334,
            93.98333333333333,
            94.88333333333334,
            93.98333333333333,
            94.3,
            94.9,
            95.0,
            95.05,
            95.55,
            95.48333333333333,
            94.86666666666666,
            95.35,
            95.95,
            96.55,
            95.9,
            95.9,
            96.41666666666667,
            96.26666666666667,
            96.43333333333334,
            96.48333333333333,
            96.36666666666666,
            96.7,
            96.28333333333333,
            96.65,
            97.41666666666667,
            97.01666666666667,
            97.3
        ],
        "2": [
            42.666666666666664,
            62.63333333333333,
            76.2,
            79.0,
            81.46666666666667,
            83.36666666666666,
            84.65,
            85.53333333333333,
            86.31666666666666,
            87.11666666666666,
            88.06666666666666,
            87.75,
            88.73333333333333,
            88.51666666666667,
            89.01666666666667,
            89.33333333333333,
            89.68333333333334,
            89.95,
            90.11666666666666,
            91.06666666666666,
            90.66666666666667,
            91.0,
            91.13333333333334,
            91.53333333333333,
            91.33333333333333,
            91.75,
            91.78333333333333,
            93.16666666666667,
            92.05,
            92.95,
            93.11666666666666,
            92.93333333333334,
            93.7,
            93.41666666666667,
            93.75,
            93.93333333333334,
            93.86666666666666,
            94.01666666666667,
            93.6,
            94.28333333333333,
            94.68333333333334,
            94.38333333333334,
            95.01666666666667,
            94.6,
            95.2,
            94.95,
            95.38333333333334,
            95.45,
            95.25,
            95.26666666666667,
            95.66666666666667,
            95.95,
            95.8,
            95.61666666666666,
            96.46666666666667,
            95.43333333333334,
            96.31666666666666,
            96.63333333333334,
            96.18333333333334,
            96.75
        ],
        "3": [
            41.96666666666667,
            60.93333333333333,
            75.7,
            79.43333333333334,
            81.61666666666666,
            83.2,
            84.11666666666666,
            84.95,
            85.65,
            86.18333333333334,
            87.23333333333333,
            87.25,
            87.9,
            88.23333333333333,
            88.36666666666666,
            88.88333333333334,
            89.1,
            89.31666666666666,
            89.78333333333333,
            90.4,
            90.68333333333334,
            90.93333333333334,
            93.51666666666667,
            90.58333333333333,
            91.66666666666667,
            91.75,
            92.0,
            92.08333333333333,
            91.78333333333333,
            92.01666666666667,
            92.48333333333333,
            92.15,
            92.61666666666666,
            93.23333333333333,
            92.9,
            92.66666666666667,
            93.35,
            93.83333333333333,
            95.08333333333333,
            94.03333333333333,
            94.4,
            95.15,
            94.86666666666666,
            95.81666666666666,
            94.78333333333333,
            95.48333333333333,
            95.26666666666667,
            96.41666666666667,
            95.33333333333333,
            95.78333333333333,
            96.46666666666667,
            95.96666666666667,
            95.96666666666667,
            96.93333333333334,
            96.55,
            96.96666666666667,
            96.6,
            96.85,
            96.58333333333333,
            97.08333333333333
        ],