{
    "global_accuracy_history": [
        10.0,
        10.14,
        31.87,
        45.79,
        75.86,
        86.17,
        87.75,
        87.98,
        88.16,
        88.17,
        88.43,
        89.62,
        89.56,
        90.38,
        89.39,
        89.7,
        89.95,
        90.26,
        89.9,
        90.43,
        89.43,
        89.82,
        90.06,
        89.85,
        90.15,
        91.37,
        91.03,
        91.13,
        90.63,
        90.63,
        90.4,
        90.96,
        90.19,
        90.92,
        91.46,
        90.39,
        91.09,
        91.27,
        90.8,
        90.83,
        91.18,
        91.46,
        90.05,
        91.37,
        91.55,
        91.51,
        91.55,
        90.77,
        91.68,
        91.4,
        91.35,
        90.04,
        91.61,
        91.44,
        91.45,
        91.41,
        91.75,
        91.66,
        91.7,
        91.74
    ],
    "local_accuracy_histories": {
        "0": [
            62.99,
            87.04,
            85.29666666666667,
            90.28333333333333,
            92.02,
            93.80666666666667,
            93.69666666666667,
            95.76333333333334,
            95.31666666666666,
            96.04,
            96.58,
            97.78,
            96.66333333333333,
            97.14333333333333,
            97.46333333333334,
            97.80666666666667,
            97.97666666666667,
            97.87333333333333,
            98.03,
            98.19666666666667,
            98.20333333333333,
            98.68,
            98.54666666666667,
            98.78333333333333,
            100.0,
            98.74333333333334,
            98.84666666666666,
            99.11333333333333,
            99.08666666666667,
            99.17,
            99.11,
            99.88666666666667,
            99.26,
            99.41,
            99.14333333333333,
            99.45,
            99.56333333333333,
            100.0,
            99.54,
            99.44,
            99.80666666666667,
            99.94333333333333,
            99.41,
            99.45666666666666,
            99.93,
            100.0,
            99.99,
            99.26333333333334,
            100.0,
            100.0,
            100.0,
            98.98666666666666,
            99.93333333333334,
            99.98,
            100.0,
            100.0,
            100.0,
            100.0,
            100.0,
            100.0
        ],
        "1": [
            62.656666666666666,
            82.32333333333334,
            88.02666666666667,
            91.42,
            92.76666666666667,
            93.67666666666666,
            95.03,
            95.70666666666666,
            95.85,
            96.37666666666667,
            96.89666666666666,
            97.59666666666666,
            97.51666666666667,
            97.71,
            97.77,
            98.12333333333333,
            97.99666666666667,
            98.40666666666667,
            98.48333333333333,
            98.44,
            98.79,
            98.58666666666667,
            98.71666666666667,
            98.76333333333334,
            98.81333333333333,
            99.14,
            99.14666666666666,
            99.08333333333333,
            99.03,
            99.27,
            99.55,
            99.44666666666667,
            99.57666666666667,
            99.74,
            99.5,
            99.71,
            99.31666666666666,
            99.67,
            99.87666666666667,
            99.49333333333334,
            99.76,
            99.98,
            99.26333333333334,
            99.82666666666667,
            99.97,
            100.0,
            99.97666666666667,
            100.0,
            100.0,
            99.64333333333333,
            99.99666666666667,
            99.97,
            99.99666666666667,
            100.0,
            99.49666666666667,
            99.59,
            100.0,
            100.0,
            100.0,
            100.0
        ],
        "2": [
            62.556666666666665,
            80.35666666666667,
            86.94,
            90.33,
            92.51666666666667,
            93.36333333333333,
            94.20333333333333,
            95.38333333333334,
            95.61333333333333,
            96.07,
            96.37333333333333,
            96.30333333333333,
            97.04333333333334,
            97.37,
            97.62333333333333,
            98.04333333333334,
            98.1,
            98.26,
            98.04666666666667,
            98.15333333333334,
            98.38,
            98.29333333333334,
            98.73666666666666,
            98.67,
            98.62,
            98.71333333333334,
            98.89666666666666,
            98.55,
            100.0,
            99.25666666666666,
            99.28,
            99.3,
            99.29666666666667,
            99.51666666666667,
            99.92,
            99.15666666666667,
            99.88333333333334,
            99.70333333333333,
            99.97333333333333,
            99.01666666666667,
            99.98,
            99.69333333333333,
            99.75,
            99.88,
            99.95333333333333,
            99.94,
            99.93333333333334,
            99.99666666666667,
            100.0,
            99.98666666666666,
            99.99,
            98.98333333333333,
            100.0,
            99.99666666666667,
            99.98666666666666,
            100.0,
            100.0,
            100.0,
            100.0,
            100.0
        ],
        "3": [
            62.626666666666665,
            80.62666666666667,
            91.46,
            89.41,
            92.05,
            93.23,
            94.51666666666667,
            94.89666666666666,
            95.76666666666667,
            96.30666666666667,
            96.71666666666667,
            97.04,
            97.11333333333333,
            97.78666666666666,
            97.88,
            97.65,
            98.0,
            98.29,
            98.56666666666666,
            98.42333333333333,
            99.21666666666667,
            98.64666666666666,
            98.88333333333334,
            98.78666666666666,
            98.76333333333334,
            98.93666666666667,
            99.08666666666667,
            99.36,
            99.24,
            99.19333333333333,
            99.53,
            99.09,
            99.73,
            99.36333333333333,
            99.33666666666667,
            99.65666666666667,
            99.49333333333334,
            99.94,
            99.51666666666667,
            99.56666666666666,
            99.84,
            99.97,
            99.91333333333333,
            99.85666666666667,
            99.87,
            99.69,
            99.97666666666667,
            99.35333333333334,
            99.99333333333334,
            99.99,
            99.13,
            99.99666666666667,
            99.95666666666666,
            99.35666666666667,
            100.0,
            99.83,
            100.0,
            100.0,
            100.0,
            100.0
        ],