{
    "global_accuracy_history": [
        10.26,
        19.3,
        54.1,
        77.19,
        87.41,
        89.7,
        89.88,
        89.19,
        90.21,
        89.86,
        90.58,
        90.54,
        91.12,
        90.93,
        90.66,
        90.7,
        90.89,
        90.77,
        90.91,
        91.16,
        91.04,
        91.07,
        91.07,
        91.46,
        91.28,
        91.39,
        91.15,
        91.21,
        90.92,
        91.3,
        91.28,
        91.3,
        91.07,
        91.33,
        91.49,
        91.65,
        91.72,
        91.85,
        91.85,
        91.66,
        91.73,
        91.7,
        91.7,
        91.75,
        91.79,
        91.8,
        91.82,
        91.79,
        91.81,
        91.77,
        91.77,
        91.79,
        91.77,
        91.75,
        91.77,
        91.77,
        91.79,
        91.74,
        91.8,
        91.74
    ],
    "local_accuracy_histories": {
        "0": [
            84.10333333333334,
            87.79333333333334,
            92.34833333333333,
            95.66666666666667,
            96.58833333333334,
            97.34833333333333,
            98.18333333333334,
            98.52833333333334,
            98.73833333333333,
            98.915,
            98.94833333333334,
            99.13666666666667,
            99.37666666666667,
            99.355,
            100.0,
            99.25333333333333,
            99.78,
            99.50166666666667,
            99.63666666666667,
            99.61,
            99.7,
            99.69333333333333,
            99.73,
            99.715,
            99.80666666666667,
            99.72333333333333,
            99.72,
            99.83166666666666,
            99.845,
            99.92166666666667,
            99.97,
            99.99,
            99.91333333333333,
            99.98,
            99.98833333333333,
            99.99333333333334,
            99.995,
            100.0,
            99.99833333333333,
            100.0,
            100.0,
            100.0,
            100.0,
            100.0,
            100.0,
            100.0,
            100.0,
            100.0,
            100.0,
            100.0,
            100.0,
            100.0,
            100.0,
            100.0,
            100.0,
            100.0,
            100.0,
            100.0,
            100.0,
            100.0
        ],
        "1": [
            82.295,
            90.285,
            93.05833333333334,
            96.06833333333333,
            97.235,
            98.27166666666666,
            98.40833333333333,
            98.68,
            98.57166666666667,
            98.87166666666667,
            99.12333333333333,
            99.27,
            99.19,
            99.30833333333334,
            99.32166666666667,
            99.38666666666667,
            99.46,
            99.44333333333333,
            99.47833333333334,
            99.7,
            99.70833333333333,
            99.73666666666666,
            99.695,
            99.75666666666666,
            99.77,
            99.95833333333333,
            99.865,
            99.84,
            99.835,
            99.945,
            99.885,
            99.98833333333333,
            99.99166666666666,
            99.99333333333334,
            99.99666666666667,
            100.0,
            99.99333333333334,
            100.0,
            100.0,
            100.0,
            100.0,
            100.0,
            100.0,
            100.0,
            100.0,
            100.0,
            100.0,
            100.0,
            100.0,
            100.0,
            100.0,
            100.0,
            100.0,
            100.0,
            100.0,
            100.0,
            100.0,
            100.0,
            100.0,
            100.0
        ],
        "2": [
            81.38333333333334,
            90.57833333333333,
            92.80333333333333,
            95.50833333333334,
            97.05833333333334,
            97.62,
            100.0,
            98.41833333333334,
            98.50833333333334,
            98.88166666666666,
            98.88333333333334,
            99.035,
            99.04833333333333,
            99.09333333333333,
            99.37333333333333,
            99.23333333333333,
            99.38333333333334,
            99.30833333333334,
            99.61333333333333,
            99.46833333333333,
            99.53666666666666,
            99.54333333333334,
            99.54166666666667,
            99.69,
            99.76,
            99.70166666666667,
            99.825,
            99.75333333333333,
            99.88,
            99.92333333333333,
            99.93833333333333,
            99.97666666666667,
            99.93333333333334,
            99.96166666666667,
            100.0,
            99.99,
            99.99666666666667,
            100.0,
            100.0,
            100.0,
            100.0,
            100.0,
            100.0,
            100.0,
            100.0,
            100.0,
            100.0,
            100.0,
            100.0,
            100.0,
            100.0,
            100.0,
            100.0,
            100.0,
            100.0,
            100.0,
            100.0,
            100.0,
            100.0,
            100.0
        ],
        "3": [
            82.05,
            89.72,
            92.83166666666666,
            95.43,
            96.87666666666667,
            97.58,
            98.22166666666666,
            98.27666666666667,
            98.63666666666667,
            98.76,
            98.905,
            98.98166666666667,
            99.165,
            99.17333333333333,
            99.39166666666667,
            99.36,
            99.42666666666666,
            99.50166666666667,
            99.435,
            99.545,
            99.58833333333334,
            99.65166666666667,
            99.66333333333333,
            99.82,
            99.84166666666667,
            99.76166666666667,
            99.69333333333333,
            100.0,
            99.83166666666666,
            99.80333333333333,
            99.97166666666666,
            99.84666666666666,
            99.93,
            99.99666666666667,
            99.96833333333333,
            99.99166666666666,
            100.0,
            99.83166666666666,
            99.99666666666667,
            100.0,
            100.0,
            100.0,
            100.0,
            100.0,
            100.0,
            100.0,
            100.0,
            100.0,
            100.0,
            100.0,
            100.0,
            100.0,
            100.0,
            100.0,
            100.0,
            100.0,
            100.0,
            100.0,
            100.0,
            100.0
        ],