{
    "global_accuracy_history": [
        10.01,
        16.14,
        78.98,
        84.56,
        86.64,
        87.88,
        89.41,
        89.94,
        89.63,
        90.05,
        90.22,
        90.23,
        90.86,
        90.59,
        90.08,
        91.12,
        91.12,
        90.57,
        90.9,
        90.71,
        91.07,
        91.28,
        91.52,
        91.46,
        91.12,
        91.26,
        91.04,
        90.85,
        91.52,
        90.68,
        90.92,
        91.02,
        91.22,
        90.89,
        90.88,
        91.54,
        90.76,
        90.98,
        90.48,
        91.42,
        91.48,
        91.29,
        91.56,
        91.68,
        91.58,
        91.79,
        91.71,
        91.81,
        91.8,
        91.83,
        91.78,
        91.8,
        91.83,
        91.8,
        91.75,
        91.79,
        91.79,
        91.76,
        91.79,
        91.74
    ],
    "local_accuracy_histories": {
        "0": [
            85.59166666666667,
            89.79833333333333,
            93.28833333333333,
            96.22666666666667,
            96.92,
            97.58666666666667,
            97.74,
            98.28333333333333,
            98.715,
            98.65833333333333,
            98.83833333333334,
            99.00666666666666,
            99.00333333333333,
            99.50666666666666,
            99.12166666666667,
            99.235,
            100.0,
            99.21166666666667,
            99.34833333333333,
            99.52,
            99.46166666666667,
            99.595,
            99.69166666666666,
            99.95,
            99.705,
            99.64666666666666,
            99.9,
            99.75833333333334,
            99.895,
            99.61666666666666,
            99.815,
            99.67833333333333,
            99.97,
            99.71166666666667,
            99.91833333333334,
            100.0,
            99.86333333333333,
            99.76,
            99.71833333333333,
            99.98333333333333,
            99.99666666666667,
            99.85166666666667,
            100.0,
            100.0,
            100.0,
            100.0,
            100.0,
            100.0,
            100.0,
            100.0,
            100.0,
            100.0,
            100.0,
            100.0,
            100.0,
            100.0,
            100.0,
            100.0,
            100.0,
            100.0
        ],
        "1": [
            85.98333333333333,
            91.305,
            94.46666666666667,
            96.08,
            97.235,
            98.055,
            98.16333333333333,
            98.75,
            98.76333333333334,
            98.83666666666667,
            99.04333333333334,
            99.23166666666667,
            99.27833333333334,
            99.305,
            99.31666666666666,
            99.305,
            99.42333333333333,
            99.45333333333333,
            99.405,
            99.565,
            99.68833333333333,
            99.61333333333333,
            99.65333333333334,
            99.59166666666667,
            99.98166666666667,
            99.70166666666667,
            99.96333333333334,
            99.80833333333334,
            99.755,
            99.91833333333334,
            99.77166666666666,
            99.98333333333333,
            99.905,
            99.93666666666667,
            99.82666666666667,
            99.99833333333333,
            99.96,
            99.99166666666666,
            99.74,
            100.0,
            99.73833333333333,
            100.0,
            100.0,
            100.0,
            99.99833333333333,
            100.0,
            100.0,
            100.0,
            100.0,
            100.0,
            100.0,
            100.0,
            100.0,
            100.0,
            100.0,
            100.0,
            100.0,
            100.0,
            100.0,
            100.0
        ],
        "2": [
            84.135,
            90.265,
            93.51833333333333,
            96.03666666666666,
            97.11,
            97.72666666666667,
            98.16166666666666,
            98.30333333333333,
            98.37666666666667,
            98.6,
            98.98833333333333,
            99.07,
            99.15333333333334,
            99.17,
            99.68666666666667,
            99.29333333333334,
            99.27,
            99.4,
            99.45333333333333,
            99.54,
            99.58833333333334,
            99.51833333333333,
            99.71,
            99.54666666666667,
            99.65333333333334,
            99.66666666666667,
            99.68166666666667,
            99.67166666666667,
            99.68,
            99.85666666666667,
            99.67833333333333,
            99.79333333333334,
            99.95166666666667,
            99.67833333333333,
            99.90666666666667,
            99.69,
            99.93333333333334,
            99.95,
            99.75833333333334,
            99.935,
            99.83666666666667,
            99.99666666666667,
            99.99833333333333,
            100.0,
            99.81,
            100.0,
            100.0,
            100.0,
            100.0,
            100.0,
            100.0,
            100.0,
            100.0,
            100.0,
            100.0,
            100.0,
            100.0,
            100.0,
            100.0,
            100.0
        ],
        "3": [
            84.79833333333333,
            90.32166666666667,
            93.76333333333334,
            95.74,
            96.87833333333333,
            97.515,
            98.305,
            98.64,
            98.6,
            98.98166666666667,
            98.94,
            99.46333333333334,
            99.25,
            99.20166666666667,
            99.48333333333333,
            99.30333333333333,
            99.425,
            99.48833333333333,
            99.51833333333333,
            99.85166666666667,
            99.64833333333333,
            99.55166666666666,
            99.735,
            99.68,
            99.60333333333334,
            99.95166666666667,
            99.695,
            99.94666666666667,
            99.745,
            99.64166666666667,
            99.76666666666667,
            99.79333333333334,
            99.87333333333333,
            99.93666666666667,
            99.69166666666666,
            99.94833333333334,
            99.91833333333334,
            99.99,
            99.9,
            99.96333333333334,
            99.99833333333333,
            99.99833333333333,
            99.76,
            100.0,
            100.0,
            100.0,
            100.0,
            100.0,
            100.0,
            100.0,
            100.0,
            100.0,
            100.0,
            100.0,
            100.0,
            100.0,
            100.0,
            100.0,
            100.0,
            100.0
        ],