{
    "global_accuracy_history": [
        10.08,
        46.3,
        77.03,
        82.99,
        87.06,
        88.59,
        88.8,
        89.52,
        89.52,
        89.85,
        89.98,
        90.11,
        90.11,
        90.0,
        90.45,
        90.23,
        90.36,
        90.07,
        90.16,
        90.04,
        89.95,
        90.43,
        90.46,
        89.94,
        90.4,
        90.22,
        90.34,
        90.68,
        90.09,
        90.62,
        89.9,
        90.7,
        90.28,
        90.82,
        90.57,
        90.43,
        90.38,
        90.71,
        90.74,
        90.73,
        90.61,
        90.62,
        90.78,
        90.66,
        90.77,
        90.7,
        90.75,
        90.81,
        90.86,
        90.84,
        90.77,
        90.8,
        90.8,
        90.8,
        90.77,
        90.74,
        90.78,
        90.77,
        90.79,
        90.79
    ],
    "local_accuracy_histories": {
        "0": [
            70.25333333333333,
            84.92666666666666,
            92.905,
            97.26833333333333,
            96.19833333333334,
            97.61166666666666,
            98.18833333333333,
            98.44833333333334,
            98.59666666666666,
            98.79166666666667,
            98.94,
            98.93,
            99.15833333333333,
            99.145,
            99.20666666666666,
            99.24666666666667,
            100.0,
            99.49666666666667,
            99.405,
            99.52,
            99.705,
            99.74666666666667,
            99.605,
            99.62,
            99.72666666666667,
            99.64666666666666,
            99.73833333333333,
            99.72166666666666,
            99.73666666666666,
            99.82,
            99.81333333333333,
            99.91666666666667,
            99.95,
            99.88666666666667,
            99.995,
            99.94,
            99.98,
            100.0,
            100.0,
            100.0,
            100.0,
            100.0,
            100.0,
            99.99833333333333,
            100.0,
            100.0,
            100.0,
            100.0,
            100.0,
            100.0,
            100.0,
            100.0,
            100.0,
            100.0,
            100.0,
            100.0,
            100.0,
            100.0,
            100.0,
            100.0
        ],
        "1": [
            70.59333333333333,
            86.90666666666667,
            93.02166666666666,
            96.46166666666667,
            97.42666666666666,
            98.1,
            98.18166666666667,
            98.55,
            98.81,
            98.715,
            99.04833333333333,
            99.09333333333333,
            99.09166666666667,
            99.27833333333334,
            99.25,
            99.3,
            99.49166666666666,
            99.52,
            99.77833333333334,
            99.53666666666666,
            99.66666666666667,
            99.715,
            99.74333333333334,
            99.67666666666666,
            99.71666666666667,
            99.69,
            100.0,
            99.79833333333333,
            99.96833333333333,
            99.815,
            99.89666666666666,
            99.93666666666667,
            99.89333333333333,
            99.96,
            99.95,
            100.0,
            100.0,
            100.0,
            99.99166666666666,
            100.0,
            100.0,
            100.0,
            100.0,
            100.0,
            100.0,
            100.0,
            100.0,
            100.0,
            100.0,
            100.0,
            100.0,
            100.0,
            100.0,
            100.0,
            100.0,
            100.0,
            100.0,
            100.0,
            100.0,
            100.0
        ],
        "2": [
            66.68333333333334,
            84.52166666666666,
            94.10833333333333,
            95.74166666666666,
            97.09166666666667,
            97.62,
            99.09,
            98.14833333333333,
            98.50666666666666,
            98.96166666666667,
            98.865,
            98.89333333333333,
            99.04166666666667,
            99.03833333333333,
            99.35,
            100.0,
            99.29,
            99.43666666666667,
            99.43166666666667,
            99.43833333333333,
            99.49666666666667,
            99.53166666666667,
            99.59833333333333,
            99.60833333333333,
            99.76833333333333,
            99.74333333333334,
            99.84666666666666,
            99.84166666666667,
            99.96,
            99.76,
            99.88666666666667,
            99.78833333333333,
            99.85,
            99.95666666666666,
            99.98,
            99.98833333333333,
            99.99666666666667,
            99.99833333333333,
            100.0,
            99.99666666666667,
            100.0,
            100.0,
            100.0,
            100.0,
            100.0,
            100.0,
            100.0,
            100.0,
            100.0,
            100.0,
            100.0,
            100.0,
            100.0,
            100.0,
            100.0,
            100.0,
            100.0,
            100.0,
            100.0,
            100.0
        ],
        "3": [
            68.06833333333333,
            85.995,
            93.48833333333333,
            95.98666666666666,
            96.995,
            97.75,
            98.53333333333333,
            98.235,
            98.57,
            98.645,
            99.04833333333333,
            98.97666666666667,
            99.09166666666667,
            99.07333333333334,
            99.285,
            99.37666666666667,
            99.33666666666667,
            99.37166666666667,
            99.38333333333334,
            99.48,
            99.40666666666667,
            99.565,
            99.55833333333334,
            99.59833333333333,
            99.615,
            99.67,
            99.71333333333334,
            99.79166666666667,
            99.77333333333333,
            99.83333333333333,
            99.81666666666666,
            99.79166666666667,
            99.98333333333333,
            99.87,
            99.98666666666666,
            99.945,
            99.975,
            99.975,
            99.99,
            100.0,
            100.0,
            100.0,
            100.0,
            100.0,
            100.0,
            100.0,
            100.0,
            100.0,
            100.0,
            100.0,
            100.0,
            100.0,
            100.0,
            100.0,
            100.0,
            100.0,
            100.0,
            100.0,
            100.0,
            100.0
        ],