{
    "global_accuracy_history": [
        10.0,
        9.99,
        9.98,
        10.08,
        12.34,
        14.91,
        10.96,
        12.76,
        10.85,
        10.22,
        10.28,
        10.16,
        10.58,
        10.36,
        10.29,
        11.09,
        10.85,
        13.05,
        13.56,
        15.13,
        12.12,
        14.92,
        19.33,
        17.33,
        20.0,
        18.22,
        19.89,
        19.45,
        24.22,
        27.62,
        20.45,
        18.58,
        19.56,
        16.98,
        21.91,
        21.95,
        22.72,
        30.56,
        20.42,
        23.74,
        26.71,
        23.77,
        24.35,
        23.14,
        26.55,
        24.89,
        21.81,
        22.94,
        26.84,
        23.21
    ],
    "local_accuracy_histories": {
        "0": [
            59.70333480834961,
            79.22666931152344,
            89.77666473388672,
            90.42666625976562,
            93.70000457763672,
            95.63666534423828,
            97.44667053222656,
            99.27999877929688,
            98.55999755859375,
            98.84000396728516,
            98.74333190917969,
            99.98333740234375,
            98.54666900634766,
            98.58333587646484,
            99.12000274658203,
            99.08000183105469,
            99.55999755859375,
            99.45333099365234,
            99.45000457763672,
            99.77333068847656,
            99.94667053222656,
            99.96666717529297,
            99.04000091552734,
            99.96333312988281,
            99.9000015258789,
            99.46333312988281,
            99.94667053222656,
            100.0,
            99.20999908447266,
            99.83333587646484,
            99.9866714477539,
            99.79000091552734,
            99.77999877929688,
            99.99666595458984,
            99.88666534423828,
            100.0,
            100.0,
            99.84666442871094,
            99.74666595458984,
            99.97333526611328,
            100.0,
            100.0,
            99.9866714477539,
            99.99666595458984,
            99.95999908447266,
            99.97333526611328,
            99.99666595458984,
            99.97666931152344,
            100.0,
            99.99333190917969
        ],
        "1": [
            62.46333312988281,
            79.2300033569336,
            86.41000366210938,
            90.22333526611328,
            93.21666717529297,
            95.39666748046875,
            97.16666412353516,
            97.98333740234375,
            98.57666778564453,
            99.18333435058594,
            98.9000015258789,
            99.20333099365234,
            99.30667114257812,
            99.22333526611328,
            99.20999908447266,
            99.41333770751953,
            99.66666412353516,
            99.10333251953125,
            99.8933334350586,
            99.81999969482422,
            99.97666931152344,
            99.27666473388672,
            99.98333740234375,
            99.90333557128906,
            99.41999816894531,
            99.51000213623047,
            99.97333526611328,
            99.96333312988281,
            99.91999816894531,
            99.99333190917969,
            99.98333740234375,
            99.9800033569336,
            99.20000457763672,
            99.6933364868164,
            99.99333190917969,
            100.0,
            99.9866714477539,
            100.0,
            99.93333435058594,
            100.0,
            99.99666595458984,
            100.0,
            99.94667053222656,
            100.0,
            100.0,
            99.45999908447266,
            99.99666595458984,
            100.0,
            100.0,
            100.0
        ],
        "2": [
            62.706668853759766,
            78.31999969482422,
            85.26333618164062,
            89.45333099365234,
            92.26333618164062,
            94.77999877929688,
            96.41333770751953,
            97.52999877929688,
            98.25,
            99.02333068847656,
            98.83333587646484,
            98.78333282470703,
            99.18333435058594,
            99.01667022705078,
            99.44667053222656,
            99.21333312988281,
            99.92333221435547,
            98.5999984741211,
            99.73999786376953,
            99.7066650390625,
            99.75333404541016,
            99.1433334350586,
            99.97333526611328,
            99.92666625976562,
            99.16333770751953,
            99.91666412353516,
            99.9433364868164,
            99.38999938964844,
            99.97666931152344,
            100.0,
            99.93000030517578,
            99.98333740234375,
            99.92666625976562,
            99.98333740234375,
            99.90666961669922,
            99.97666931152344,
            100.0,
            99.97333526611328,
            99.61666870117188,
            99.99666595458984,
            100.0,
            100.0,
            99.99666595458984,
            99.99666595458984,
            99.9866714477539,
            100.0,
            99.99666595458984,
            100.0,
            100.0,
            99.9566650390625
        ],
        "3": [
            63.526668548583984,
            80.65333557128906,
            87.10333251953125,
            89.37667083740234,
            92.6066665649414,
            95.75,
            96.56666564941406,
            97.61666870117188,
            98.086669921875,
            99.05667114257812,
            98.836669921875,
            99.16666412353516,
            99.0,
            99.5433349609375,
            99.1433334350586,
            99.82333374023438,
            98.80333709716797,
            99.90666961669922,
            98.77333068847656,
            99.96333312988281,
            99.81666564941406,
            99.73333740234375,
            99.4566650390625,
            99.6866683959961,
            99.98999786376953,
            99.9866714477539,
            99.97000122070312,
            99.00333404541016,
            99.9566650390625,
            99.98333740234375,
            99.98999786376953,
            99.98999786376953,
            99.99666595458984,
            99.11000061035156,
            99.9800033569336,
            99.99666595458984,
            99.99666595458984,
            99.94667053222656,
            99.98999786376953,
            99.99333190917969,
            100.0,
            99.99666595458984,
            99.67666625976562,
            99.97666931152344,
            100.0,
            100.0,
            99.98999786376953,
            99.97666931152344,
            100.0,
            100.0
        ],