{
    "global_accuracy_history": [
        11.28,
        11.41,
        57.72,
        64.52,
        72.1,
        89.46,
        82.94,
        89.57,
        88.56,
        89.65,
        89.4,
        89.65,
        90.16,
        90.46,
        89.88,
        90.23,
        89.98,
        90.57,
        89.54,
        90.88,
        90.53,
        90.62,
        90.14,
        91.12,
        90.92,
        90.87,
        90.7,
        90.5,
        91.03,
        90.33,
        90.73,
        91.15,
        90.76,
        90.79,
        91.18,
        90.96,
        90.96,
        90.31,
        91.05,
        91.09,
        90.68,
        90.91,
        91.05,
        91.13,
        91.06,
        91.06,
        91.21,
        91.18,
        91.24,
        91.22,
        91.29,
        91.31,
        91.2,
        91.27,
        91.21,
        91.23,
        91.24,
        91.14,
        91.2,
        91.29
    ],
    "local_accuracy_histories": {
        "0": [
            75.41166687011719,
            87.37000274658203,
            90.5183334350586,
            93.40833282470703,
            98.8933334350586,
            96.27666473388672,
            97.08499908447266,
            97.5183334350586,
            97.8550033569336,
            98.37667083740234,
            98.60833740234375,
            98.85166931152344,
            98.74833679199219,
            98.93167114257812,
            98.8183364868164,
            99.12000274658203,
            99.25,
            99.25,
            99.31999969482422,
            99.37833404541016,
            99.461669921875,
            99.73999786376953,
            99.5050048828125,
            99.62667083740234,
            99.62000274658203,
            99.85333251953125,
            99.6866683959961,
            99.66666412353516,
            99.87833404541016,
            99.87000274658203,
            99.85333251953125,
            99.94667053222656,
            99.8116683959961,
            99.7550048828125,
            99.9816665649414,
            99.961669921875,
            99.95833587646484,
            99.84333801269531,
            99.99333190917969,
            99.97000122070312,
            99.79666900634766,
            100.0,
            99.99833679199219,
            99.99833679199219,
            100.0,
            100.0,
            100.0,
            99.99833679199219,
            100.0,
            100.0,
            100.0,
            100.0,
            100.0,
            100.0,
            100.0,
            100.0,
            100.0,
            100.0,
            100.0,
            100.0
        ],
        "1": [
            73.27666473388672,
            87.17666625976562,
            91.74166870117188,
            94.42166900634766,
            96.41999816894531,
            96.66500091552734,
            98.05333709716797,
            98.34166717529297,
            98.38500213623047,
            98.45333099365234,
            98.5050048828125,
            99.04166412353516,
            98.88833618164062,
            99.04666900634766,
            98.98333740234375,
            99.55000305175781,
            99.32167053222656,
            99.39500427246094,
            99.52166748046875,
            99.57500457763672,
            99.48500061035156,
            99.49166870117188,
            99.62833404541016,
            99.76667022705078,
            99.67666625976562,
            99.64833068847656,
            99.70833587646484,
            99.82333374023438,
            99.75666809082031,
            99.77333068847656,
            99.8316650390625,
            99.68499755859375,
            99.80667114257812,
            99.90166473388672,
            99.99166870117188,
            99.82333374023438,
            99.9749984741211,
            99.99333190917969,
            100.0,
            99.88166809082031,
            99.99833679199219,
            99.99833679199219,
            99.99833679199219,
            99.97000122070312,
            100.0,
            100.0,
            99.99666595458984,
            100.0,
            99.99666595458984,
            100.0,
            100.0,
            100.0,
            100.0,
            100.0,
            100.0,
            100.0,
            100.0,
            100.0,
            100.0,
            100.0
        ],
        "2": [
            75.03166961669922,
            85.87000274658203,
            91.87333679199219,
            93.6116714477539,
            96.09833526611328,
            96.53666687011719,
            97.15166473388672,
            97.59833526611328,
            98.12833404541016,
            98.40166473388672,
            98.38833618164062,
            98.81999969482422,
            99.35166931152344,
            98.86000061035156,
            99.12000274658203,
            99.22833251953125,
            100.0,
            99.24333190917969,
            99.25666809082031,
            99.24666595458984,
            99.50833129882812,
            99.52666473388672,
            99.5,
            99.5683364868164,
            99.65499877929688,
            99.67666625976562,
            99.61499786376953,
            99.7316665649414,
            100.0,
            99.72000122070312,
            99.93167114257812,
            99.78666687011719,
            99.88999938964844,
            99.9749984741211,
            99.84666442871094,
            99.8616714477539,
            99.94833374023438,
            99.95333099365234,
            99.9866714477539,
            99.94000244140625,
            99.99333190917969,
            100.0,
            100.0,
            99.98999786376953,
            100.0,
            100.0,
            100.0,
            99.99666595458984,
            100.0,
            100.0,
            100.0,
            100.0,
            100.0,
            100.0,
            100.0,
            99.98500061035156,
            100.0,
            100.0,
            100.0,
            100.0
        ],
        "3": [
            73.0683364868164,
            87.22833251953125,
            91.95833587646484,
            93.74500274658203,
            95.92666625976562,
            96.92666625976562,
            97.3499984741211,
            97.61000061035156,
            98.3116683959961,
            98.35333251953125,
            98.7550048828125,
            98.59166717529297,
            99.05667114257812,
            99.04833221435547,
            99.1433334350586,
            99.25666809082031,
            99.28500366210938,
            99.33333587646484,
            99.33833312988281,
            99.54499816894531,
            99.4800033569336,
            99.54000091552734,
            99.66999816894531,
            99.625,
            99.74500274658203,
            99.67500305175781,
            99.68333435058594,
            99.84833526611328,
            99.64666748046875,
            99.74333190917969,
            99.7683334350586,
            99.81666564941406,
            99.79666900634766,
            99.92333221435547,
            99.93000030517578,
            99.90166473388672,
            99.88333129882812,
            99.9800033569336,
            99.99333190917969,
            99.99833679199219,
            99.99333190917969,
            100.0,
            99.97333526611328,
            99.98999786376953,
            99.9749984741211,
            100.0,
            99.99666595458984,
            99.99833679199219,
            100.0,
            100.0,
            100.0,
            100.0,
            100.0,
            99.99833679199219,
            100.0,
            100.0,
            99.99666595458984,
            100.0,
            100.0,
            100.0
        ],