{
    "global_accuracy_history": [
        10.04,
        26.42,
        60.91,
        82.9,
        82.09,
        84.94,
        86.23,
        84.72,
        86.16,
        88.02,
        85.73,
        86.68,
        88.58,
        88.07,
        88.77,
        88.89,
        88.0,
        89.14,
        88.85,
        88.54,
        89.17,
        87.29,
        88.02,
        88.56,
        88.23,
        88.57,
        87.75,
        89.88,
        89.51,
        88.36,
        89.14,
        88.15,
        88.53,
        88.65,
        89.06,
        86.65,
        87.27,
        89.6,
        89.83,
        89.66,
        90.44,
        88.75,
        90.38,
        89.23,
        90.42,
        90.36,
        90.3,
        90.6,
        89.31,
        90.34,
        89.77,
        88.59,
        89.72,
        90.76,
        90.02,
        91.06,
        90.54,
        90.39,
        90.49,
        90.41
    ],
    "local_accuracy_histories": {
        "0": [
            53.766666666666666,
            69.35,
            78.5,
            82.61666666666666,
            84.38333333333334,
            85.96666666666667,
            86.71666666666667,
            87.08333333333333,
            87.7,
            88.25,
            88.95,
            89.28333333333333,
            89.43333333333334,
            90.98333333333333,
            90.3,
            90.7,
            91.28333333333333,
            91.15,
            91.61666666666666,
            91.58333333333333,
            92.83333333333333,
            91.9,
            92.88333333333334,
            92.38333333333334,
            92.51666666666667,
            93.1,
            93.1,
            93.68333333333334,
            94.63333333333334,
            93.91666666666667,
            94.35,
            94.4,
            94.63333333333334,
            95.1,
            95.03333333333333,
            96.36666666666666,
            95.68333333333334,
            95.91666666666667,
            95.98333333333333,
            96.15,
            96.43333333333334,
            96.31666666666666,
            96.28333333333333,
            97.65,
            96.7,
            97.08333333333333,
            97.26666666666667,
            97.36666666666666,
            97.36666666666666,
            97.51666666666667,
            97.95,
            97.21666666666667,
            97.7,
            98.13333333333334,
            98.2,
            98.45,
            98.48333333333333,
            98.45,
            98.28333333333333,
            98.55
        ],
        "1": [
            56.85,
            71.03333333333333,
            79.08333333333333,
            82.91666666666667,
            85.03333333333333,
            86.1,
            87.15,
            87.98333333333333,
            88.53333333333333,
            88.95,
            89.96666666666667,
            89.76666666666667,
            90.33333333333333,
            90.56666666666666,
            90.76666666666667,
            91.28333333333333,
            91.55,
            91.58333333333333,
            91.81666666666666,
            92.01666666666667,
            92.13333333333334,
            92.41666666666667,
            92.36666666666666,
            93.01666666666667,
            92.93333333333334,
            93.06666666666666,
            92.96666666666667,
            94.1,
            93.25,
            93.63333333333334,
            94.33333333333333,
            95.7,
            94.11666666666666,
            94.61666666666666,
            94.53333333333333,
            94.7,
            95.16666666666667,
            95.53333333333333,
            95.7,
            95.78333333333333,
            96.23333333333333,
            96.06666666666666,
            96.55,
            96.83333333333333,
            96.36666666666666,
            96.91666666666667,
            96.96666666666667,
            97.01666666666667,
            97.13333333333334,
            97.56666666666666,
            97.16666666666667,
            97.91666666666667,
            98.38333333333334,
            97.81666666666666,
            98.13333333333334,
            98.41666666666667,
            98.73333333333333,
            98.56666666666666,
            98.91666666666667,
            98.53333333333333
        ],
        "2": [
            51.983333333333334,
            70.63333333333334,
            78.45,
            82.08333333333333,
            84.33333333333333,
            86.06666666666666,
            86.56666666666666,
            87.61666666666666,
            88.05,
            88.41666666666667,
            89.05,
            89.06666666666666,
            89.46666666666667,
            90.21666666666667,
            90.48333333333333,
            90.48333333333333,
            91.23333333333333,
            90.73333333333333,
            91.38333333333334,
            91.41666666666667,
            91.8,
            92.18333333333334,
            92.2,
            92.45,
            93.03333333333333,
            92.96666666666667,
            92.91666666666667,
            93.41666666666667,
            93.55,
            93.68333333333334,
            94.33333333333333,
            94.5,
            95.28333333333333,
            94.45,
            95.2,
            95.63333333333334,
            95.98333333333333,
            95.6,
            95.9,
            95.9,
            96.41666666666667,
            96.03333333333333,
            96.15,
            96.3,
            96.41666666666667,
            96.8,
            97.0,
            97.33333333333333,
            97.28333333333333,
            97.71666666666667,
            97.63333333333334,
            97.95,
            98.0,
            98.4,
            98.43333333333334,
            98.33333333333333,
            98.56666666666666,
            98.33333333333333,
            98.96666666666667,
            98.63333333333334
        ],
        "3": [
            50.61666666666667,
            68.75,
            78.0,
            82.28333333333333,
            84.45,
            85.78333333333333,
            86.41666666666667,
            86.86666666666666,
            87.66666666666667,
            87.83333333333333,
            88.56666666666666,
            88.95,
            89.01666666666667,
            89.33333333333333,
            89.65,
            90.08333333333333,
            91.48333333333333,
            90.51666666666667,
            90.83333333333333,
            91.78333333333333,
            91.6,
            91.6,
            91.93333333333334,
            92.35,
            92.36666666666666,
            93.08333333333333,
            92.8,
            93.15,
            93.55,
            93.65,
            93.96666666666667,
            94.35,
            94.43333333333334,
            94.26666666666667,
            95.61666666666666,
            94.76666666666667,
            95.55,
            95.16666666666667,
            95.78333333333333,
            95.9,
            96.1,
            95.71666666666667,
            96.4,
            96.13333333333334,
            96.75,
            96.95,
            97.13333333333334,
            97.28333333333333,
            97.31666666666666,
            97.5,
            97.38333333333334,
            97.48333333333333,
            97.55,
            97.65,
            98.2,
            98.35,
            98.33333333333333,
            97.11666666666666,
            98.46666666666667,
            98.63333333333334
        ],