{
    "global_accuracy_history": [
        10.04,
        13.6,
        56.46,
        77.62,
        88.46,
        85.06,
        88.99,
        85.65,
        88.87,
        90.07,
        89.3,
        89.22,
        90.64,
        90.59,
        90.5,
        90.56,
        90.26,
        90.52,
        90.61,
        90.2,
        90.64,
        90.11,
        90.75,
        90.51,
        90.34,
        90.7,
        90.94,
        91.57,
        90.89,
        90.72,
        90.75,
        91.12,
        91.22,
        91.65,
        91.58,
        91.68,
        91.72,
        91.71,
        91.67,
        91.63,
        91.68,
        91.72,
        91.72,
        91.71,
        91.7,
        91.72,
        91.76,
        91.68,
        91.64,
        91.72,
        91.67,
        91.69,
        91.69,
        91.73,
        91.74,
        91.69,
        91.72,
        91.71,
        91.74,
        91.72
    ],
    "local_accuracy_histories": {
        "0": [
            81.12833333333333,
            92.68,
            93.97833333333334,
            99.22666666666667,
            96.65,
            97.31833333333333,
            98.22,
            98.34,
            98.67666666666666,
            98.62333333333333,
            98.9,
            99.125,
            99.04666666666667,
            99.34666666666666,
            99.31166666666667,
            99.4,
            99.425,
            99.46666666666667,
            100.0,
            99.63166666666666,
            99.49166666666666,
            99.63333333333334,
            99.635,
            99.67666666666666,
            100.0,
            99.85,
            99.79,
            99.99666666666667,
            99.85,
            99.89166666666667,
            100.0,
            99.92166666666667,
            99.96333333333334,
            99.99,
            100.0,
            99.99833333333333,
            100.0,
            100.0,
            100.0,
            100.0,
            100.0,
            100.0,
            100.0,
            100.0,
            100.0,
            100.0,
            100.0,
            100.0,
            100.0,
            100.0,
            100.0,
            100.0,
            100.0,
            100.0,
            100.0,
            100.0,
            100.0,
            100.0,
            100.0,
            100.0
        ],
        "1": [
            83.31333333333333,
            91.77666666666667,
            95.18,
            96.68833333333333,
            97.36,
            98.36666666666666,
            98.16,
            98.51666666666667,
            98.87833333333333,
            99.07,
            99.16166666666666,
            99.27333333333333,
            99.27166666666666,
            99.295,
            99.38333333333334,
            99.47833333333334,
            99.47166666666666,
            99.66333333333333,
            100.0,
            99.58333333333333,
            99.645,
            99.82166666666667,
            99.66833333333334,
            99.85833333333333,
            99.82666666666667,
            99.82333333333334,
            99.92166666666667,
            99.95833333333333,
            99.93166666666667,
            99.93833333333333,
            99.905,
            99.96833333333333,
            99.90666666666667,
            99.975,
            100.0,
            100.0,
            100.0,
            100.0,
            100.0,
            100.0,
            100.0,
            100.0,
            100.0,
            100.0,
            100.0,
            100.0,
            100.0,
            100.0,
            100.0,
            100.0,
            100.0,
            100.0,
            100.0,
            100.0,
            100.0,
            100.0,
            100.0,
            100.0,
            100.0,
            100.0
        ],
        "2": [
            82.48333333333333,
            90.84333333333333,
            94.92666666666666,
            95.94,
            97.51666666666667,
            98.10166666666667,
            98.07666666666667,
            98.45333333333333,
            98.67833333333333,
            100.0,
            99.00666666666666,
            99.17833333333333,
            99.18333333333334,
            99.18666666666667,
            100.0,
            99.42166666666667,
            99.41166666666666,
            99.52,
            99.54833333333333,
            99.59166666666667,
            99.61166666666666,
            99.59333333333333,
            99.72833333333334,
            99.81333333333333,
            99.71,
            99.75666666666666,
            99.88666666666667,
            99.95333333333333,
            99.85,
            99.93666666666667,
            99.93833333333333,
            100.0,
            100.0,
            99.99666666666667,
            99.98666666666666,
            100.0,
            100.0,
            100.0,
            100.0,
            100.0,
            100.0,
            100.0,
            100.0,
            100.0,
            100.0,
            100.0,
            100.0,
            100.0,
            100.0,
            100.0,
            100.0,
            100.0,
            100.0,
            100.0,
            100.0,
            100.0,
            100.0,
            100.0,
            100.0,
            100.0
        ],
        "3": [
            83.12666666666667,
            90.82166666666667,
            94.28333333333333,
            95.915,
            97.69833333333334,
            97.66,
            98.24166666666666,
            98.68333333333334,
            98.845,
            99.03,
            99.09,
            99.06666666666666,
            100.0,
            99.5,
            99.36333333333333,
            99.78166666666667,
            99.37333333333333,
            99.545,
            99.51833333333333,
            99.59833333333333,
            99.72166666666666,
            99.62333333333333,
            99.79833333333333,
            99.73666666666666,
            99.80333333333333,
            99.78833333333333,
            99.835,
            99.875,
            99.72833333333334,
            99.93833333333333,
            99.94666666666667,
            99.93,
            99.85666666666667,
            99.98333333333333,
            99.99833333333333,
            100.0,
            100.0,
            100.0,
            100.0,
            99.935,
            100.0,
            100.0,
            100.0,
            100.0,
            100.0,
            100.0,
            100.0,
            100.0,
            100.0,
            100.0,
            100.0,
            100.0,
            100.0,
            100.0,
            100.0,
            100.0,
            100.0,
            100.0,
            100.0,
            100.0
        ],