{
    "global_accuracy_history": [
        10.0,
        35.58,
        68.7,
        79.51,
        84.12,
        86.13,
        87.55,
        89.3,
        88.64,
        90.12,
        89.36,
        89.47,
        89.63,
        90.56,
        89.84,
        89.79,
        90.06,
        90.63,
        90.59,
        90.94,
        90.75,
        91.08,
        90.95,
        90.41,
        90.9,
        91.22,
        90.7,
        90.58,
        90.62,
        90.59,
        90.82,
        90.55,
        90.89,
        91.04,
        90.92,
        91.48,
        90.78,
        91.27,
        91.35,
        90.7,
        91.16,
        91.32,
        91.43,
        91.4,
        91.08,
        91.15,
        91.38,
        91.34,
        91.33,
        91.35,
        91.34,
        91.28,
        91.34,
        91.36,
        91.36,
        91.32,
        91.36,
        91.33,
        91.33,
        91.28
    ],
    "local_accuracy_histories": {
        "0": [
            77.94166666666666,
            89.52,
            94.61833333333334,
            96.03166666666667,
            96.705,
            97.785,
            97.825,
            98.28833333333333,
            98.12,
            98.58166666666666,
            98.81333333333333,
            99.395,
            98.9,
            98.93,
            99.155,
            99.09333333333333,
            99.18833333333333,
            99.34833333333333,
            99.38166666666666,
            100.0,
            99.325,
            99.49666666666667,
            100.0,
            99.45333333333333,
            99.48666666666666,
            99.98833333333333,
            99.50833333333334,
            99.52333333333333,
            99.62166666666667,
            99.73333333333333,
            99.735,
            99.825,
            99.79166666666667,
            99.93666666666667,
            99.72,
            99.995,
            99.68833333333333,
            99.81833333333333,
            99.98333333333333,
            99.75333333333333,
            99.935,
            100.0,
            99.995,
            100.0,
            99.96666666666667,
            99.995,
            100.0,
            100.0,
            100.0,
            100.0,
            100.0,
            100.0,
            100.0,
            100.0,
            100.0,
            100.0,
            100.0,
            100.0,
            100.0,
            100.0
        ],
        "1": [
            77.705,
            90.37666666666667,
            95.49333333333334,
            96.75833333333334,
            97.32,
            97.78833333333333,
            98.32833333333333,
            98.41666666666667,
            98.625,
            98.905,
            98.91166666666666,
            99.005,
            98.98166666666667,
            99.02,
            99.16166666666666,
            99.14833333333333,
            99.29833333333333,
            99.245,
            99.31,
            99.33666666666667,
            99.48666666666666,
            99.47,
            99.44,
            99.41166666666666,
            99.47833333333334,
            99.56666666666666,
            99.56,
            99.56666666666666,
            99.66166666666666,
            99.735,
            99.69333333333333,
            99.85833333333333,
            99.67833333333333,
            99.80166666666666,
            100.0,
            99.935,
            99.765,
            99.93166666666667,
            99.90333333333334,
            99.73833333333333,
            100.0,
            99.85166666666667,
            99.86333333333333,
            100.0,
            99.99333333333334,
            99.99833333333333,
            99.99666666666667,
            100.0,
            100.0,
            100.0,
            100.0,
            100.0,
            100.0,
            100.0,
            100.0,
            100.0,
            100.0,
            100.0,
            100.0,
            100.0
        ],
        "2": [
            77.35833333333333,
            90.42166666666667,
            94.84666666666666,
            96.89,
            97.05833333333334,
            97.685,
            98.16333333333333,
            98.59833333333333,
            98.59,
            98.72333333333333,
            98.945,
            99.01833333333333,
            99.12666666666667,
            99.19666666666667,
            99.30833333333334,
            100.0,
            99.24333333333334,
            99.56333333333333,
            99.285,
            99.51833333333333,
            99.41666666666667,
            99.40666666666667,
            99.44166666666666,
            99.58833333333334,
            99.73833333333333,
            99.79833333333333,
            99.59666666666666,
            99.62833333333333,
            99.69166666666666,
            99.73166666666667,
            99.96833333333333,
            99.7,
            99.71833333333333,
            99.98666666666666,
            99.71333333333334,
            99.76333333333334,
            99.975,
            99.87166666666667,
            99.80833333333334,
            100.0,
            99.64666666666666,
            99.92666666666666,
            100.0,
            99.83166666666666,
            99.99666666666667,
            99.995,
            100.0,
            100.0,
            100.0,
            100.0,
            100.0,
            100.0,
            100.0,
            100.0,
            100.0,
            100.0,
            100.0,
            100.0,
            100.0,
            100.0
        ],
        "3": [
            76.82,
            90.825,
            94.17833333333333,
            96.03666666666666,
            97.21833333333333,
            97.525,
            97.92,
            98.66166666666666,
            98.325,
            98.505,
            98.77333333333333,
            98.71,
            98.92,
            98.96833333333333,
            99.31,
            99.095,
            99.14,
            99.24666666666667,
            99.45333333333333,
            99.44833333333334,
            99.53333333333333,
            99.65666666666667,
            99.595,
            99.73,
            99.63,
            99.54,
            99.55833333333334,
            99.62333333333333,
            99.875,
            99.53166666666667,
            99.90666666666667,
            99.59666666666666,
            99.94333333333333,
            99.72166666666666,
            99.98333333333333,
            99.62333333333333,
            99.98833333333333,
            99.58,
            99.99666666666667,
            99.68333333333334,
            99.88166666666666,
            99.99166666666666,
            99.66333333333333,
            99.99666666666667,
            99.65333333333334,
            99.995,
            100.0,
            100.0,
            100.0,
            99.99833333333333,
            100.0,
            100.0,
            100.0,
            100.0,
            100.0,
            100.0,
            100.0,
            100.0,
            100.0,
            100.0
        ],