{
    "global_accuracy_history": [
        13.54,
        10.04,
        56.61,
        72.82,
        83.44,
        85.51,
        85.41,
        86.35,
        86.76,
        86.97,
        87.5,
        87.69,
        87.94,
        87.81,
        88.09,
        87.86,
        88.0,
        87.02,
        87.32,
        88.37
    ],
    "local_accuracy_histories": {
        "0": [
            64.625,
            85.70833587646484,
            84.06666564941406,
            88.42499542236328,
            92.0250015258789,
            92.54166412353516,
            94.54166412353516,
            94.41666412353516,
            97.16666412353516,
            96.80833435058594,
            97.92499542236328,
            96.98332977294922,
            98.29999542236328,
            98.59166717529297,
            98.34166717529297,
            98.60832977294922,
            98.59166717529297,
            99.09166717529297,
            98.67499542236328,
            99.79999542236328
        ],
        "1": [
            61.27499771118164,
            81.1500015258789,
            86.18333435058594,
            91.65833282470703,
            93.05833435058594,
            94.10832977294922,
            96.63333129882812,
            95.35832977294922,
            96.86666870117188,
            97.42499542236328,
            98.03333282470703,
            97.99166870117188,
            98.96666717529297,
            98.04999542236328,
            98.39166259765625,
            99.81666564941406,
            98.53333282470703,
            99.48332977294922,
            98.94166564941406,
            99.33333587646484
        ],
        "2": [
            63.45000076293945,
            79.0250015258789,
            85.82499694824219,
            89.41666412353516,
            92.39166259765625,
            95.1500015258789,
            94.98332977294922,
            95.86666870117188,
            97.86666870117188,
            96.79166412353516,
            97.28333282470703,
            97.14166259765625,
            97.20833587646484,
            97.79166412353516,
            98.65833282470703,
            98.75,
            99.90833282470703,
            98.00833129882812,
            99.625,
            100.0
        ],
        "3": [
            62.95000076293945,
            78.00833129882812,
            85.67499542236328,
            89.36666870117188,
            90.75833129882812,
            92.86666870117188,
            94.73332977294922,
            94.56666564941406,
            96.6500015258789,
            98.06666564941406,
            97.79999542236328,
            98.38333129882812,
            98.44166564941406,
            98.39166259765625,
            99.0250015258789,
            98.67499542236328,
            98.85832977294922,
            98.68333435058594,
            98.91666412353516,
            99.25
        ],
        "4": [
            61.83333206176758,
            76.23332977294922,
            84.74166870117188,
            87.14166259765625,
            90.68333435058594,
            91.79999542236328,
            93.84166717529297,
            94.81666564941406,
            98.92499542236328,
            95.04166412353516,
            96.53333282470703,
            96.44166564941406,
            99.9000015258789,
            96.36666870117188,
            98.31666564941406,
            97.4749984741211,
            97.92499542236328,
            97.48332977294922,
            97.25,
            98.57499694824219
        ]
    },
    "config": {
        "data_path": "./datasets",
        "client_num": 5,
        "subset_frac": 0.2,
        "lr": 0.01,
        "epochs": 20,
        "local_epochs": 1,
        "bs": 32,
        "gamma": 0,
        "initial_neighbor_rate": 1,
        "communication_rate": 0.6,
        "communication_periods": [
            1,
            1,
            1,
            1,
            1
        ],
        "test_batch_size": 32,
        "s_ratio": 1.0,
        "min_dense_params": 2048,
        "dense_keywords": [
            "bn",
            "running_mean",
            "running_var",
            "num_batches_tracked",
            "conv1",
            "fc."
        ],
        "use_fedbn": false,
        "lr_decay_step": 10,
        "lr_decay_beta": 0.9
    },
    "run_params": {
        "client_num": 5,
        "local_epochs": 5
    }
}