{
    "global_accuracy_history": [
        10.0,
        10.37,
        58.78,
        85.66,
        86.07,
        87.5,
        86.78,
        88.57,
        88.5,
        88.53,
        88.21,
        88.74,
        88.65,
        88.97,
        88.78,
        89.93,
        88.69,
        90.22,
        89.52,
        90.78,
        89.79,
        87.79,
        88.93,
        89.92,
        90.63,
        90.19,
        90.47,
        90.48,
        90.69,
        91.5,
        90.9,
        91.07,
        90.5,
        91.13,
        90.56,
        91.09,
        90.68,
        90.4,
        90.77,
        90.64,
        90.27,
        90.85,
        90.9,
        91.23,
        89.74,
        91.19,
        91.42,
        91.09,
        90.94,
        91.0,
        91.28,
        91.09,
        91.46,
        91.33,
        90.88,
        91.49,
        91.39,
        90.53,
        91.25,
        90.99
    ],
    "local_accuracy_histories": {
        "0": [
            70.64166666666667,
            79.425,
            82.55833333333334,
            85.53333333333333,
            89.80833333333334,
            87.95833333333333,
            89.275,
            89.05833333333334,
            90.39166666666667,
            91.125,
            92.91666666666667,
            91.475,
            91.8,
            92.14166666666667,
            93.15833333333333,
            93.26666666666667,
            93.125,
            93.55,
            93.825,
            94.45,
            94.80833333333334,
            95.01666666666667,
            95.08333333333333,
            94.88333333333334,
            96.35,
            95.76666666666667,
            96.19166666666666,
            95.90833333333333,
            96.35833333333333,
            96.61666666666666,
            97.76666666666667,
            97.025,
            98.175,
            97.11666666666666,
            97.825,
            97.65,
            97.30833333333334,
            97.86666666666666,
            98.875,
            98.35833333333333,
            98.575,
            98.725,
            98.80833333333334,
            98.83333333333333,
            98.45833333333333,
            98.75,
            98.73333333333333,
            98.875,
            98.78333333333333,
            99.56666666666666,
            98.73333333333333,
            99.10833333333333,
            99.80833333333334,
            99.66666666666667,
            99.56666666666666,
            99.61666666666666,
            99.69166666666666,
            99.29166666666667,
            99.86666666666666,
            98.83333333333333
        ],
        "1": [
            71.275,
            80.00833333333334,
            83.75833333333334,
            86.65,
            88.55,
            89.44166666666666,
            89.98333333333333,
            90.50833333333334,
            91.60833333333333,
            91.50833333333334,
            92.16666666666667,
            92.79166666666667,
            93.15833333333333,
            95.125,
            93.925,
            94.3,
            95.83333333333333,
            94.70833333333333,
            95.73333333333333,
            95.43333333333334,
            95.83333333333333,
            95.99166666666666,
            96.50833333333334,
            96.05,
            96.7,
            96.75833333333334,
            96.59166666666667,
            97.025,
            97.225,
            97.60833333333333,
            97.16666666666667,
            97.425,
            97.83333333333333,
            97.8,
            98.625,
            97.9,
            98.50833333333334,
            98.91666666666667,
            98.4,
            98.275,
            98.54166666666667,
            98.84166666666667,
            98.175,
            98.74166666666666,
            99.075,
            99.225,
            99.63333333333334,
            98.71666666666667,
            99.2,
            98.79166666666667,
            99.54166666666667,
            99.125,
            99.825,
            99.16666666666667,
            99.54166666666667,
            99.675,
            99.84166666666667,
            99.89166666666667,
            98.56666666666666,
            99.225
        ],
        "2": [
            71.29166666666667,
            78.95833333333333,
            83.11666666666666,
            85.74166666666666,
            87.75,
            88.61666666666666,
            89.45833333333333,
            89.875,
            90.75833333333334,
            91.2,
            91.36666666666666,
            95.6,
            92.98333333333333,
            92.88333333333334,
            93.30833333333334,
            93.59166666666667,
            94.15833333333333,
            94.49166666666666,
            95.10833333333333,
            95.25833333333334,
            95.4,
            95.84166666666667,
            95.71666666666667,
            96.3,
            96.70833333333333,
            96.73333333333333,
            96.775,
            97.18333333333334,
            96.71666666666667,
            97.20833333333333,
            97.03333333333333,
            97.55833333333334,
            97.125,
            97.5,
            97.5,
            98.325,
            98.36666666666666,
            98.28333333333333,
            98.06666666666666,
            98.175,
            98.56666666666666,
            98.95,
            98.90833333333333,
            98.58333333333333,
            98.49166666666666,
            98.95833333333333,
            98.68333333333334,
            99.29166666666667,
            99.15,
            98.88333333333334,
            98.35833333333333,
            99.25833333333334,
            99.7,
            98.71666666666667,
            99.38333333333334,
            99.225,
            99.88333333333334,
            99.80833333333334,
            99.98333333333333,
            98.60833333333333
        ],
        "3": [
            71.25,
            77.85833333333333,
            82.53333333333333,
            85.825,
            86.94166666666666,
            88.26666666666667,
            88.675,
            89.54166666666667,
            89.75,
            90.74166666666666,
            91.29166666666667,
            91.75,
            92.84166666666667,
            92.69166666666666,
            93.21666666666667,
            94.2,
            93.49166666666666,
            94.19166666666666,
            94.175,
            94.64166666666667,
            94.86666666666666,
            95.09166666666667,
            95.075,
            96.03333333333333,
            95.79166666666667,
            97.73333333333333,
            96.525,
            96.50833333333334,
            96.49166666666666,
            97.04166666666667,
            96.65833333333333,
            97.575,
            97.33333333333333,
            97.40833333333333,
            97.175,
            97.54166666666667,
            98.2,
            97.9,
            98.01666666666667,
            98.06666666666666,
            98.35833333333333,
            98.81666666666666,
            98.21666666666667,
            99.125,
            98.06666666666666,
            98.64166666666667,
            98.70833333333333,
            99.23333333333333,
            99.04166666666667,
            98.21666666666667,
            99.43333333333334,
            99.66666666666667,
            98.88333333333334,
            99.14166666666667,
            99.675,
            99.11666666666666,
            99.85833333333333,
            99.20833333333333,
            99.96666666666667,
            99.075
        ],