{
    "global_accuracy_history": [
        9.96,
        20.57,
        65.56,
        79.9,
        87.47,
        87.76,
        89.5,
        87.77,
        88.32,
        88.75,
        89.66,
        89.88,
        89.07,
        89.62,
        89.47,
        90.15,
        89.27,
        89.44,
        89.97,
        89.81,
        90.27,
        89.72,
        90.26,
        90.34,
        89.96,
        89.42,
        89.45,
        89.97,
        89.25,
        90.34,
        90.29,
        90.09,
        90.16,
        89.54,
        89.74,
        90.42,
        90.43,
        89.3,
        90.5,
        89.97,
        90.4,
        89.94,
        90.78,
        90.06,
        90.6,
        90.61,
        90.03,
        90.72,
        90.76,
        90.96,
        90.82,
        90.86,
        90.9,
        90.88,
        90.91,
        90.88,
        90.89,
        90.82,
        90.8,
        90.79
    ],
    "local_accuracy_histories": {
        "0": [
            71.05666666666667,
            85.35333333333334,
            92.40166666666667,
            95.70166666666667,
            96.54833333333333,
            97.03333333333333,
            97.545,
            97.77166666666666,
            97.905,
            98.41333333333333,
            98.22833333333334,
            100.0,
            98.60666666666667,
            98.73333333333333,
            98.92333333333333,
            99.0,
            99.165,
            99.18666666666667,
            99.19333333333333,
            99.36,
            99.43166666666667,
            99.41833333333334,
            100.0,
            99.415,
            99.54833333333333,
            99.46333333333334,
            100.0,
            99.51166666666667,
            99.505,
            99.86166666666666,
            99.47666666666667,
            100.0,
            99.50333333333333,
            99.67833333333333,
            99.77333333333333,
            99.83,
            99.71333333333334,
            99.755,
            99.91,
            99.70666666666666,
            99.98,
            99.75666666666666,
            99.995,
            99.775,
            99.98,
            100.0,
            99.765,
            100.0,
            99.97,
            100.0,
            100.0,
            100.0,
            100.0,
            100.0,
            100.0,
            100.0,
            100.0,
            100.0,
            100.0,
            100.0
        ],
        "1": [
            70.82166666666667,
            87.505,
            92.92666666666666,
            96.17333333333333,
            97.165,
            97.56833333333333,
            97.98833333333333,
            98.35333333333334,
            98.46833333333333,
            100.0,
            98.48666666666666,
            98.855,
            99.01,
            98.96333333333334,
            99.18,
            99.28166666666667,
            99.22666666666667,
            99.24166666666666,
            99.28,
            99.38666666666667,
            99.29,
            99.37666666666667,
            99.54833333333333,
            99.565,
            99.595,
            99.76166666666667,
            99.66833333333334,
            99.68333333333334,
            99.69166666666666,
            99.81166666666667,
            99.845,
            99.66833333333334,
            99.83,
            99.74833333333333,
            99.855,
            99.96,
            99.85,
            99.98833333333333,
            99.795,
            99.965,
            99.735,
            99.77166666666666,
            99.855,
            99.96833333333333,
            99.99,
            99.93166666666667,
            100.0,
            100.0,
            100.0,
            99.99666666666667,
            100.0,
            100.0,
            100.0,
            100.0,
            100.0,
            100.0,
            100.0,
            100.0,
            100.0,
            100.0
        ],
        "2": [
            70.08833333333334,
            85.77666666666667,
            92.69,
            96.26666666666667,
            96.68666666666667,
            97.67166666666667,
            98.06,
            98.265,
            98.52666666666667,
            98.85166666666667,
            98.73666666666666,
            98.72833333333334,
            99.08,
            98.82833333333333,
            99.09666666666666,
            99.16166666666666,
            99.16833333333334,
            99.35,
            99.395,
            99.52,
            99.44833333333334,
            99.50166666666667,
            99.43,
            99.44333333333333,
            99.61333333333333,
            99.55333333333333,
            99.68,
            99.78333333333333,
            99.56666666666666,
            99.655,
            99.69166666666666,
            99.69,
            99.77,
            99.725,
            99.855,
            99.74333333333334,
            99.75833333333334,
            99.86833333333334,
            99.83,
            99.98,
            99.76166666666667,
            99.98166666666667,
            99.95833333333333,
            99.74166666666666,
            99.98333333333333,
            99.73666666666666,
            99.99833333333333,
            100.0,
            100.0,
            100.0,
            100.0,
            100.0,
            100.0,
            100.0,
            100.0,
            100.0,
            100.0,
            100.0,
            100.0,
            100.0
        ],
        "3": [
            69.1,
            85.23833333333333,
            93.49166666666666,
            95.73333333333333,
            96.59333333333333,
            97.59666666666666,
            98.05166666666666,
            98.20166666666667,
            98.43666666666667,
            98.67,
            98.92166666666667,
            98.99333333333334,
            98.78,
            98.96833333333333,
            99.02333333333333,
            99.195,
            99.065,
            99.16333333333333,
            99.21333333333334,
            99.46833333333333,
            99.31,
            99.36833333333334,
            99.29666666666667,
            99.515,
            99.41833333333334,
            99.50333333333333,
            99.56833333333333,
            99.51333333333334,
            99.64,
            99.56333333333333,
            99.555,
            99.59666666666666,
            99.68333333333334,
            99.69166666666666,
            99.77166666666666,
            99.85833333333333,
            99.78333333333333,
            99.845,
            99.68833333333333,
            99.795,
            99.69,
            100.0,
            99.84833333333333,
            99.97,
            99.97833333333334,
            99.97,
            99.93833333333333,
            100.0,
            99.80666666666667,
            100.0,
            100.0,
            99.945,
            100.0,
            100.0,
            100.0,
            100.0,
            100.0,
            100.0,
            100.0,
            100.0
        ],