{
    "global_accuracy_history": [
        11.82,
        32.47,
        66.2,
        75.03,
        77.84,
        80.32,
        79.98,
        81.5,
        82.13,
        83.89,
        83.55,
        82.85,
        84.6,
        84.21,
        86.03,
        85.29,
        85.59,
        85.56,
        85.17,
        86.73
    ],
    "local_accuracy_histories": {
        "0": [
            30.041667938232422,
            42.708335876464844,
            54.375,
            70.08333587646484,
            75.04167175292969,
            77.75,
            79.04167175292969,
            80.625,
            81.625,
            84.08333587646484,
            83.91667175292969,
            84.95833587646484,
            86.08333587646484,
            86.45833587646484,
            87.70833587646484,
            87.58333587646484,
            88.375,
            88.5,
            88.66667175292969,
            89.16667175292969
        ],
        "1": [
            30.70833396911621,
            43.66666793823242,
            56.75,
            71.70833587646484,
            76.54167175292969,
            79.70833587646484,
            81.91667175292969,
            83.04167175292969,
            83.66667175292969,
            85.29167175292969,
            87.08333587646484,
            89.41667175292969,
            87.66667175292969,
            87.91667175292969,
            89.08333587646484,
            89.20833587646484,
            89.95833587646484,
            89.83333587646484,
            90.25,
            91.54167175292969
        ],
        "2": [
            32.25,
            42.79166793823242,
            55.25,
            70.66667175292969,
            75.5,
            79.33333587646484,
            80.25,
            81.125,
            84.25,
            85.54167175292969,
            85.75,
            87.375,
            87.375,
            88.04167175292969,
            87.875,
            88.70833587646484,
            89.33333587646484,
            89.875,
            90.04167175292969,
            90.75
        ],
        "3": [
            32.79166793823242,
            41.875,
            57.458335876464844,
            69.58333587646484,
            75.75,
            78.54167175292969,
            79.41667175292969,
            81.95833587646484,
            82.625,
            84.54167175292969,
            84.33333587646484,
            86.54167175292969,
            87.41667175292969,
            87.25,
            86.83333587646484,
            87.75,
            88.625,
            88.41667175292969,
            89.125,
            90.0
        ],
        "4": [
            29.916667938232422,
            43.583335876464844,
            58.708335876464844,
            68.5,
            74.625,
            77.33333587646484,
            78.66667175292969,
            80.04167175292969,
            81.125,
            83.29167175292969,
            83.375,
            86.58333587646484,
            84.375,
            84.45833587646484,
            85.54167175292969,
            86.79167175292969,
            86.625,
            87.04167175292969,
            87.04167175292969,
            87.70833587646484
        ]
    },
    "config": {
        "data_path": "./datasets",
        "client_num": 5,
        "subset_frac": 0.2,
        "lr": 0.01,
        "epochs": 20,
        "local_epochs": 1,
        "bs": 32,
        "gamma": 0,
        "initial_neighbor_rate": 1,
        "communication_rate": 0.6,
        "communication_periods": [
            1,
            1,
            1,
            1,
            1
        ],
        "test_batch_size": 32,
        "s_ratio": 1.0,
        "min_dense_params": 2048,
        "dense_keywords": [
            "bn",
            "running_mean",
            "running_var",
            "num_batches_tracked",
            "conv1",
            "fc."
        ],
        "use_fedbn": false,
        "lr_decay_step": 10,
        "lr_decay_beta": 0.9
    },
    "run_params": {
        "client_num": 5,
        "local_epochs": 1
    }
}