{
    "global_accuracy_history": [
        10.26,
        11.39,
        49.98,
        70.51,
        69.16,
        75.4,
        82.69,
        80.44,
        86.0,
        83.4,
        79.65,
        80.89,
        82.39,
        85.88,
        86.96,
        87.69,
        85.2,
        87.62,
        87.81,
        88.06,
        80.42,
        87.27,
        88.19,
        88.87,
        87.75,
        87.49,
        88.02,
        88.5,
        86.07,
        89.12,
        88.88,
        87.79,
        88.44,
        88.83,
        87.33,
        87.85,
        88.91,
        87.87,
        88.68,
        89.22,
        89.78,
        89.03,
        88.86,
        88.88,
        88.68,
        89.43,
        89.41,
        89.59,
        88.93,
        89.22
    ],
    "local_accuracy_histories": {
        "0": [
            62.46333312988281,
            82.49333190917969,
            86.87000274658203,
            90.41333770751953,
            92.58333587646484,
            94.49333190917969,
            95.10333251953125,
            97.01333618164062,
            96.78666687011719,
            97.16666412353516,
            97.24666595458984,
            99.8800048828125,
            97.35333251953125,
            97.61666870117188,
            97.63999938964844,
            97.56999969482422,
            97.65666961669922,
            99.2933349609375,
            97.86333465576172,
            98.55333709716797,
            98.18333435058594,
            98.52000427246094,
            98.54000091552734,
            98.41333770751953,
            98.23999786376953,
            98.45333099365234,
            98.4800033569336,
            98.63666534423828,
            98.46666717529297,
            99.09000396728516,
            100.0,
            98.91333770751953,
            99.00333404541016,
            98.83000183105469,
            99.00333404541016,
            98.90666961669922,
            99.22000122070312,
            99.12667083740234,
            99.44000244140625,
            99.37000274658203,
            99.97333526611328,
            98.9366683959961,
            99.3933334350586,
            99.41333770751953,
            98.85333251953125,
            99.27999877929688,
            99.88333129882812,
            98.78666687011719,
            99.36000061035156,
            99.74666595458984
        ],
        "1": [
            65.0999984741211,
            79.58000183105469,
            86.87333679199219,
            91.01000213623047,
            96.26333618164062,
            94.67333221435547,
            95.4000015258789,
            96.6933364868164,
            96.98333740234375,
            97.7066650390625,
            97.96333312988281,
            97.7933349609375,
            97.97666931152344,
            98.03666687011719,
            98.08333587646484,
            99.99333190917969,
            98.21333312988281,
            98.30999755859375,
            98.26667022705078,
            99.00333404541016,
            98.98333740234375,
            98.7366714477539,
            98.77000427246094,
            98.76667022705078,
            99.1300048828125,
            98.6500015258789,
            98.87667083740234,
            98.88666534423828,
            99.14666748046875,
            99.25333404541016,
            99.24333190917969,
            99.20333099365234,
            100.0,
            99.0433349609375,
            99.11666870117188,
            99.26000213623047,
            99.336669921875,
            99.25,
            99.33333587646484,
            99.78666687011719,
            99.17333221435547,
            99.74333190917969,
            100.0,
            99.2366714477539,
            99.44000244140625,
            99.17666625976562,
            99.4433364868164,
            99.3133316040039,
            99.86000061035156,
            99.52000427246094
        ],
        "2": [
            65.09333038330078,
            81.56999969482422,
            86.32666778564453,
            89.96333312988281,
            92.56666564941406,
            94.19000244140625,
            95.4566650390625,
            95.75,
            96.50666809082031,
            97.25,
            96.97666931152344,
            97.71666717529297,
            97.85333251953125,
            97.79000091552734,
            98.02666473388672,
            97.96666717529297,
            97.99666595458984,
            98.1300048828125,
            98.19667053222656,
            98.43000030517578,
            98.57666778564453,
            98.586669921875,
            98.6866683959961,
            98.6066665649414,
            98.89666748046875,
            98.91666412353516,
            98.58000183105469,
            98.89666748046875,
            98.73333740234375,
            99.16000366210938,
            98.96333312988281,
            98.94000244140625,
            99.4566650390625,
            99.4366683959961,
            98.92666625976562,
            98.97333526611328,
            99.27999877929688,
            98.85333251953125,
            99.40666961669922,
            99.72000122070312,
            99.20333099365234,
            99.31666564941406,
            99.36333465576172,
            99.59333801269531,
            99.99333190917969,
            99.03333282470703,
            99.72000122070312,
            99.59333801269531,
            99.43000030517578,
            99.80333709716797
        ],
        "3": [
            61.65333557128906,
            77.91666412353516,
            86.76000213623047,
            89.98999786376953,
            91.9800033569336,
            94.87000274658203,
            95.34333801269531,
            95.82666778564453,
            96.586669921875,
            97.26333618164062,
            97.43333435058594,
            97.4433364868164,
            97.50666809082031,
            97.63999938964844,
            97.70333099365234,
            97.88333129882812,
            97.84666442871094,
            98.1300048828125,
            98.36333465576172,
            98.81666564941406,
            98.4800033569336,
            98.58333587646484,
            98.79666900634766,
            99.63666534423828,
            98.586669921875,
            98.77999877929688,
            98.9366683959961,
            99.99666595458984,
            98.82666778564453,
            99.43000030517578,
            98.96333312988281,
            99.11333465576172,
            99.15666961669922,
            99.11000061035156,
            99.12000274658203,
            99.2300033569336,
            99.08000183105469,
            99.22333526611328,
            99.02000427246094,
            99.61333465576172,
            99.5,
            99.58333587646484,
            99.27000427246094,
            99.76667022705078,
            99.12000274658203,
            99.53666687011719,
            99.4800033569336,
            99.75,
            99.63333129882812,
            100.0
        ],