{
    "global_accuracy_history": [
        9.98,
        45.12,
        44.52,
        87.37,
        83.45,
        88.69,
        89.11,
        89.23,
        90.31,
        90.59,
        89.43,
        90.8,
        90.42,
        90.63,
        90.61,
        90.2,
        90.11,
        90.95,
        90.48,
        90.38,
        90.96,
        90.61,
        90.87,
        90.71,
        90.9,
        90.49,
        90.71,
        90.85,
        90.49,
        90.68,
        90.56,
        90.8,
        90.68,
        91.02,
        90.88,
        90.7,
        91.15,
        91.08,
        91.01,
        90.84,
        91.06,
        91.35,
        90.99,
        91.34,
        91.3,
        91.33,
        91.28,
        91.27,
        91.28,
        91.33,
        91.3,
        91.33,
        91.32,
        91.41,
        91.42,
        91.4,
        91.37,
        91.41,
        91.38,
        91.39
    ],
    "local_accuracy_histories": {
        "0": [
            81.41333333333333,
            90.415,
            92.85333333333334,
            95.77666666666667,
            96.07333333333334,
            96.94,
            97.50166666666667,
            97.91833333333334,
            98.30666666666667,
            98.52,
            98.66333333333333,
            98.78833333333333,
            98.99166666666666,
            98.94,
            99.10833333333333,
            99.27,
            99.27333333333333,
            99.25833333333334,
            99.58333333333333,
            100.0,
            99.44,
            99.54833333333333,
            99.50333333333333,
            99.725,
            99.53666666666666,
            99.59666666666666,
            99.71166666666667,
            99.83166666666666,
            99.655,
            99.69833333333334,
            99.75,
            99.73833333333333,
            99.81166666666667,
            99.85833333333333,
            99.71166666666667,
            99.70833333333333,
            99.80166666666666,
            99.84666666666666,
            100.0,
            99.86833333333334,
            99.95,
            99.99833333333333,
            99.925,
            99.995,
            100.0,
            100.0,
            100.0,
            100.0,
            100.0,
            100.0,
            100.0,
            100.0,
            100.0,
            100.0,
            100.0,
            100.0,
            100.0,
            100.0,
            100.0,
            100.0
        ],
        "1": [
            81.76666666666667,
            90.51166666666667,
            94.145,
            96.055,
            97.46833333333333,
            98.025,
            98.52333333333333,
            98.68,
            98.65833333333333,
            98.81166666666667,
            99.03,
            98.98333333333333,
            99.075,
            99.05833333333334,
            99.23833333333333,
            99.34833333333333,
            99.24166666666666,
            99.33333333333333,
            99.25833333333334,
            99.5,
            99.50833333333334,
            99.425,
            99.52833333333334,
            99.54666666666667,
            99.48666666666666,
            99.70666666666666,
            99.59666666666666,
            99.665,
            99.65,
            99.73833333333333,
            99.73,
            99.78166666666667,
            99.90833333333333,
            99.855,
            99.69333333333333,
            99.98833333333333,
            99.86333333333333,
            99.77833333333334,
            99.87166666666667,
            99.93666666666667,
            99.91166666666666,
            99.84,
            99.995,
            100.0,
            100.0,
            100.0,
            99.75333333333333,
            100.0,
            100.0,
            100.0,
            100.0,
            100.0,
            100.0,
            100.0,
            100.0,
            100.0,
            100.0,
            100.0,
            100.0,
            100.0
        ],
        "2": [
            80.56833333333333,
            89.78333333333333,
            93.26,
            96.19166666666666,
            97.19,
            97.69333333333333,
            97.97833333333334,
            97.96166666666667,
            98.59166666666667,
            98.655,
            98.77666666666667,
            98.93333333333334,
            99.05333333333333,
            99.12333333333333,
            99.14833333333333,
            99.385,
            99.355,
            99.36666666666666,
            99.445,
            99.47333333333333,
            99.48166666666667,
            99.55833333333334,
            99.65666666666667,
            99.58333333333333,
            99.66833333333334,
            99.65,
            99.61166666666666,
            99.78333333333333,
            99.68166666666667,
            99.685,
            99.73333333333333,
            99.96333333333334,
            99.72166666666666,
            100.0,
            99.81833333333333,
            99.92333333333333,
            99.85,
            99.89,
            99.87833333333333,
            99.93333333333334,
            99.995,
            100.0,
            100.0,
            100.0,
            99.66666666666667,
            100.0,
            99.99833333333333,
            100.0,
            100.0,
            100.0,
            100.0,
            100.0,
            100.0,
            100.0,
            100.0,
            100.0,
            100.0,
            100.0,
            100.0,
            100.0
        ],
        "3": [
            81.86166666666666,
            89.61833333333334,
            93.21,
            95.33166666666666,
            96.905,
            97.33833333333334,
            98.05333333333333,
            98.40166666666667,
            98.645,
            98.885,
            98.83,
            99.18833333333333,
            99.12666666666667,
            99.39666666666666,
            99.26,
            99.34166666666667,
            99.36333333333333,
            99.49,
            99.55666666666667,
            99.52,
            99.425,
            99.52166666666666,
            99.685,
            99.74166666666666,
            99.66166666666666,
            99.70166666666667,
            100.0,
            99.54333333333334,
            99.74833333333333,
            99.84,
            99.96166666666667,
            99.795,
            99.63833333333334,
            99.72666666666667,
            99.845,
            99.93166666666667,
            99.86333333333333,
            99.72166666666666,
            99.995,
            99.825,
            99.99666666666667,
            99.99333333333334,
            99.92333333333333,
            99.99166666666666,
            100.0,
            100.0,
            100.0,
            99.75833333333334,
            100.0,
            99.99666666666667,
            100.0,
            100.0,
            100.0,
            100.0,
            100.0,
            100.0,
            100.0,
            100.0,
            100.0,
            100.0
        ],