{
    "global_accuracy_history": [
        10.0,
        16.91,
        78.23,
        83.56,
        85.11,
        83.94,
        86.04,
        85.97,
        86.76,
        87.01,
        86.2,
        86.92,
        86.74,
        86.71,
        87.98,
        88.49,
        88.39,
        88.46,
        89.22,
        87.85,
        88.02,
        89.26,
        89.77,
        89.0,
        89.26,
        87.74,
        89.95,
        89.64,
        89.69,
        89.34,
        90.14,
        90.3,
        90.21,
        90.16,
        88.83,
        90.6,
        88.93,
        90.11,
        90.51,
        90.73,
        89.85,
        88.83,
        90.13,
        90.02,
        90.91,
        90.07,
        89.17,
        89.74,
        90.5,
        90.56,
        90.59,
        90.01,
        90.67,
        90.29,
        90.98,
        90.58,
        90.35,
        90.61,
        91.08,
        90.21
    ],
    "local_accuracy_histories": {
        "0": [
            60.63333333333333,
            72.46666666666667,
            78.31666666666666,
            81.41666666666667,
            83.5,
            84.75,
            85.75,
            86.38333333333334,
            86.96666666666667,
            87.65,
            87.95,
            88.61666666666666,
            89.08333333333333,
            89.33333333333333,
            89.61666666666666,
            90.03333333333333,
            92.05,
            90.81666666666666,
            91.48333333333333,
            91.66666666666667,
            92.75,
            92.51666666666667,
            92.38333333333334,
            92.21666666666667,
            92.28333333333333,
            92.65,
            92.53333333333333,
            93.91666666666667,
            92.61666666666666,
            93.28333333333333,
            93.15,
            94.26666666666667,
            93.2,
            93.85,
            94.73333333333333,
            94.78333333333333,
            94.81666666666666,
            94.7,
            95.43333333333334,
            95.28333333333333,
            94.98333333333333,
            94.93333333333334,
            96.33333333333333,
            96.06666666666666,
            95.98333333333333,
            95.75,
            96.36666666666666,
            96.26666666666667,
            96.4,
            96.61666666666666,
            95.93333333333334,
            95.88333333333334,
            96.9,
            96.68333333333334,
            97.3,
            96.3,
            96.85,
            96.91666666666667,
            97.08333333333333,
            96.7
        ],
        "1": [
            61.1,
            72.86666666666666,
            79.63333333333334,
            82.9,
            84.66666666666667,
            85.83333333333333,
            86.9,
            87.46666666666667,
            88.26666666666667,
            88.53333333333333,
            89.15,
            89.45,
            89.4,
            90.2,
            91.15,
            90.63333333333334,
            91.06666666666666,
            90.95,
            91.31666666666666,
            91.53333333333333,
            91.7,
            92.01666666666667,
            91.96666666666667,
            92.06666666666666,
            92.65,
            92.83333333333333,
            92.7,
            93.0,
            93.26666666666667,
            93.23333333333333,
            94.3,
            93.73333333333333,
            93.58333333333333,
            94.01666666666667,
            94.2,
            94.56666666666666,
            94.55,
            94.71666666666667,
            94.85,
            94.86666666666666,
            95.18333333333334,
            95.68333333333334,
            95.71666666666667,
            96.01666666666667,
            95.5,
            95.46666666666667,
            95.96666666666667,
            95.93333333333334,
            95.93333333333334,
            96.55,
            95.95,
            96.83333333333333,
            96.3,
            97.46666666666667,
            97.23333333333333,
            97.68333333333334,
            97.45,
            97.48333333333333,
            97.68333333333334,
            97.16666666666667
        ],
        "2": [
            57.35,
            73.56666666666666,
            79.26666666666667,
            82.11666666666666,
            83.83333333333333,
            85.23333333333333,
            85.98333333333333,
            87.11666666666666,
            87.15,
            87.4,
            88.13333333333334,
            88.46666666666667,
            88.53333333333333,
            89.35,
            89.38333333333334,
            89.55,
            89.9,
            90.43333333333334,
            90.33333333333333,
            90.56666666666666,
            90.98333333333333,
            91.95,
            91.48333333333333,
            91.85,
            92.13333333333334,
            92.28333333333333,
            92.18333333333334,
            92.73333333333333,
            93.1,
            92.7,
            92.85,
            93.25,
            93.7,
            93.46666666666667,
            93.56666666666666,
            93.58333333333333,
            94.35,
            94.46666666666667,
            93.98333333333333,
            94.31666666666666,
            94.98333333333333,
            94.85,
            94.86666666666666,
            95.3,
            95.68333333333334,
            95.96666666666667,
            95.06666666666666,
            96.41666666666667,
            95.85,
            96.08333333333333,
            96.5,
            95.85,
            96.46666666666667,
            96.41666666666667,
            96.18333333333334,
            97.28333333333333,
            96.95,
            96.73333333333333,
            97.38333333333334,
            96.38333333333334
        ],
        "3": [
            62.3,
            72.6,
            78.43333333333334,
            81.43333333333334,
            83.3,
            84.8,
            85.85,
            86.36666666666666,
            86.83333333333333,
            87.15,
            88.1,
            88.28333333333333,
            88.7,
            88.68333333333334,
            89.23333333333333,
            89.73333333333333,
            89.83333333333333,
            89.7,
            90.13333333333334,
            90.4,
            90.38333333333334,
            90.7,
            90.78333333333333,
            91.71666666666667,
            91.13333333333334,
            91.33333333333333,
            91.55,
            92.08333333333333,
            92.3,
            92.46666666666667,
            92.71666666666667,
            93.26666666666667,
            93.01666666666667,
            93.46666666666667,
            93.23333333333333,
            93.63333333333334,
            94.25,
            93.45,
            93.83333333333333,
            94.73333333333333,
            93.7,
            94.33333333333333,
            93.78333333333333,
            95.13333333333334,
            94.81666666666666,
            95.33333333333333,
            94.46666666666667,
            95.13333333333334,
            94.78333333333333,
            95.8,
            95.5,
            96.0,
            95.38333333333334,
            95.53333333333333,
            95.71666666666667,
            96.48333333333333,
            95.46666666666667,
            96.05,
            96.41666666666667,
            96.15
        ],