{
    "global_accuracy_history": [
        10.0,
        10.0,
        10.07,
        21.86,
        33.53
    ],
    "local_accuracy_histories": {
        "0": [
            24.649999618530273,
            24.066665649414062,
            29.16666603088379,
            33.11666488647461,
            40.58333206176758
        ],
        "1": [
            23.933332443237305,
            26.633333206176758,
            29.66666603088379,
            33.0,
            37.70000076293945
        ],
        "2": [
            25.58333396911621,
            26.766666412353516,
            28.816665649414062,
            34.21666717529297,
            38.06666564941406
        ],
        "3": [
            24.816665649414062,
            26.53333282470703,
            27.183332443237305,
            32.70000076293945,
            36.79999923706055
        ],
        "4": [
            23.46666717529297,
            25.799999237060547,
            30.116666793823242,
            33.099998474121094,
            39.45000076293945
        ],
        "5": [
            23.53333282470703,
            25.633333206176758,
            28.316665649414062,
            33.599998474121094,
            36.78333282470703
        ],
        "6": [
            23.549999237060547,
            24.933332443237305,
            28.19999885559082,
            32.16666793823242,
            36.349998474121094
        ],
        "7": [
            23.96666717529297,
            24.03333282470703,
            28.28333282470703,
            35.099998474121094,
            38.20000076293945
        ],
        "8": [
            23.850000381469727,
            25.133333206176758,
            28.933332443237305,
            33.36666488647461,
            37.91666793823242
        ],
        "9": [
            24.366666793823242,
            25.766666412353516,
            29.28333282470703,
            33.650001525878906,
            38.78333282470703
        ]
    },
    "config": {
        "data_path": "./datasets",
        "split_mode": "iid",
        "batch_select": "random",
        "client_num": 10,
        "subset_frac": 1,
        "classes_per_client": 4,
        "lr": 0.01,
        "epochs": 5,
        "local_epochs": 1,
        "bs": 512,
        "gamma": 0,
        "initial_neighbor_rate": 1,
        "participation_rate": 0.6,
        "communication_rounds": [
            1,
            1,
            1,
            1,
            1,
            1,
            1,
            1,
            1,
            1
        ],
        "test_batch_size": 32,
        "s_ratio": 1.0,
        "min_dense_params": 2048,
        "dense_keywords": [
            "bn",
            "running_mean",
            "running_var",
            "num_batches_tracked",
            "conv1",
            "fc."
        ],
        "use_fedbn": false,
        "lr_decay_step": 10,
        "lr_decay_beta": 0.9
    },
    "elapsed_seconds": 74.73170185089111,
    "elapsed_hms": "0:01:14",
    "run_params": {
        "client_num": 10,
        "local_epochs": 1
    }
}