{
    "global_accuracy_history": [
        17.79,
        41.6,
        73.13,
        83.05,
        84.33,
        82.21,
        86.97,
        84.02,
        86.14,
        85.8,
        85.27,
        88.63,
        89.08,
        88.89,
        89.76,
        90.49,
        90.24,
        89.97,
        89.85,
        89.12,
        90.1,
        90.1,
        90.53,
        89.48,
        87.76,
        89.39,
        88.15,
        89.75,
        89.21,
        89.21,
        89.55,
        90.13,
        89.62,
        89.29,
        89.61,
        89.82,
        90.34,
        89.46,
        89.92,
        89.16,
        89.75,
        90.2,
        89.73,
        90.08,
        90.21,
        90.22,
        89.88,
        89.7,
        89.6,
        90.32,
        89.69,
        90.64,
        89.73,
        90.1,
        90.59,
        91.01,
        90.34,
        90.81,
        90.97,
        90.81
    ],
    "local_accuracy_histories": {
        "0": [
            42.375,
            63.53333333333333,
            77.2,
            82.3,
            84.99166666666666,
            86.625,
            89.225,
            88.85,
            90.55,
            91.10833333333333,
            91.26666666666667,
            91.9,
            92.375,
            93.36666666666666,
            93.06666666666666,
            93.45,
            93.85833333333333,
            93.85833333333333,
            97.21666666666667,
            94.275,
            94.65833333333333,
            95.40833333333333,
            95.49166666666666,
            96.13333333333334,
            97.20833333333333,
            96.275,
            98.84166666666667,
            96.7,
            96.99166666666666,
            96.56666666666666,
            96.98333333333333,
            97.3,
            97.36666666666666,
            97.70833333333333,
            97.85,
            98.59166666666667,
            98.20833333333333,
            98.65833333333333,
            98.2,
            98.41666666666667,
            97.94166666666666,
            98.775,
            98.34166666666667,
            99.28333333333333,
            98.775,
            98.94166666666666,
            98.98333333333333,
            99.19166666666666,
            98.325,
            99.01666666666667,
            99.20833333333333,
            99.39166666666667,
            98.95,
            99.45833333333333,
            99.58333333333333,
            99.75833333333334,
            99.30833333333334,
            99.65,
            99.84166666666667,
            99.9
        ],
        "1": [
            41.74166666666667,
            62.733333333333334,
            77.30833333333334,
            82.65,
            85.23333333333333,
            87.375,
            89.18333333333334,
            89.45833333333333,
            90.91666666666667,
            91.4,
            91.825,
            92.35,
            92.95,
            93.39166666666667,
            93.36666666666666,
            93.875,
            94.075,
            94.96666666666667,
            94.75833333333334,
            95.075,
            95.45833333333333,
            98.38333333333334,
            95.78333333333333,
            96.125,
            96.69166666666666,
            96.925,
            97.15833333333333,
            97.34166666666667,
            97.24166666666666,
            97.05833333333334,
            97.68333333333334,
            97.88333333333334,
            98.40833333333333,
            98.05833333333334,
            98.20833333333333,
            98.35833333333333,
            98.40833333333333,
            98.70833333333333,
            99.26666666666667,
            99.36666666666666,
            99.48333333333333,
            99.06666666666666,
            99.6,
            99.48333333333333,
            99.75833333333334,
            99.9,
            99.26666666666667,
            99.55,
            99.73333333333333,
            99.64166666666667,
            99.55,
            99.875,
            99.96666666666667,
            99.975,
            99.99166666666666,
            99.98333333333333,
            99.96666666666667,
            100.0,
            99.93333333333334,
            100.0
        ],
        "2": [
            37.99166666666667,
            64.525,
            76.60833333333333,
            82.20833333333333,
            84.84166666666667,
            87.175,
            88.24166666666666,
            89.94166666666666,
            92.175,
            90.59166666666667,
            91.13333333333334,
            91.975,
            91.65833333333333,
            92.55833333333334,
            92.65833333333333,
            93.25,
            93.78333333333333,
            94.09166666666667,
            94.45833333333333,
            94.51666666666667,
            94.475,
            94.69166666666666,
            95.3,
            94.95833333333333,
            95.45833333333333,
            95.51666666666667,
            96.45833333333333,
            96.18333333333334,
            96.05,
            96.8,
            96.85,
            96.78333333333333,
            97.01666666666667,
            97.55833333333334,
            96.95,
            97.425,
            98.33333333333333,
            98.25,
            98.2,
            99.06666666666666,
            98.69166666666666,
            98.63333333333334,
            98.65,
            98.725,
            99.11666666666666,
            99.31666666666666,
            99.28333333333333,
            99.18333333333334,
            99.41666666666667,
            99.425,
            99.775,
            99.74166666666666,
            99.75833333333334,
            99.85,
            99.95,
            99.70833333333333,
            99.60833333333333,
            99.9,
            99.95,
            99.94166666666666
        ],
        "3": [
            42.075,
            64.60833333333333,
            76.55,
            82.20833333333333,
            84.83333333333333,
            86.48333333333333,
            88.28333333333333,
            88.71666666666667,
            89.83333333333333,
            90.39166666666667,
            90.73333333333333,
            91.225,
            92.175,
            92.21666666666667,
            92.89166666666667,
            93.10833333333333,
            93.59166666666667,
            93.8,
            95.23333333333333,
            94.2,
            94.71666666666667,
            94.90833333333333,
            95.0,
            95.38333333333334,
            95.33333333333333,
            96.01666666666667,
            96.35833333333333,
            96.24166666666666,
            96.01666666666667,
            96.43333333333334,
            96.75,
            97.0,
            97.925,
            97.61666666666666,
            97.51666666666667,
            98.19166666666666,
            98.23333333333333,
            97.93333333333334,
            98.28333333333333,
            98.425,
            98.34166666666667,
            98.74166666666666,
            98.56666666666666,
            99.00833333333334,
            99.39166666666667,
            99.21666666666667,
            99.35,
            99.38333333333334,
            99.775,
            99.65,
            99.53333333333333,
            99.625,
            99.80833333333334,
            99.78333333333333,
            99.95,
            99.93333333333334,
            100.0,
            99.79166666666667,
            99.96666666666667,
            99.98333333333333
        ],