{
    "global_accuracy_history": [
        15.22,
        37.8,
        56.9,
        67.23,
        73.94,
        75.17,
        77.58,
        78.91,
        80.21,
        81.41,
        82.43,
        83.31,
        83.6,
        84.27,
        84.65,
        84.95,
        85.38,
        85.51,
        86.1,
        86.39,
        86.83,
        86.77,
        86.82,
        87.03,
        87.28,
        87.32,
        87.49,
        87.56,
        87.96,
        87.98,
        88.23,
        88.1,
        88.14,
        88.1,
        88.12,
        88.48,
        88.5,
        88.39,
        88.39,
        88.76,
        88.69,
        88.78,
        88.75,
        88.81,
        88.96,
        89.04,
        89.03,
        89.28,
        89.35,
        89.21,
        89.24,
        89.22,
        89.14,
        89.0,
        89.11,
        89.33,
        89.15,
        89.06,
        89.39,
        89.26
    ],
    "local_accuracy_histories": {
        "0": [
            30.333333333333332,
            39.31666666666667,
            52.7,
            63.68333333333333,
            69.96666666666667,
            73.46666666666667,
            75.76666666666667,
            78.01666666666667,
            79.48333333333333,
            81.06666666666666,
            82.18333333333334,
            83.35,
            83.9,
            85.9,
            84.98333333333333,
            85.45,
            85.91666666666667,
            86.35,
            86.98333333333333,
            87.6,
            87.86666666666666,
            88.05,
            88.33333333333333,
            88.46666666666667,
            88.53333333333333,
            89.03333333333333,
            91.43333333333334,
            89.3,
            89.33333333333333,
            90.06666666666666,
            89.96666666666667,
            90.15,
            90.15,
            90.88333333333334,
            91.9,
            90.93333333333334,
            91.08333333333333,
            91.3,
            91.63333333333334,
            91.71666666666667,
            91.98333333333333,
            91.98333333333333,
            92.9,
            92.88333333333334,
            92.65,
            93.4,
            93.13333333333334,
            93.3,
            93.4,
            93.28333333333333,
            93.65,
            95.91666666666667,
            93.73333333333333,
            94.0,
            94.1,
            94.36666666666666,
            94.41666666666667,
            94.25,
            94.1,
            96.75
        ],
        "1": [
            28.916666666666668,
            36.18333333333333,
            53.9,
            63.9,
            69.66666666666667,
            73.05,
            75.68333333333334,
            77.85,
            79.63333333333334,
            81.08333333333333,
            82.4,
            83.5,
            84.03333333333333,
            85.15,
            85.31666666666666,
            86.43333333333334,
            86.83333333333333,
            87.4,
            87.83333333333333,
            87.78333333333333,
            88.33333333333333,
            89.03333333333333,
            88.86666666666666,
            88.93333333333334,
            89.31666666666666,
            89.71666666666667,
            89.8,
            90.0,
            90.15,
            90.23333333333333,
            91.16666666666667,
            91.03333333333333,
            91.18333333333334,
            92.01666666666667,
            92.0,
            92.08333333333333,
            91.76666666666667,
            92.68333333333334,
            91.95,
            92.56666666666666,
            92.7,
            93.0,
            92.96666666666667,
            93.1,
            93.11666666666666,
            94.41666666666667,
            93.48333333333333,
            93.6,
            93.31666666666666,
            93.83333333333333,
            94.23333333333333,
            94.06666666666666,
            94.16666666666667,
            94.6,
            95.36666666666666,
            94.46666666666667,
            94.33333333333333,
            94.85,
            95.06666666666666,
            95.15
        ],
        "2": [
            31.533333333333335,
            39.766666666666666,
            53.21666666666667,
            64.0,
            69.61666666666666,
            72.85,
            75.25,
            77.7,
            79.55,
            80.58333333333333,
            82.16666666666667,
            83.13333333333334,
            84.46666666666667,
            85.33333333333333,
            85.58333333333333,
            85.81666666666666,
            86.46666666666667,
            86.68333333333334,
            87.11666666666666,
            87.43333333333334,
            87.7,
            87.93333333333334,
            88.41666666666667,
            88.38333333333334,
            88.88333333333334,
            88.91666666666667,
            89.51666666666667,
            89.4,
            89.58333333333333,
            89.8,
            89.65,
            90.31666666666666,
            90.58333333333333,
            91.0,
            90.66666666666667,
            90.88333333333334,
            91.31666666666666,
            92.48333333333333,
            91.55,
            91.45,
            91.76666666666667,
            91.6,
            91.73333333333333,
            91.73333333333333,
            92.01666666666667,
            92.46666666666667,
            92.5,
            92.7,
            93.15,
            93.3,
            93.36666666666666,
            93.3,
            93.45,
            93.58333333333333,
            93.76666666666667,
            94.15,
            94.51666666666667,
            94.21666666666667,
            94.4,
            94.4
        ],
        "3": [
            31.533333333333335,
            36.43333333333333,
            52.88333333333333,
            63.45,
            69.0,
            72.43333333333334,
            75.6,
            77.71666666666667,
            79.45,
            81.01666666666667,
            82.13333333333334,
            82.86666666666666,
            83.7,
            84.5,
            85.2,
            85.81666666666666,
            85.71666666666667,
            86.38333333333334,
            86.61666666666666,
            86.73333333333333,
            87.23333333333333,
            87.9,
            87.71666666666667,
            88.01666666666667,
            88.36666666666666,
            88.61666666666666,
            88.56666666666666,
            88.96666666666667,
            89.5,
            89.41666666666667,
            89.56666666666666,
            89.86666666666666,
            90.06666666666666,
            90.28333333333333,
            90.31666666666666,
            90.8,
            90.43333333333334,
            91.23333333333333,
            91.38333333333334,
            91.5,
            91.46666666666667,
            91.61666666666666,
            92.0,
            91.98333333333333,
            92.43333333333334,
            92.86666666666666,
            92.95,
            92.85,
            95.36666666666666,
            93.31666666666666,
            93.23333333333333,
            93.38333333333334,
            94.13333333333334,
            94.05,
            94.61666666666666,
            94.88333333333334,
            94.3,
            94.53333333333333,
            94.8,
            94.78333333333333
        ],