{
    "global_accuracy_history": [
        10.37,
        19.52,
        24.25,
        39.34,
        43.76
    ],
    "local_accuracy_histories": {
        "0": [
            26.08333396911621,
            28.916667938232422,
            27.75,
            35.91666793823242,
            43.083335876464844
        ],
        "1": [
            25.25,
            26.33333396911621,
            27.25,
            35.41666793823242,
            44.333335876464844
        ],
        "2": [
            24.0,
            24.0,
            32.583335876464844,
            39.66666793823242,
            46.75
        ],
        "3": [
            25.83333396911621,
            28.666667938232422,
            34.25,
            38.91666793823242,
            46.333335876464844
        ],
        "4": [
            22.666667938232422,
            25.166667938232422,
            33.833335876464844,
            36.333335876464844,
            41.66666793823242
        ],
        "5": [
            22.83333396911621,
            25.08333396911621,
            32.5,
            33.91666793823242,
            43.5
        ],
        "6": [
            27.25,
            22.33333396911621,
            32.16666793823242,
            37.91666793823242,
            43.41666793823242
        ],
        "7": [
            26.666667938232422,
            25.33333396911621,
            34.083335876464844,
            38.16666793823242,
            46.75
        ],
        "8": [
            23.5,
            25.83333396911621,
            32.66666793823242,
            38.75,
            44.0
        ],
        "9": [
            25.33333396911621,
            28.416667938232422,
            30.83333396911621,
            38.5,
            46.833335876464844
        ]
    },
    "config": {
        "data_path": "./datasets",
        "split_mode": "iid",
        "dominant_frac": 0.7,
        "client_num": 10,
        "subset_frac": 0.2,
        "lr": 0.01,
        "epochs": 5,
        "local_epochs": 1,
        "bs": 32,
        "gamma": 0,
        "initial_neighbor_rate": 1,
        "communication_rate": 0.6,
        "communication_periods": [
            1,
            1,
            1,
            1,
            1,
            1,
            1,
            1,
            1,
            1
        ],
        "test_batch_size": 32,
        "s_ratio": 0.8,
        "min_dense_params": 2048,
        "dense_keywords": [
            "bn",
            "running_mean",
            "running_var",
            "num_batches_tracked",
            "conv1",
            "fc."
        ],
        "use_fedbn": false,
        "lr_decay_step": 10,
        "lr_decay_beta": 0.9
    },
    "elapsed_seconds": 70.6977379322052,
    "elapsed_hms": "0:01:10",
    "run_params": {
        "client_num": 10,
        "local_epochs": 1
    }
}