{
    "global_accuracy_history": [
        10.3,
        30.66,
        39.88,
        47.46,
        56.14,
        66.61,
        70.89,
        75.58,
        77.64,
        78.93,
        80.11,
        80.86,
        81.59,
        82.05,
        82.47,
        83.49,
        84.01,
        84.63,
        84.93,
        85.69,
        85.78,
        86.16,
        86.26,
        86.58,
        86.77,
        86.81,
        87.03,
        87.09,
        87.06,
        87.42,
        87.56,
        87.72,
        87.72,
        87.68,
        87.81,
        87.73,
        87.99,
        87.83,
        87.64,
        87.97,
        88.08,
        88.22,
        88.16,
        88.41,
        88.37,
        88.19,
        88.37,
        88.62,
        88.54,
        88.83,
        88.73,
        88.68,
        88.73,
        88.9,
        88.55,
        88.78,
        88.9,
        88.88,
        89.0,
        89.05
    ],
    "local_accuracy_histories": {
        "0": [
            27.941666666666666,
            29.95,
            38.35,
            46.11666666666667,
            53.74166666666667,
            63.666666666666664,
            69.3,
            73.45,
            75.93333333333334,
            77.775,
            79.25,
            80.29166666666667,
            82.04166666666667,
            82.54166666666667,
            83.51666666666667,
            84.14166666666667,
            85.0,
            86.03333333333333,
            88.1,
            86.86666666666666,
            87.65,
            87.86666666666666,
            88.13333333333334,
            88.28333333333333,
            88.93333333333334,
            89.09166666666667,
            89.2,
            90.23333333333333,
            89.6,
            91.00833333333334,
            90.24166666666666,
            90.475,
            91.15833333333333,
            90.93333333333334,
            91.31666666666666,
            91.625,
            91.51666666666667,
            91.61666666666666,
            91.86666666666666,
            92.05833333333334,
            92.5,
            92.45833333333333,
            92.75833333333334,
            92.64166666666667,
            92.93333333333334,
            93.74166666666666,
            93.35,
            93.44166666666666,
            93.45,
            93.75833333333334,
            94.01666666666667,
            93.95,
            93.99166666666666,
            93.95,
            94.05833333333334,
            94.325,
            94.45,
            94.39166666666667,
            94.81666666666666,
            94.76666666666667
        ],
        "1": [
            26.433333333333334,
            28.941666666666666,
            38.34166666666667,
            45.2,
            53.233333333333334,
            62.55833333333333,
            68.46666666666667,
            73.1,
            76.16666666666667,
            77.625,
            79.08333333333333,
            80.30833333333334,
            81.64166666666667,
            82.59166666666667,
            83.38333333333334,
            84.15,
            85.0,
            85.94166666666666,
            86.34166666666667,
            86.99166666666666,
            87.31666666666666,
            87.61666666666666,
            88.19166666666666,
            88.44166666666666,
            88.44166666666666,
            88.89166666666667,
            89.23333333333333,
            89.61666666666666,
            89.94166666666666,
            90.16666666666667,
            90.5,
            90.74166666666666,
            91.01666666666667,
            91.20833333333333,
            91.16666666666667,
            92.03333333333333,
            91.74166666666666,
            92.01666666666667,
            92.08333333333333,
            92.35,
            92.525,
            92.71666666666667,
            92.91666666666667,
            94.275,
            93.01666666666667,
            93.56666666666666,
            94.29166666666667,
            93.58333333333333,
            93.79166666666667,
            93.95833333333333,
            94.0,
            94.08333333333333,
            94.36666666666666,
            94.5,
            97.56666666666666,
            95.1,
            95.05833333333334,
            95.5,
            95.81666666666666,
            95.475
        ],
        "2": [
            27.541666666666668,
            29.575,
            39.016666666666666,
            46.041666666666664,
            53.175,
            63.541666666666664,
            69.5,
            73.93333333333334,
            76.61666666666666,
            78.35,
            79.69166666666666,
            80.64166666666667,
            81.65833333333333,
            82.9,
            83.83333333333333,
            84.58333333333333,
            85.375,
            86.03333333333333,
            86.5,
            86.93333333333334,
            87.2,
            87.76666666666667,
            87.88333333333334,
            88.11666666666666,
            88.675,
            88.66666666666667,
            88.95,
            89.14166666666667,
            89.525,
            89.86666666666666,
            92.425,
            90.31666666666666,
            90.63333333333334,
            90.475,
            90.925,
            91.10833333333333,
            91.35,
            91.64166666666667,
            91.8,
            92.04166666666667,
            91.96666666666667,
            92.14166666666667,
            92.50833333333334,
            92.66666666666667,
            93.58333333333333,
            93.475,
            93.275,
            93.575,
            93.65833333333333,
            93.875,
            93.96666666666667,
            94.025,
            94.25,
            94.11666666666666,
            94.55833333333334,
            94.4,
            95.03333333333333,
            95.14166666666667,
            95.21666666666667,
            95.24166666666666
        ],
        "3": [
            26.716666666666665,
            32.775,
            39.5,
            44.78333333333333,
            53.46666666666667,
            63.09166666666667,
            68.53333333333333,
            73.5,
            76.29166666666667,
            77.83333333333333,
            79.25,
            80.525,
            81.775,
            82.71666666666667,
            83.60833333333333,
            84.075,
            84.79166666666667,
            85.20833333333333,
            85.75833333333334,
            86.35833333333333,
            86.70833333333333,
            87.49166666666666,
            87.29166666666667,
            87.95,
            88.55833333333334,
            88.6,
            88.6,
            89.05833333333334,
            89.275,
            89.46666666666667,
            90.01666666666667,
            89.96666666666667,
            90.2,
            90.29166666666667,
            90.725,
            91.40833333333333,
            91.20833333333333,
            91.56666666666666,
            91.9,
            91.73333333333333,
            92.175,
            92.425,
            92.70833333333333,
            92.64166666666667,
            93.125,
            93.44166666666666,
            93.53333333333333,
            93.6,
            94.05,
            94.40833333333333,
            94.41666666666667,
            95.21666666666667,
            94.64166666666667,
            94.66666666666667,
            94.84166666666667,
            95.14166666666667,
            95.40833333333333,
            95.45833333333333,
            95.29166666666667,
            95.64166666666667
        ],