{
    "global_accuracy_history": [
        11.73,
        16.19,
        74.45,
        81.15,
        83.6,
        85.1,
        86.3,
        86.54,
        87.68,
        87.44,
        87.79,
        87.55,
        88.56,
        88.68,
        88.78,
        88.82,
        89.07,
        89.64,
        89.61,
        89.74,
        89.56,
        89.93,
        89.63,
        90.31,
        89.57,
        90.02,
        89.63,
        89.97,
        89.77,
        89.87,
        89.13,
        89.72,
        89.06,
        89.79,
        89.15,
        89.74,
        89.71,
        89.33,
        90.03,
        90.11,
        90.13,
        90.2,
        89.98,
        90.34,
        90.91,
        90.65,
        90.56,
        90.89,
        90.91,
        90.78,
        90.91,
        90.22,
        91.08,
        90.8,
        90.61,
        91.11,
        90.68,
        90.81,
        90.65,
        91.15
    ],
    "local_accuracy_histories": {
        "0": [
            44.03333333333333,
            61.38333333333333,
            76.11666666666666,
            79.8,
            82.61666666666666,
            83.91666666666667,
            85.11666666666666,
            85.93333333333334,
            86.61666666666666,
            87.03333333333333,
            87.83333333333333,
            88.21666666666667,
            88.28333333333333,
            89.06666666666666,
            89.63333333333334,
            90.01666666666667,
            90.16666666666667,
            90.28333333333333,
            90.63333333333334,
            90.76666666666667,
            91.35,
            91.58333333333333,
            92.18333333333334,
            92.18333333333334,
            92.53333333333333,
            95.31666666666666,
            93.63333333333334,
            93.9,
            94.95,
            94.15,
            94.7,
            97.05,
            94.73333333333333,
            94.76666666666667,
            95.33333333333333,
            96.43333333333334,
            95.65,
            95.95,
            95.96666666666667,
            96.16666666666667,
            96.18333333333334,
            96.36666666666666,
            96.63333333333334,
            96.61666666666666,
            96.46666666666667,
            97.38333333333334,
            96.78333333333333,
            97.25,
            96.68333333333334,
            97.35,
            97.96666666666667,
            97.96666666666667,
            98.28333333333333,
            98.15,
            98.45,
            98.61666666666666,
            98.86666666666666,
            98.75,
            98.68333333333334,
            98.86666666666666
        ],
        "1": [
            42.05,
            64.4,
            76.93333333333334,
            80.76666666666667,
            82.7,
            84.9,
            85.13333333333334,
            88.43333333333334,
            87.1,
            87.83333333333333,
            88.08333333333333,
            88.66666666666667,
            89.25,
            89.38333333333334,
            90.8,
            90.43333333333334,
            90.66666666666667,
            90.85,
            92.35,
            91.66666666666667,
            91.75,
            92.41666666666667,
            92.48333333333333,
            92.71666666666667,
            93.28333333333333,
            93.41666666666667,
            93.51666666666667,
            94.08333333333333,
            94.01666666666667,
            94.08333333333333,
            95.05,
            95.43333333333334,
            94.95,
            95.23333333333333,
            95.08333333333333,
            95.78333333333333,
            95.76666666666667,
            96.93333333333334,
            96.76666666666667,
            96.11666666666666,
            96.45,
            96.48333333333333,
            96.96666666666667,
            97.0,
            96.93333333333334,
            97.23333333333333,
            97.68333333333334,
            97.73333333333333,
            97.88333333333334,
            97.76666666666667,
            98.1,
            98.46666666666667,
            98.61666666666666,
            98.35,
            98.53333333333333,
            98.25,
            98.65,
            98.73333333333333,
            98.88333333333334,
            98.7
        ],
        "2": [
            43.75,
            63.06666666666667,
            76.25,
            79.93333333333334,
            82.43333333333334,
            83.6,
            85.21666666666667,
            86.28333333333333,
            86.81666666666666,
            87.43333333333334,
            87.65,
            88.58333333333333,
            88.58333333333333,
            89.2,
            89.61666666666666,
            89.95,
            90.35,
            90.71666666666667,
            90.73333333333333,
            90.66666666666667,
            91.55,
            91.71666666666667,
            92.03333333333333,
            92.45,
            92.05,
            92.48333333333333,
            92.15,
            92.68333333333334,
            93.3,
            95.58333333333333,
            93.76666666666667,
            93.53333333333333,
            93.66666666666667,
            94.76666666666667,
            94.33333333333333,
            94.5,
            94.63333333333334,
            96.68333333333334,
            95.41666666666667,
            95.36666666666666,
            96.13333333333334,
            96.13333333333334,
            96.2,
            96.88333333333334,
            96.55,
            96.63333333333334,
            96.95,
            97.01666666666667,
            96.88333333333334,
            96.91666666666667,
            97.36666666666666,
            97.83333333333333,
            97.53333333333333,
            97.83333333333333,
            97.68333333333334,
            98.01666666666667,
            98.16666666666667,
            98.26666666666667,
            98.35,
            98.68333333333334
        ],
        "3": [
            46.7,
            63.483333333333334,
            76.03333333333333,
            79.26666666666667,
            81.85,
            84.08333333333333,
            84.85,
            85.91666666666667,
            86.51666666666667,
            87.31666666666666,
            87.78333333333333,
            88.1,
            88.61666666666666,
            88.71666666666667,
            89.01666666666667,
            89.6,
            89.96666666666667,
            90.21666666666667,
            90.45,
            90.71666666666667,
            90.83333333333333,
            90.96666666666667,
            91.68333333333334,
            92.11666666666666,
            92.13333333333334,
            92.11666666666666,
            92.35,
            92.55,
            92.71666666666667,
            93.58333333333333,
            93.28333333333333,
            93.81666666666666,
            93.7,
            94.41666666666667,
            94.4,
            94.83333333333333,
            94.68333333333334,
            95.05,
            94.93333333333334,
            95.46666666666667,
            96.5,
            95.5,
            96.23333333333333,
            96.76666666666667,
            96.93333333333334,
            97.06666666666666,
            97.0,
            97.1,
            97.56666666666666,
            97.46666666666667,
            97.48333333333333,
            97.63333333333334,
            97.73333333333333,
            97.96666666666667,
            97.96666666666667,
            97.55,
            97.81666666666666,
            98.63333333333334,
            98.76666666666667,
            98.45
        ],