{
    "global_accuracy_history": [
        10.02,
        10.38,
        46.63,
        83.69,
        85.73,
        82.99,
        86.89,
        84.9,
        86.68,
        85.89,
        85.98,
        86.45,
        87.81,
        88.56,
        88.14,
        88.47,
        87.77,
        89.3,
        89.63,
        89.14,
        90.13,
        89.49,
        90.04,
        90.13,
        89.81,
        89.58,
        89.49,
        89.64,
        90.5,
        90.11,
        90.13,
        89.85,
        90.03,
        90.61,
        89.98,
        89.49,
        90.4,
        89.87,
        90.36,
        89.45,
        90.73,
        89.44,
        90.41,
        90.54,
        90.27,
        90.05,
        89.89,
        90.16,
        89.92,
        90.01,
        90.21,
        90.4,
        89.5,
        89.9,
        90.55,
        90.6,
        90.46,
        89.67,
        89.67,
        90.07
    ],
    "local_accuracy_histories": {
        "0": [
            51.2,
            75.86666666666666,
            76.95,
            81.8,
            84.08333333333333,
            85.6,
            86.05,
            86.68333333333334,
            87.26666666666667,
            87.75,
            88.23333333333333,
            88.85,
            91.25,
            89.48333333333333,
            90.1,
            89.61666666666666,
            90.11666666666666,
            90.6,
            90.46666666666667,
            90.53333333333333,
            90.96666666666667,
            91.7,
            91.38333333333334,
            91.71666666666667,
            93.03333333333333,
            91.61666666666666,
            92.35,
            93.66666666666667,
            92.85,
            93.7,
            93.48333333333333,
            94.18333333333334,
            94.23333333333333,
            94.55,
            94.33333333333333,
            94.56666666666666,
            94.86666666666666,
            95.08333333333333,
            94.51666666666667,
            94.83333333333333,
            95.0,
            95.55,
            95.23333333333333,
            94.45,
            95.46666666666667,
            96.05,
            96.15,
            96.35,
            96.65,
            96.3,
            96.55,
            96.21666666666667,
            96.38333333333334,
            96.0,
            96.3,
            97.38333333333334,
            97.43333333333334,
            97.35,
            97.7,
            97.48333333333333
        ],
        "1": [
            49.31666666666667,
            67.56666666666666,
            78.81666666666666,
            82.43333333333334,
            84.35,
            85.65,
            86.55,
            87.31666666666666,
            87.71666666666667,
            88.73333333333333,
            89.06666666666666,
            89.2,
            89.86666666666666,
            89.9,
            89.96666666666667,
            90.7,
            90.43333333333334,
            90.81666666666666,
            91.0,
            91.43333333333334,
            91.48333333333333,
            91.93333333333334,
            92.03333333333333,
            92.38333333333334,
            92.23333333333333,
            92.45,
            92.11666666666666,
            93.0,
            92.83333333333333,
            92.81666666666666,
            92.8,
            93.78333333333333,
            93.38333333333334,
            93.1,
            93.38333333333334,
            93.45,
            94.2,
            93.78333333333333,
            94.1,
            94.78333333333333,
            94.76666666666667,
            95.18333333333334,
            95.05,
            95.56666666666666,
            94.86666666666666,
            95.41666666666667,
            96.21666666666667,
            95.8,
            95.3,
            95.96666666666667,
            95.31666666666666,
            96.26666666666667,
            95.51666666666667,
            95.9,
            96.53333333333333,
            96.71666666666667,
            96.3,
            96.76666666666667,
            95.9,
            96.68333333333334
        ],
        "2": [
            55.4,
            70.45,
            78.15,
            81.38333333333334,
            83.85,
            85.35,
            86.18333333333334,
            86.83333333333333,
            87.61666666666666,
            87.91666666666667,
            87.98333333333333,
            88.98333333333333,
            89.4,
            89.2,
            89.6,
            89.93333333333334,
            90.0,
            90.6,
            90.88333333333334,
            91.31666666666666,
            91.03333333333333,
            90.95,
            91.63333333333334,
            91.71666666666667,
            91.75,
            91.55,
            91.66666666666667,
            91.93333333333334,
            92.38333333333334,
            92.76666666666667,
            92.66666666666667,
            93.21666666666667,
            92.85,
            93.61666666666666,
            93.3,
            93.7,
            94.18333333333334,
            94.43333333333334,
            94.85,
            94.28333333333333,
            94.26666666666667,
            94.46666666666667,
            94.8,
            94.9,
            95.01666666666667,
            94.73333333333333,
            95.03333333333333,
            95.61666666666666,
            95.36666666666666,
            95.75,
            95.81666666666666,
            95.75,
            95.78333333333333,
            95.71666666666667,
            96.05,
            95.95,
            96.48333333333333,
            97.03333333333333,
            96.88333333333334,
            96.6
        ],
        "3": [
            48.7,
            68.36666666666666,
            78.0,
            81.96666666666667,
            84.03333333333333,
            85.1,
            86.45,
            86.95,
            87.05,
            87.91666666666667,
            88.48333333333333,
            88.58333333333333,
            89.38333333333334,
            89.16666666666667,
            89.8,
            89.83333333333333,
            90.38333333333334,
            90.35,
            90.56666666666666,
            90.68333333333334,
            90.86666666666666,
            91.16666666666667,
            91.55,
            91.41666666666667,
            91.68333333333334,
            92.13333333333334,
            92.55,
            92.4,
            92.81666666666666,
            92.61666666666666,
            92.61666666666666,
            93.71666666666667,
            93.21666666666667,
            94.16666666666667,
            94.25,
            94.75,
            94.51666666666667,
            94.86666666666666,
            95.13333333333334,
            94.53333333333333,
            95.18333333333334,
            95.8,
            95.68333333333334,
            95.28333333333333,
            95.78333333333333,
            95.41666666666667,
            95.23333333333333,
            95.91666666666667,
            95.46666666666667,
            96.28333333333333,
            96.45,
            96.15,
            96.28333333333333,
            96.13333333333334,
            96.38333333333334,
            96.6,
            96.7,
            96.15,
            96.95,
            96.91666666666667
        ],