{
    "global_accuracy_history": [
        10.0,
        47.38,
        81.32,
        82.66,
        84.68,
        85.38,
        85.79,
        87.1,
        87.22,
        87.68,
        88.7,
        88.54,
        87.97,
        88.99,
        89.24,
        89.67,
        89.61,
        89.33,
        89.78,
        89.61,
        89.67,
        89.42,
        89.59,
        88.98,
        90.24,
        89.86,
        89.66,
        89.93,
        90.0,
        90.29,
        90.72,
        90.67,
        90.23,
        90.13,
        90.31,
        90.22,
        90.5,
        90.51,
        89.87,
        90.53,
        90.11,
        90.37,
        90.5,
        90.25,
        90.0,
        89.91,
        90.27,
        90.21,
        90.64,
        90.87,
        90.72,
        89.82,
        90.78,
        90.8,
        90.66,
        90.61,
        90.82,
        90.87,
        90.87,
        91.06
    ],
    "local_accuracy_histories": {
        "0": [
            47.7,
            66.4,
            79.65833333333333,
            83.3,
            85.175,
            87.175,
            87.90833333333333,
            88.98333333333333,
            90.30833333333334,
            90.225,
            90.94166666666666,
            91.65,
            91.41666666666667,
            92.05,
            92.84166666666667,
            93.0,
            97.275,
            93.71666666666667,
            95.85833333333333,
            94.73333333333333,
            94.76666666666667,
            95.05833333333334,
            95.24166666666666,
            95.41666666666667,
            95.94166666666666,
            95.8,
            95.96666666666667,
            96.78333333333333,
            96.325,
            97.20833333333333,
            96.41666666666667,
            96.725,
            96.80833333333334,
            98.175,
            98.81666666666666,
            97.36666666666666,
            98.575,
            97.54166666666667,
            97.55,
            98.09166666666667,
            98.25,
            98.13333333333334,
            98.43333333333334,
            99.15833333333333,
            98.08333333333333,
            98.725,
            98.94166666666666,
            98.85833333333333,
            99.50833333333334,
            99.375,
            99.80833333333334,
            99.14166666666667,
            99.59166666666667,
            99.18333333333334,
            99.65833333333333,
            99.625,
            99.80833333333334,
            99.9,
            99.88333333333334,
            99.93333333333334
        ],
        "1": [
            47.75833333333333,
            73.69166666666666,
            79.58333333333333,
            83.75,
            85.925,
            87.19166666666666,
            88.61666666666666,
            89.41666666666667,
            90.34166666666667,
            91.65,
            92.05833333333334,
            92.71666666666667,
            92.38333333333334,
            92.91666666666667,
            95.675,
            93.90833333333333,
            94.16666666666667,
            94.45,
            95.26666666666667,
            99.01666666666667,
            95.66666666666667,
            96.55833333333334,
            95.81666666666666,
            96.10833333333333,
            96.45833333333333,
            96.45833333333333,
            96.90833333333333,
            99.525,
            97.38333333333334,
            98.04166666666667,
            97.24166666666666,
            98.29166666666667,
            98.09166666666667,
            98.54166666666667,
            97.95833333333333,
            99.16666666666667,
            98.025,
            99.04166666666667,
            98.71666666666667,
            99.375,
            98.9,
            99.10833333333333,
            99.4,
            99.23333333333333,
            99.20833333333333,
            99.65833333333333,
            99.36666666666666,
            99.86666666666666,
            99.475,
            99.40833333333333,
            99.9,
            99.63333333333334,
            99.88333333333334,
            99.91666666666667,
            99.85,
            99.91666666666667,
            99.91666666666667,
            99.95,
            99.49166666666666,
            99.975
        ],
        "2": [
            48.6,
            68.66666666666667,
            80.3,
            83.64166666666667,
            85.84166666666667,
            87.45833333333333,
            87.96666666666667,
            89.29166666666667,
            89.88333333333334,
            90.35,
            91.43333333333334,
            91.28333333333333,
            92.04166666666667,
            93.125,
            93.04166666666667,
            93.7,
            93.475,
            93.825,
            94.16666666666667,
            94.73333333333333,
            94.88333333333334,
            96.83333333333333,
            94.81666666666666,
            95.10833333333333,
            95.7,
            95.91666666666667,
            96.03333333333333,
            96.49166666666666,
            96.64166666666667,
            96.8,
            97.10833333333333,
            97.06666666666666,
            97.43333333333334,
            97.74166666666666,
            97.475,
            97.91666666666667,
            97.85833333333333,
            98.0,
            98.54166666666667,
            98.33333333333333,
            98.29166666666667,
            98.86666666666666,
            98.65833333333333,
            98.36666666666666,
            98.95,
            99.15,
            98.88333333333334,
            99.31666666666666,
            99.14166666666667,
            99.31666666666666,
            99.63333333333334,
            99.48333333333333,
            99.66666666666667,
            99.8,
            99.74166666666666,
            99.70833333333333,
            99.75833333333334,
            100.0,
            99.975,
            99.96666666666667
        ],
        "3": [
            45.53333333333333,
            68.95,
            79.15,
            83.53333333333333,
            85.56666666666666,
            86.81666666666666,
            87.9,
            88.65833333333333,
            90.15833333333333,
            90.01666666666667,
            90.54166666666667,
            95.13333333333334,
            91.64166666666667,
            91.94166666666666,
            92.41666666666667,
            93.38333333333334,
            93.675,
            93.79166666666667,
            94.73333333333333,
            94.05833333333334,
            94.49166666666666,
            94.675,
            95.05833333333334,
            95.74166666666666,
            95.75833333333334,
            97.08333333333333,
            96.30833333333334,
            96.675,
            96.75,
            96.925,
            97.25,
            96.99166666666666,
            97.35,
            97.80833333333334,
            97.875,
            97.65,
            97.95,
            98.7,
            98.44166666666666,
            98.31666666666666,
            98.725,
            98.9,
            98.725,
            99.125,
            99.2,
            99.525,
            99.15833333333333,
            99.39166666666667,
            99.81666666666666,
            99.5,
            99.43333333333334,
            99.125,
            99.38333333333334,
            99.7,
            99.575,
            99.89166666666667,
            99.74166666666666,
            99.95,
            99.90833333333333,
            99.925
        ],