{
    "global_accuracy_history": [
        10.0,
        43.86,
        75.25,
        79.22,
        80.91,
        82.76,
        84.71,
        84.42,
        85.79,
        85.66,
        86.32,
        86.13,
        86.34,
        86.21,
        86.88,
        87.39,
        87.39,
        87.76,
        88.12,
        87.62,
        88.37,
        88.57,
        88.46,
        88.72,
        89.14,
        89.4,
        89.3,
        89.35,
        89.47,
        89.22,
        89.45,
        89.31,
        89.38,
        89.61,
        89.46,
        89.27,
        89.6,
        89.33,
        89.1,
        89.48,
        89.69,
        89.7,
        89.41,
        89.68,
        89.58,
        89.74,
        89.94,
        89.78,
        89.32,
        89.65,
        90.06,
        89.86,
        89.8,
        90.04,
        89.88,
        89.7,
        89.68,
        90.01,
        89.83,
        89.98
    ],
    "local_accuracy_histories": {
        "0": [
            34.266666666666666,
            47.233333333333334,
            67.31666666666666,
            76.93333333333334,
            79.6,
            81.56666666666666,
            82.98333333333333,
            83.78333333333333,
            85.0,
            85.25,
            86.21666666666667,
            86.75,
            87.41666666666667,
            89.0,
            87.78333333333333,
            87.96666666666667,
            88.98333333333333,
            88.76666666666667,
            88.86666666666666,
            88.73333333333333,
            89.08333333333333,
            89.26666666666667,
            89.46666666666667,
            89.98333333333333,
            89.78333333333333,
            90.35,
            90.36666666666666,
            90.56666666666666,
            91.2,
            91.3,
            91.9,
            91.76666666666667,
            92.03333333333333,
            92.6,
            92.78333333333333,
            95.56666666666666,
            93.21666666666667,
            94.16666666666667,
            94.33333333333333,
            93.91666666666667,
            94.2,
            94.23333333333333,
            95.7,
            95.06666666666666,
            94.76666666666667,
            96.5,
            95.2,
            95.88333333333334,
            95.83333333333333,
            95.86666666666666,
            95.85,
            95.9,
            96.25,
            96.38333333333334,
            97.3,
            96.81666666666666,
            96.81666666666666,
            96.91666666666667,
            97.43333333333334,
            97.08333333333333
        ],
        "1": [
            34.78333333333333,
            48.56666666666667,
            66.1,
            77.1,
            81.01666666666667,
            80.83333333333333,
            82.91666666666667,
            84.71666666666667,
            84.81666666666666,
            85.41666666666667,
            86.11666666666666,
            87.4,
            87.05,
            88.0,
            88.03333333333333,
            90.83333333333333,
            89.25,
            89.75,
            89.7,
            90.71666666666667,
            90.61666666666666,
            90.91666666666667,
            91.2,
            91.06666666666666,
            91.81666666666666,
            92.26666666666667,
            91.66666666666667,
            94.33333333333333,
            92.65,
            92.86666666666666,
            92.91666666666667,
            93.53333333333333,
            93.71666666666667,
            93.68333333333334,
            94.15,
            94.31666666666666,
            94.06666666666666,
            96.6,
            94.11666666666666,
            94.66666666666667,
            94.91666666666667,
            94.51666666666667,
            95.01666666666667,
            95.23333333333333,
            95.25,
            95.8,
            95.58333333333333,
            96.03333333333333,
            96.31666666666666,
            96.68333333333334,
            98.75,
            96.63333333333334,
            96.81666666666666,
            97.05,
            97.5,
            97.71666666666667,
            97.03333333333333,
            97.55,
            97.78333333333333,
            97.95
        ],
        "2": [
            36.53333333333333,
            50.38333333333333,
            65.73333333333333,
            76.88333333333334,
            79.06666666666666,
            81.63333333333334,
            83.2,
            84.41666666666667,
            85.1,
            85.71666666666667,
            85.86666666666666,
            86.58333333333333,
            87.06666666666666,
            87.35,
            87.76666666666667,
            88.36666666666666,
            88.3,
            89.03333333333333,
            89.11666666666666,
            89.85,
            90.2,
            90.53333333333333,
            90.61666666666666,
            90.88333333333334,
            91.31666666666666,
            91.3,
            91.16666666666667,
            91.61666666666666,
            91.51666666666667,
            92.9,
            92.06666666666666,
            92.46666666666667,
            92.46666666666667,
            92.76666666666667,
            93.03333333333333,
            92.78333333333333,
            93.16666666666667,
            93.31666666666666,
            93.88333333333334,
            93.73333333333333,
            93.85,
            94.01666666666667,
            94.25,
            94.05,
            94.63333333333334,
            94.28333333333333,
            94.76666666666667,
            95.28333333333333,
            95.48333333333333,
            96.2,
            95.41666666666667,
            95.23333333333333,
            95.75,
            96.18333333333334,
            96.53333333333333,
            96.28333333333333,
            96.55,
            96.81666666666666,
            97.01666666666667,
            96.81666666666666
        ],
        "3": [
            32.266666666666666,
            47.38333333333333,
            65.76666666666667,
            77.05,
            79.81666666666666,
            81.56666666666666,
            83.33333333333333,
            84.0,
            85.7,
            85.35,
            86.3,
            87.08333333333333,
            87.35,
            87.88333333333334,
            88.16666666666667,
            88.36666666666666,
            88.81666666666666,
            89.15,
            89.5,
            89.56666666666666,
            90.08333333333333,
            90.06666666666666,
            90.75,
            90.83333333333333,
            91.03333333333333,
            91.48333333333333,
            91.56666666666666,
            91.93333333333334,
            92.08333333333333,
            91.91666666666667,
            92.21666666666667,
            92.26666666666667,
            92.56666666666666,
            92.25,
            92.81666666666666,
            92.83333333333333,
            93.1,
            93.1,
            93.21666666666667,
            93.6,
            94.03333333333333,
            94.38333333333334,
            94.55,
            94.68333333333334,
            94.9,
            94.53333333333333,
            94.98333333333333,
            95.16666666666667,
            95.06666666666666,
            95.1,
            95.08333333333333,
            96.38333333333334,
            95.5,
            96.25,
            96.18333333333334,
            96.2,
            96.18333333333334,
            96.51666666666667,
            97.03333333333333,
            97.13333333333334
        ],