{
    "global_accuracy_history": [
        10.0,
        14.99,
        37.56,
        45.37,
        52.33,
        57.91,
        65.29,
        66.39,
        71.27,
        77.07,
        78.88,
        79.9,
        80.64,
        81.48,
        81.58,
        82.21,
        81.99,
        81.71,
        82.97,
        82.56,
        83.01,
        83.57,
        84.52,
        84.03,
        84.95,
        85.44,
        86.48,
        86.77,
        86.78,
        87.22,
        87.07,
        87.07,
        87.56,
        87.73,
        87.88,
        88.13,
        87.95,
        88.01,
        88.3,
        88.2,
        88.45,
        88.53,
        88.45,
        88.66,
        88.86,
        88.83,
        88.82,
        88.88,
        88.85,
        89.19,
        88.68,
        89.15,
        88.62,
        89.16,
        89.02,
        88.98,
        89.14,
        89.13,
        89.42,
        89.07
    ],
    "local_accuracy_histories": {
        "0": [
            26.9,
            28.516666666666666,
            35.71666666666667,
            43.35,
            50.6,
            57.516666666666666,
            63.266666666666666,
            66.05,
            70.8,
            74.33333333333333,
            77.3,
            78.98333333333333,
            80.2,
            80.8,
            81.58333333333333,
            82.86666666666666,
            83.25,
            83.73333333333333,
            84.38333333333334,
            84.98333333333333,
            86.78333333333333,
            85.65,
            86.5,
            86.1,
            87.0,
            87.1,
            87.61666666666666,
            87.73333333333333,
            87.96666666666667,
            89.55,
            88.73333333333333,
            88.75,
            88.93333333333334,
            89.16666666666667,
            89.46666666666667,
            89.73333333333333,
            89.76666666666667,
            90.11666666666666,
            90.03333333333333,
            91.1,
            90.68333333333334,
            90.53333333333333,
            91.0,
            90.9,
            91.11666666666666,
            91.48333333333333,
            91.45,
            91.11666666666666,
            91.43333333333334,
            91.45,
            91.95,
            92.13333333333334,
            92.65,
            92.4,
            92.7,
            92.23333333333333,
            92.66666666666667,
            92.36666666666666,
            92.15,
            92.9
        ],
        "1": [
            25.316666666666666,
            32.36666666666667,
            33.88333333333333,
            43.13333333333333,
            50.71666666666667,
            58.06666666666667,
            61.93333333333333,
            65.26666666666667,
            70.08333333333333,
            74.51666666666667,
            77.0,
            78.63333333333334,
            79.88333333333334,
            80.93333333333334,
            81.83333333333333,
            82.73333333333333,
            83.11666666666666,
            83.61666666666666,
            84.11666666666666,
            84.65,
            85.26666666666667,
            85.51666666666667,
            86.11666666666666,
            86.26666666666667,
            86.9,
            86.98333333333333,
            87.71666666666667,
            88.35,
            87.98333333333333,
            88.6,
            88.73333333333333,
            89.11666666666666,
            89.25,
            89.43333333333334,
            89.71666666666667,
            90.0,
            90.21666666666667,
            90.28333333333333,
            91.48333333333333,
            90.6,
            92.51666666666667,
            91.11666666666666,
            92.1,
            91.51666666666667,
            91.63333333333334,
            92.38333333333334,
            91.91666666666667,
            92.26666666666667,
            92.23333333333333,
            92.31666666666666,
            93.73333333333333,
            92.71666666666667,
            93.11666666666666,
            93.15,
            93.26666666666667,
            93.35,
            93.73333333333333,
            93.51666666666667,
            93.55,
            93.91666666666667
        ],
        "2": [
            27.383333333333333,
            28.966666666666665,
            35.666666666666664,
            43.06666666666667,
            49.666666666666664,
            55.6,
            61.93333333333333,
            65.95,
            69.8,
            74.73333333333333,
            77.13333333333334,
            78.11666666666666,
            79.23333333333333,
            80.26666666666667,
            81.01666666666667,
            81.96666666666667,
            82.45,
            83.36666666666666,
            83.9,
            84.58333333333333,
            85.1,
            85.35,
            85.83333333333333,
            86.36666666666666,
            86.35,
            86.66666666666667,
            87.41666666666667,
            86.98333333333333,
            87.68333333333334,
            87.43333333333334,
            87.83333333333333,
            88.13333333333334,
            88.36666666666666,
            88.43333333333334,
            88.65,
            88.8,
            89.08333333333333,
            89.15,
            89.25,
            89.5,
            89.8,
            89.96666666666667,
            90.21666666666667,
            90.48333333333333,
            90.25,
            90.66666666666667,
            90.93333333333334,
            91.01666666666667,
            90.86666666666666,
            91.53333333333333,
            91.26666666666667,
            91.81666666666666,
            91.93333333333334,
            92.11666666666666,
            91.6,
            91.53333333333333,
            92.15,
            92.23333333333333,
            92.13333333333334,
            92.2
        ],
        "3": [
            25.866666666666667,
            27.95,
            35.18333333333333,
            42.63333333333333,
            50.68333333333333,
            59.016666666666666,
            61.61666666666667,
            65.48333333333333,
            70.38333333333334,
            74.98333333333333,
            77.43333333333334,
            78.91666666666667,
            80.16666666666667,
            80.8,
            81.9,
            82.48333333333333,
            83.0,
            83.75,
            84.08333333333333,
            84.48333333333333,
            84.9,
            85.53333333333333,
            86.2,
            86.41666666666667,
            86.53333333333333,
            86.9,
            86.98333333333333,
            87.38333333333334,
            87.65,
            87.86666666666666,
            87.9,
            88.48333333333333,
            88.81666666666666,
            88.81666666666666,
            90.86666666666666,
            89.5,
            89.65,
            89.5,
            89.91666666666667,
            90.01666666666667,
            90.56666666666666,
            90.36666666666666,
            90.73333333333333,
            90.31666666666666,
            90.66666666666667,
            90.98333333333333,
            90.83333333333333,
            91.0,
            90.96666666666667,
            91.61666666666666,
            92.0,
            91.81666666666666,
            91.83333333333333,
            92.1,
            92.28333333333333,
            92.33333333333333,
            92.56666666666666,
            92.6,
            92.75,
            92.68333333333334
        ],