{
    "global_accuracy_history": [
        10.0,
        10.0,
        10.0,
        10.0,
        10.0
    ],
    "local_accuracy_histories": {
        "0": [
            13.583333969116211,
            19.916667938232422,
            22.08333396911621,
            24.25,
            29.08333396911621
        ],
        "1": [
            17.416667938232422,
            16.75,
            22.166667938232422,
            24.0,
            26.83333396911621
        ],
        "2": [
            15.416666984558105,
            17.83333396911621,
            25.33333396911621,
            24.58333396911621,
            26.75
        ],
        "3": [
            15.833333969116211,
            18.33333396911621,
            20.916667938232422,
            25.166667938232422,
            26.25
        ],
        "4": [
            16.33333396911621,
            17.33333396911621,
            22.666667938232422,
            24.0,
            25.83333396911621
        ],
        "5": [
            12.916666984558105,
            17.33333396911621,
            25.0,
            24.416667938232422,
            24.666667938232422
        ],
        "6": [
            14.166666984558105,
            19.83333396911621,
            21.83333396911621,
            24.33333396911621,
            26.666667938232422
        ],
        "7": [
            11.75,
            16.916667938232422,
            22.0,
            26.916667938232422,
            27.83333396911621
        ],
        "8": [
            12.416666984558105,
            18.08333396911621,
            19.58333396911621,
            25.666667938232422,
            27.666667938232422
        ],
        "9": [
            12.583333969116211,
            17.166667938232422,
            24.33333396911621,
            26.08333396911621,
            26.75
        ]
    },
    "config": {
        "data_path": "./datasets",
        "split_mode": "iid",
        "batch_select": "random",
        "client_num": 10,
        "subset_frac": 0.2,
        "classes_per_client": 4,
        "lr": 0.01,
        "epochs": 5,
        "local_epochs": 1,
        "bs": 512,
        "gamma": 0,
        "initial_neighbor_rate": 1,
        "participation_rate": 0.6,
        "communication_rounds": [
            1,
            1,
            1,
            1,
            1,
            1,
            1,
            1,
            1,
            1
        ],
        "test_batch_size": 32,
        "s_ratio": 1.0,
        "min_dense_params": 2048,
        "dense_keywords": [
            "bn",
            "running_mean",
            "running_var",
            "num_batches_tracked",
            "conv1",
            "fc."
        ],
        "use_fedbn": false,
        "lr_decay_step": 10,
        "lr_decay_beta": 0.9
    },
    "elapsed_seconds": 108.82130289077759,
    "elapsed_hms": "0:01:48",
    "run_params": {
        "client_num": 10,
        "local_epochs": 1
    }
}